drug,median_score,mean_score,min_score,max_score,std_score,n_signatures,n_cell_lines,frac_negative,moa,target,pval_reversal,fdr_reversal,pval_mimicking,fdr_mimicking
silibinin,-0.20517459511756897,-0.20517459511756897,-0.20517459511756897,-0.20517459511756897,0.0,1,1,1.0,,,0.0268,0.351148717948718,0.9735,1.0
GDC-0980,-0.2025979459285736,-0.20578407347202302,-0.254847913980484,-0.17588531970977783,0.02696740187595149,5,5,1.0,MTOR inhibitor,MTOR,0.0006,0.03406666666666666,0.9994,1.0
lestaurtinib,-0.19522832334041595,-0.18608021984497705,-0.23650449514389038,-0.11864113807678223,0.0414749740281246,6,6,1.0,JAK inhibitor,FLT3,0.0002,0.0219,0.9998,1.0
staurosporine,-0.19358132779598236,-0.19051363319158554,-0.21816909313201904,-0.16273492574691772,0.01974243978508868,8,8,1.0,PKC inhibitor,CDK2,0.0001,0.0219,1.0,1.0
SN-38,-0.19271133840084076,-0.18258029222488403,-0.2138078808784485,-0.14151433110237122,0.025928097008398307,6,6,1.0,Topoisomerase inhibitor,TOP1,0.0003,0.0219,0.9997,1.0
roxithromycin,-0.1906985342502594,-0.1906985342502594,-0.21637657284736633,-0.16502049565315247,0.025678038597106934,2,2,1.0,,,0.0059,0.14600000000000002,0.9941,1.0
ivermectin,-0.1857066974043846,-0.1857066974043846,-0.20576941967010498,-0.16564397513866425,0.020062722265720367,2,2,1.0,,,0.0097,0.18925925925925927,0.9903,1.0
GSK-1059615,-0.18292328715324402,-0.17144040479546502,-0.23809024691581726,-0.0669303834438324,0.042763651169428915,21,21,1.0,,,0.0001,0.0219,1.0,1.0
temsirolimus,-0.17865118384361267,-0.16479395542825973,-0.23161524534225464,-0.08361965417861938,0.04873117872360945,7,7,1.0,MTOR inhibitor,MTOR,0.0009,0.045989999999999996,0.9991,1.0
nutlin-3,-0.17596162110567093,-0.17112766578793526,-0.1994694173336029,-0.10127909481525421,0.03002641384851599,8,8,1.0,MDM inhibitor,MDM2,0.0002,0.0219,0.9998,1.0
topotecan,-0.17453494668006897,-0.1535267432530721,-0.22915315628051758,0.09166598320007324,0.09108197387738039,9,9,0.8888888888888888,Topoisomerase inhibitor,TOP1,0.0003,0.0219,0.9997,1.0
naringenin,-0.1731877326965332,-0.08213771720017705,-0.2313130497932434,0.1811530590057373,0.14728846724084402,7,7,0.7142857142857143,TRPV antagonist,CYP19A1,0.0017,0.07239166666666666,0.9984,1.0
prothionamide,-0.17273128032684326,-0.17273128032684326,-0.17273128032684326,-0.17273128032684326,0.0,1,1,1.0,,,0.0895,0.6299999999999999,0.9109,1.0
camptothecin,-0.17254440486431122,-0.1773974634706974,-0.2423114776611328,-0.08336195349693298,0.05216566976917172,8,8,1.0,Topoisomerase inhibitor,TOP1,0.0005,0.0319375,0.9995,1.0
A-443654,-0.1672249436378479,-0.13616829433224417,-0.21573874354362488,0.081144779920578,0.08264510345229943,11,11,0.9090909090909091,,,0.0003,0.0219,0.9997,1.0
pancuronium,-0.16559624671936035,-0.16559624671936035,-0.16559624671936035,-0.16559624671936035,0.0,1,1,1.0,,,0.111,0.7090125,0.8894,1.0
amsacrine,-0.16542446613311768,-0.14742851044450486,-0.20538932085037231,-0.051966845989227295,0.045759689287307115,7,7,1.0,Topoisomerase inhibitor,TOP2A,0.0038,0.1213625,0.9963,1.0
dactinomycin,-0.16286534070968628,-0.17402138147089216,-0.2554999887943268,-0.12238678336143494,0.037321741366416576,9,9,1.0,RNA polymerase inhibitor,POLR2A,0.0023,0.08395,0.9977,1.0
epirubicin,-0.16258302330970764,-0.16329293449719748,-0.18541723489761353,-0.14379990100860596,0.013837705303407097,6,6,1.0,Topoisomerase inhibitor,TOP2A,0.0045,0.12774999999999997,0.9955,1.0
meropenem,-0.1563808172941208,-0.1563808172941208,-0.15961432456970215,-0.15314731001853943,0.00323350727558136,2,2,1.0,,,0.052,0.5013584905660378,0.948,1.0
lacidipine,-0.15506547689437866,-0.12241780757904053,-0.1849862039089203,0.07018935680389404,0.08765208547139651,6,6,0.8333333333333334,Calcium channel blocker,CACNA1C,0.0099,0.18925925925925927,0.9901,1.0
carbidopa,-0.1546018272638321,-0.1546018272638321,-0.17214280366897583,-0.13706085085868835,0.017540976405143738,2,2,1.0,Aromatic L-amino acid decarboxylase inhibitor,DDC,0.056,0.5202909090909091,0.944,1.0
methotrexate,-0.15391230583190918,-0.06113770604133606,-0.1661704182624817,0.1366696059703827,0.1399603868815893,3,3,0.6666666666666666,Dihydrofolate reductase inhibitor,DHFR,0.0578,0.5274249999999999,0.9424,1.0
withaferin-a,-0.15333181619644165,-0.07442063341538112,-0.21817702054977417,0.14952251315116882,0.13306204643562347,9,9,0.6666666666666666,IKK inhibitor,NAMPT,0.0053,0.1425421052631579,0.9948,1.0
triptolide,-0.153035968542099,-0.16622018388339452,-0.20763349533081055,-0.1308530569076538,0.025556093862678105,7,7,1.0,,,0.0118,0.21534999999999999,0.9882,1.0
OBAA,-0.1510271579027176,-0.10687346011400223,-0.21479558944702148,0.09338536858558655,0.09488384603001548,12,12,0.8333333333333334,Phospholipase inhibitor,PLA2G1B,0.0014,0.06503636363636364,0.9986,1.0
cefixime,-0.14967045187950134,-0.11441761089695825,-0.2314530313014984,0.18667852878570557,0.11370220769114342,9,9,0.8888888888888888,,,0.008,0.17773913043478262,0.9921,1.0
vincamine,-0.14950504899024963,-0.10401414036750793,-0.23934197425842285,0.2033725380897522,0.16128661978287745,5,5,0.8,,,0.0313,0.3901048780487805,0.9687,1.0
verteporfin,-0.1485244780778885,-0.1485244780778885,-0.16179493069648743,-0.13525402545928955,0.013270452618598938,2,2,1.0,,,0.0703,0.5621,0.9297,1.0
tribenoside,-0.14847120642662048,-0.14847120642662048,-0.1749914288520813,-0.12195098400115967,0.026520222425460815,2,2,1.0,,,0.0704,0.5621,0.9296,1.0
isradipine,-0.14787638187408447,-0.09292845640863691,-0.1793096363544464,0.06722143292427063,0.1026026427158469,7,7,0.7142857142857143,Calcium channel blocker,CACNA1C,0.0164,0.2618875,0.9836,1.0
fludarabine,-0.14773638546466827,-0.11563348025083542,-0.216907799243927,0.06836181879043579,0.0889479531298802,12,12,0.8333333333333334,DNA synthesis inhibitor,RRM1,0.0022,0.08395,0.9978,1.0
PIK-75,-0.14666277170181274,-0.13375365402963427,-0.2095341682434082,0.089292973279953,0.08516166050519593,9,9,0.8888888888888888,PI3K inhibitor,PIK3CA,0.01,0.18925925925925927,0.99,1.0
reserpine,-0.14648306369781494,-0.14648306369781494,-0.20130804181098938,-0.0916580855846405,0.05482497811317444,2,2,1.0,Vesicular monoamine transporter inhibitor,SLC18A1,0.0769,0.5778808823529411,0.9231,1.0
doxorubicin,-0.14600589871406555,-0.13752703233198685,-0.21823430061340332,0.0706171989440918,0.07403136745508754,11,11,0.9090909090909091,Topoisomerase inhibitor,TOP2A,0.006,0.14600000000000002,0.994,1.0
olopatadine,-0.14518839120864868,-0.14518839120864868,-0.18842649459838867,-0.10195028781890869,0.04323810338973999,2,2,1.0,Histamine receptor antagonist,HRH1,0.081,0.5998695652173913,0.919,1.0
calpeptin,-0.14413705468177795,-0.07883775681257248,-0.21052506566047668,0.17580097913742065,0.13712100407667516,10,10,0.7,,,0.007,0.1625909090909091,0.993,1.0
idarubicin,-0.14289328455924988,-0.1458141484430858,-0.2088407278060913,-0.04983237385749817,0.047220614243851614,7,7,1.0,Topoisomerase inhibitor,TOP2A,0.0227,0.32363333333333333,0.9774,1.0
naftifine,-0.14165744185447693,-0.14165744185447693,-0.14165744185447693,-0.14165744185447693,0.0,1,1,1.0,,,0.187,0.8578737288135594,0.8135,1.0
HG-6-64-01,-0.14143159985542297,-0.0997114822268486,-0.1832716315984726,0.10345488786697388,0.09917778249904935,10,10,0.8,,,0.0093,0.18925925925925927,0.9907,1.0
prednisone,-0.1408972144126892,-0.08775617554783821,-0.17213644087314606,0.10290616750717163,0.11113421320088261,4,4,0.75,Glucocorticoid receptor agonist,NR3C1,0.0513,0.5013584905660378,0.9487,1.0
demeclocycline,-0.14018145203590393,-0.14018145203590393,-0.20641200244426727,-0.07395090162754059,0.06623055040836334,2,2,1.0,,,0.0972,0.6450545454545454,0.9028,1.0
levobunolol,-0.1399047076702118,-0.07910205920537312,-0.14617928862571716,0.04877781867980957,0.09046100437016577,3,3,0.6666666666666666,Adrenergic receptor antagonist,ADRB1,0.0958,0.6441289473684211,0.9044,1.0
ceramide,-0.13983315229415894,-0.03345872461795807,-0.17106923460960388,0.16206054389476776,0.1405718581480341,7,7,0.5714285714285714,,,0.0268,0.351148717948718,0.9734,1.0
JW-7-24-1,-0.1384255290031433,-0.14593496918678284,-0.18829607963562012,-0.11728918552398682,0.02549817831768224,5,5,1.0,,,0.0556,0.5202909090909091,0.9446,1.0
benzatropine,-0.13767480850219727,-0.13767480850219727,-0.13767480850219727,-0.13767480850219727,0.0,1,1,1.0,Acetylcholine receptor antagonist,CHRM1,0.2021,0.8644768595041322,0.7983,1.0
SB-205607,-0.13743145763874054,-0.11885327287018299,-0.22921520471572876,0.07315409183502197,0.08236416301018656,8,8,0.875,Delta 1 opioid receptor agonist,OPRD1,0.0228,0.32363333333333333,0.9772,1.0
noretynodrel,-0.13714197278022766,-0.11110990426757118,-0.2081170380115509,0.0872698724269867,0.07914890981305985,11,11,0.9090909090909091,Progestogen hormone,PGR,0.014,0.23242258064516128,0.9865,1.0
curcumin,-0.13417330384254456,-0.07072335761040449,-0.18174311518669128,0.2125052511692047,0.12723126810520727,16,16,0.75,Lipoxygenase inhibitor,PTGS1,0.0043,0.12774999999999997,0.9957,1.0
cymarin,-0.13388460874557495,-0.13388460874557495,-0.13388460874557495,-0.13388460874557495,0.0,1,1,1.0,ATPase inhibitor,ATP1A1,0.218,0.8848368421052631,0.7822,1.0
sunitinib,-0.1338329166173935,-0.07289990484714508,-0.21696346998214722,0.12308657169342041,0.13214582955544313,10,10,0.6,KIT inhibitor,FLT1,0.0182,0.2818242424242424,0.9818,1.0
cefepime,-0.13272909820079803,-0.13272909820079803,-0.1742422878742218,-0.09121590852737427,0.04151318967342377,2,2,1.0,,,0.1259,0.7345625000000001,0.8741,1.0
cefazolin,-0.1327163577079773,-0.1327163577079773,-0.14541900157928467,-0.12001371383666992,0.012702643871307373,2,2,1.0,,,0.1259,0.7345625000000001,0.8741,1.0
naltrindole,-0.13261061906814575,-0.09220495571692784,-0.17395439743995667,0.13087058067321777,0.10454616781570535,6,6,0.8333333333333334,Opioid receptor antagonist,OPRD1,0.0497,0.5013584905660378,0.9503,1.0
levcromakalim,-0.1325055956840515,-0.1285283923149109,-0.1680838167667389,-0.08721897006034851,0.02928407633247121,5,5,1.0,Potassium channel activator,KCNJ8,0.0739,0.5721651515151515,0.9262,1.0
wortmannin,-0.132278174161911,-0.12356437628085797,-0.1994916796684265,-0.07409723103046417,0.03677608851061682,13,13,1.0,PI3K inhibitor,PIK3CA,0.0135,0.23242258064516128,0.9867,1.0
penitrem-a,-0.13225114345550537,-0.13225114345550537,-0.13225114345550537,-0.13225114345550537,0.0,1,1,1.0,Potassium channel blocker,KCNMA1,0.2241,0.8848368421052631,0.7763,1.0
nateglinide,-0.13192510604858398,-0.08043770172766276,-0.22292152047157288,0.1331147849559784,0.12654052837724977,7,7,0.7142857142857143,Insulin secretagogue,KCNJ11,0.0508,0.5013584905660378,0.9496,1.0
vicriviroc,-0.13180819153785706,-0.0550961842139562,-0.16447657346725464,0.16009941697120667,0.12789188947111893,6,6,0.6666666666666666,CCK receptor antagonist,CCR5,0.0514,0.5013584905660378,0.9486,1.0
valsartan,-0.13049840927124023,-0.06706080958247185,-0.1934875249862671,0.10974222421646118,0.11123094188466937,8,8,0.625,Angiotensin receptor antagonist,AGTR1,0.0368,0.43732093023255814,0.9632,1.0
mephentermine,-0.1304626166820526,-0.1304626166820526,-0.16476917266845703,-0.0961560606956482,0.03430655598640442,2,2,1.0,,,0.1337,0.7426163043478261,0.8663,1.0
sulmazole,-0.12947890162467957,-0.1076373279094696,-0.20190924406051636,0.07255759835243225,0.0984391856649334,5,5,0.8,,,0.0862,0.6203971830985916,0.9139,1.0
sildenafil,-0.12900888919830322,-0.11950780749320984,-0.2523173987865448,0.12178874015808105,0.09884816601783407,10,10,0.9,Phosphodiesterase inhibitor,PDE5A,0.0255,0.351148717948718,0.9745,1.0
daunorubicin,-0.12766888737678528,-0.11277300463272975,-0.2457294762134552,0.0670512318611145,0.08572414602296435,13,13,0.8461538461538461,RNA synthesis inhibitor,TOP2A,0.0199,0.29908529411764706,0.9802,1.0
ezetimibe,-0.1271551549434662,-0.06889420162354197,-0.1984196901321411,0.09098052978515625,0.1246197201124862,7,7,0.5714285714285714,Cholesterol inhibitor,NPC1L1,0.0617,0.543598275862069,0.9385,1.0
AT-CSC-07,-0.12665653228759766,-0.08321504853665829,-0.17319893836975098,0.09904760122299194,0.09905063155888631,8,8,0.75,,,0.0468,0.5013584905660378,0.9532,1.0
sirolimus,-0.1264616847038269,-0.12480517002669247,-0.23305627703666687,0.09984445571899414,0.06480674098862395,22,22,0.9545454545454546,MTOR inhibitor,FKBP1A,0.0034,0.11582666666666666,0.9966,1.0
fluocinolone-acetonide,-0.1260799765586853,-0.10244516602584294,-0.20536066591739655,0.13274896144866943,0.10293856295813987,7,7,0.8571428571428571,Corticosteroid agonist,NR3C1,0.0663,0.5464403225806451,0.9337,1.0
fluocinonide,-0.12498332560062408,-0.12498332560062408,-0.14561942219734192,-0.10434722900390625,0.020636096596717834,2,2,1.0,,,0.1542,0.8021151515151516,0.8458,1.0
geldanamycin,-0.1247614324092865,-0.08958578651601617,-0.181520476937294,0.10799580812454224,0.09178111428186693,11,11,0.8181818181818182,HSP inhibitor,HSP90AA1,0.036,0.43732093023255814,0.9641,1.0
NNC-63-0532,-0.12468509376049042,-0.12468509376049042,-0.13537651300430298,-0.11399367451667786,0.010691419243812561,2,2,1.0,Opioid receptor agonist,OPRL1,0.1554,0.8021151515151516,0.8446,1.0
cyclosporin-a,-0.12444968521595001,-0.09315783996134996,-0.21146665513515472,0.1654212772846222,0.11226781199163066,16,16,0.8125,Calcineurin inhibitor,PPIA,0.0141,0.23242258064516128,0.9859,1.0
bortezomib,-0.12310968339443207,-0.10272924602031708,-0.21315419673919678,0.1269785761833191,0.09891817913743312,12,12,0.8333333333333334,Proteasome inhibitor,PSMB1,0.0292,0.37303000000000003,0.9708,1.0
ursolic-acid,-0.12194305658340454,-0.09925891671861921,-0.16883134841918945,0.07162398099899292,0.07260402816473785,7,7,0.8571428571428571,STAT inhibitor,HSD11B1,0.0838,0.6117400000000001,0.917,1.0
alfaxalone,-0.12187464535236359,-0.12187464535236359,-0.12187464535236359,-0.12187464535236359,0.0,1,1,1.0,GABA receptor agonist,GABBR1,0.2641,0.9201452702702703,0.7361,1.0
thapsigargin,-0.12179036438465118,-0.10375410815080006,-0.19012516736984253,0.10342472791671753,0.0812387332979744,9,9,0.8888888888888888,ATPase inhibitor,ATP2A1,0.0628,0.5439118644067795,0.9373,1.0
triamcinolone,-0.12169972062110901,-0.07884471863508224,-0.20142894983291626,0.10588201880455017,0.11313858405342832,8,8,0.75,Glucocorticoid receptor agonist,NR3C1,0.0657,0.5464403225806451,0.9343,1.0
salsolinol,-0.12136566638946533,-0.12136566638946533,-0.12136566638946533,-0.12136566638946533,0.0,1,1,1.0,,,0.2661,0.9201452702702703,0.7342,1.0
tubaic-acid,-0.12131559103727341,-0.1446702815592289,-0.22664174437522888,-0.10940819978713989,0.04802579594460227,4,4,1.0,,,0.1207,0.72562,0.8793,1.0
NVP-AUY922,-0.12047499418258667,-0.06499360650777816,-0.191683828830719,0.12349379062652588,0.10878137485298457,10,10,0.7,HSP inhibitor,HSP90AA1,0.0505,0.5013584905660378,0.9495,1.0
QL-X-138,-0.12039310485124588,-0.07850586374600728,-0.1751154661178589,0.14371874928474426,0.10525885552632157,6,6,0.8333333333333334,,,0.0943,0.6424973333333334,0.9057,1.0
progesterone,-0.11967182159423828,-0.09016035000483195,-0.15520381927490234,0.15837210416793823,0.08988819163657774,9,9,0.8888888888888888,Progesterone receptor agonist,CYP17A1,0.0722,0.5676030769230769,0.928,1.0
flunisolide,-0.11838428676128387,-0.11618405890961488,-0.19002971053123474,-0.07931569963693619,0.033097839561154904,12,12,1.0,Cytochrome P450 inhibitor,NR3C1,0.0447,0.5013584905660378,0.9553,1.0
ascorbic-acid,-0.1180223822593689,-0.056210845708847046,-0.22128808498382568,0.17067793011665344,0.16588115984340443,3,3,0.6666666666666666,Antioxidant,SLC23A1,0.1938,0.8578737288135594,0.8068,1.0
biotin,-0.11793097853660583,-0.11793097853660583,-0.13654553890228271,-0.09931641817092896,0.01861456036567688,2,2,1.0,,,0.1798,0.8578737288135594,0.8202,1.0
clobetasol,-0.11763116717338562,-0.06886863234368237,-0.2140432596206665,0.18970367312431335,0.12681089304619172,11,11,0.7272727272727273,Glucocorticoid receptor agonist,NR3C1,0.0642,0.5464403225806451,0.9359,1.0
cyproterone,-0.11756196618080139,-0.11756196618080139,-0.14040571451187134,-0.09471821784973145,0.022843748331069946,2,2,1.0,Androgen receptor antagonist,AR,0.1811,0.8578737288135594,0.8189,1.0
paclitaxel,-0.11701642721891403,-0.053263504058122635,-0.18265452980995178,0.17939233779907227,0.13443818095293644,12,12,0.6666666666666666,Tubulin inhibitor,TUBB,0.0481,0.5013584905660378,0.9519,1.0
nifedipine,-0.11672934889793396,-0.09332856961659022,-0.1674555540084839,0.08219930529594421,0.08120355052574904,7,7,0.8571428571428571,Calcium channel blocker,CACNA1C,0.1159,0.7141686746987952,0.8845,1.0
altrenogest,-0.11644463241100311,-0.09497217833995819,-0.19236618280410767,0.08879357576370239,0.09094567606055506,6,6,0.8333333333333334,Progestogen hormone,PGR,0.1159,0.7141686746987952,0.8841,1.0
dihydrexidine,-0.11618061363697052,-0.10146737284958363,-0.18591028451919556,0.08381366729736328,0.08020851184355268,8,8,0.875,Dopamine receptor agonist,DRD1,0.09,0.6299999999999999,0.91,1.0
streptozotocin,-0.11524856090545654,-0.11524856090545654,-0.14628583192825317,-0.08421128988265991,0.03103727102279663,2,2,1.0,,,0.1911,0.8578737288135594,0.8089,1.0
rutin,-0.11504340171813965,-0.07428527107605568,-0.18147435784339905,0.13107255101203918,0.10990577610662008,13,13,0.7692307692307693,Antioxidant,AKR1C3,0.0598,0.536101754385965,0.9407,1.0
WHI-P154,-0.11493048071861267,-0.11493048071861267,-0.15938055515289307,-0.07048040628433228,0.044450074434280396,2,2,1.0,JAK inhibitor,EGFR,0.192,0.8578737288135594,0.808,1.0
deforolimus,-0.11443579196929932,-0.08982262512048085,-0.20363178849220276,0.1086956262588501,0.09725223701712919,6,6,0.8333333333333334,MTOR inhibitor,MTOR,0.1265,0.7345625000000001,0.8735,1.0
methylprednisolone,-0.11346721649169922,-0.04152564207712809,-0.15894150733947754,0.16440972685813904,0.122272042380249,6,6,0.6666666666666666,Glucocorticoid receptor agonist,NR3C1,0.1322,0.7426163043478261,0.8678,1.0
oxiconazole,-0.11312443017959595,-0.08614416420459747,-0.16506028175354004,0.04673248529434204,0.07986164228441846,4,4,0.75,,,0.1655,0.837331683168317,0.8345,1.0
levonorgestrel,-0.11308547109365463,-0.0658867774265153,-0.16370195150375366,0.10337060689926147,0.10796496754598489,7,7,0.7142857142857143,Estrogen receptor agonist,PGR,0.1325,0.7426163043478261,0.8683,1.0
tanespimycin,-0.11173513531684875,-0.10779936454798046,-0.24780985713005066,0.09445101022720337,0.09617617378974616,19,19,0.8421052631578947,HSP inhibitor,HSP90AA1,0.0432,0.5013584905660378,0.9569,1.0
rimcazole,-0.11116732656955719,-0.11838188270727794,-0.21195334196090698,0.04681038856506348,0.07384288896195666,9,9,0.8888888888888888,Sigma receptor antagonist,SIGMAR1,0.1184,0.7202666666666667,0.8819,1.0
enalapril,-0.11058200150728226,-0.04983758607081005,-0.14830100536346436,0.14694267511367798,0.1121787019630991,7,7,0.7142857142857143,Angiotensin converting enzyme inhibitor,ACE,0.1464,0.7874778947368422,0.8541,1.0
picrotoxin,-0.11045634746551514,-0.0794614925980568,-0.2005923092365265,0.19284969568252563,0.13032312250131736,6,6,0.8333333333333334,GABA receptor antagonist,GABRA1,0.1507,0.7938938144329897,0.8493,1.0
atracurium,-0.10951796174049377,-0.057362183928489685,-0.1606370359659195,0.1583530306816101,0.1126494459264318,5,5,0.8,,,0.1981,0.8578737288135594,0.8025,1.0
ouabain,-0.10925790667533875,-0.07554959186485835,-0.17247360944747925,0.18315869569778442,0.10203248421575775,14,14,0.7857142857142857,ATPase inhibitor,ATP1A1,0.0761,0.5778808823529411,0.924,1.0
cilastatin,-0.10886582732200623,-0.01618257164955139,-0.20447953045368195,0.18575280904769897,0.15503285988864263,7,7,0.5714285714285714,Dehydropeptidase inhibitor,DPEP1,0.1584,0.809424,0.842,1.0
aloisine,-0.10845866426825523,-0.08712710440158844,-0.1815013885498047,0.07803533971309662,0.08319541685521926,12,12,0.8333333333333334,CDK inhibitor,CDK2,0.0923,0.6373689189189189,0.9077,1.0
tozasertib,-0.10789960622787476,-0.06542797535657882,-0.17765551805496216,0.10452371835708618,0.09539677338289371,10,10,0.7,JAK inhibitor,FLT3,0.116,0.7141686746987952,0.884,1.0
oxantel,-0.1072586178779602,-0.1072586178779602,-0.11937755346298218,-0.09513968229293823,0.012118935585021973,2,2,1.0,,,0.2239,0.8848368421052631,0.7761,1.0
niguldipine,-0.10718148946762085,-0.06240377823511759,-0.14169883728027344,0.05736666917800903,0.08259307123566477,9,9,0.6666666666666666,Calcium channel blocker,ADRA1A,0.141,0.7670436170212767,0.8595,1.0
OSI-027,-0.10661288350820541,-0.10045004760225613,-0.23419666290283203,0.11248582601547241,0.10125719655209973,12,12,0.8333333333333334,MTOR inhibitor,MTOR,0.102,0.6682307692307692,0.898,1.0
sulpiride,-0.1063496470451355,-0.0867093563079834,-0.18436270952224731,0.08957451581954956,0.09362100295348594,5,5,0.8,Dopamine receptor antagonist,DRD2,0.2165,0.8848368421052631,0.7843,1.0
amantadine,-0.10624070465564728,-0.10624070465564728,-0.13020256161689758,-0.08227884769439697,0.023961856961250305,2,2,1.0,,,0.2276,0.8848368421052631,0.7724,1.0
benazepril,-0.10610315203666687,-0.011424435036523002,-0.13309729099273682,0.1853393018245697,0.13067192926009102,7,7,0.5714285714285714,Angiotensin converting enzyme inhibitor,ACE,0.1729,0.8577854368932039,0.8272,1.0
nisoldipine,-0.1057993471622467,-0.11068964004516602,-0.14656737446784973,-0.07970219850540161,0.027515742917862324,3,3,1.0,Calcium channel blocker,CACNA1C,0.2611,0.9201452702702703,0.7394,1.0
HG-5-113-01,-0.10561959445476532,-0.08548397819201152,-0.24250394105911255,0.16846072673797607,0.12529652306140943,6,6,0.8333333333333334,,,0.1825,0.8578737288135594,0.8175,1.0
CGS-21680,-0.10450705140829086,-0.10450705140829086,-0.1318408101797104,-0.07717329263687134,0.027333758771419525,2,2,1.0,Adenosine receptor agonist,ADORA1,0.2355,0.8980634328358208,0.7645,1.0
XMD-16144,-0.10433924198150635,-0.09901643693447112,-0.1383666843175888,-0.056741535663604736,0.026471905245163168,5,5,1.0,,,0.229,0.8848368421052631,0.7714,1.0
rottlerin,-0.1033531129360199,-0.0947545851979937,-0.15273219347000122,0.08437985181808472,0.05818574804758298,14,14,0.9285714285714286,,,0.1102,0.7090125,0.8898,1.0
etomidate,-0.10334831476211548,-0.049743975911821635,-0.12893015146255493,0.1190069317817688,0.09726059992229005,7,7,0.7142857142857143,GABA receptor modulator,GABRA1,0.1913,0.8578737288135594,0.8096,1.0
hydrocortisone,-0.10331099480390549,-0.07250492833554745,-0.16849258542060852,0.15692636370658875,0.09172708220213649,8,8,0.875,Glucocorticoid receptor agonist,NR3C1,0.1711,0.8571774509803922,0.8289,1.0
emetine,-0.10317341238260269,-0.1043961837887764,-0.1824159324169159,-0.055777668952941895,0.03429347491858843,10,10,1.0,Protein synthesis inhibitor,RPS2,0.1493,0.7938938144329897,0.8507,1.0
mitomycin-c,-0.1026684045791626,-0.0687615970770518,-0.16779911518096924,0.06588858366012573,0.09399420785811057,6,6,0.6666666666666666,,,0.2047,0.8644768595041322,0.7953,1.0
antimycin-a,-0.10259922221302986,-0.05888079044719537,-0.19098401069641113,0.1328619122505188,0.11169775911578618,12,12,0.6666666666666666,ATP synthase inhibitor,CYCS,0.1304,0.7426163043478261,0.8696,1.0
CD-1530,-0.10242904722690582,-0.10363093515237172,-0.13711652159690857,-0.07134723663330078,0.026863644727836134,3,3,1.0,Retinoid receptor agonist,RARG,0.2816,0.9308155688622755,0.7188,1.0
mestranol,-0.10093554854393005,-0.06856836263950054,-0.18148231506347656,0.11908650398254395,0.10556949676504929,13,13,0.7692307692307693,Estrogen receptor agonist,ESR1,0.1411,0.7670436170212767,0.8595,1.0
fluvastatin,-0.09973552823066711,-0.09973552823066711,-0.12420636415481567,-0.07526469230651855,0.02447083592414856,2,2,1.0,HMGCR inhibitor,HMGCR,0.2535,0.9187127659574468,0.7465,1.0
oligomycin-a,-0.09947863221168518,-0.06838763960533673,-0.18584507703781128,0.10240359604358673,0.08600380945713695,9,9,0.7777777777777778,ATPase inhibitor,ATP5F1A,0.1914,0.8578737288135594,0.8095,1.0
CO-102862,-0.09920509159564972,-0.04998374481995901,-0.13444605469703674,0.07425308227539062,0.08517352954322405,6,6,0.6666666666666666,,,0.2303,0.8848368421052631,0.7697,1.0
calmidazolium,-0.0985943078994751,-0.054082916842566595,-0.18663397431373596,0.14636534452438354,0.1103054755075144,9,9,0.6666666666666666,Calmodulin antagonist,ATP2B1,0.1978,0.8578737288135594,0.8024,1.0
BMS-509744,-0.09821338951587677,-0.09821338951587677,-0.12448784708976746,-0.07193893194198608,0.026274457573890686,2,2,1.0,,,0.2582,0.9201452702702703,0.7418,1.0
nizatidine,-0.09774815291166306,-0.08069849833846092,-0.20089609920978546,0.07827073335647583,0.08240970571337865,10,10,0.8,Histamine receptor antagonist,HRH2,0.1893,0.8578737288135594,0.8107,1.0
targinine,-0.09718670696020126,-0.02677183598279953,-0.11057883501052856,0.11539492011070251,0.09394107252251703,5,5,0.6,,,0.2746,0.9308155688622755,0.7255,1.0
homatropine,-0.09685748815536499,-0.08114480546542577,-0.1558718979358673,0.06878012418746948,0.06759792086463655,7,7,0.8571428571428571,Acetylcholine receptor antagonist,CHRM1,0.2382,0.901631111111111,0.7621,1.0
megestrol-acetate,-0.0968208983540535,-0.06088046357035637,-0.1346496343612671,0.08476957678794861,0.08611640745850101,4,4,0.75,DNA inhibitor,PGR,0.2655,0.9201452702702703,0.7345,1.0
GW-5074,-0.096666619181633,-0.04155275225639343,-0.19492533802986145,0.17372852563858032,0.1365527631744078,8,8,0.625,RAF inhibitor,RAF1,0.2238,0.8848368421052631,0.7762,1.0
brefeldin-a,-0.09630715847015381,-0.04352902417833155,-0.1774042546749115,0.12603062391281128,0.1079579970992639,11,11,0.6363636363636364,,,0.1967,0.8578737288135594,0.8038,1.0
argatroban,-0.09628251194953918,-0.036922710637251534,-0.16027916967868805,0.16286849975585938,0.1238851459929183,6,6,0.6666666666666666,Thrombin inhibitor,F2,0.252,0.9187127659574468,0.748,1.0
lovastatin,-0.09612424671649933,-0.04747911459869809,-0.1340770423412323,0.09703880548477173,0.09158153481735973,9,9,0.6666666666666666,HMGCR inhibitor,HMGCR,0.2165,0.8848368421052631,0.7842,1.0
eplerenone,-0.09607493877410889,-0.026489999890327454,-0.1922421157360077,0.14875750243663788,0.13997847191814866,5,5,0.6,Cytochrome P450 inhibitor,NR3C2,0.287,0.9308155688622755,0.7132,1.0
azacitidine,-0.09524945914745331,-0.07923167757689953,-0.24605077505111694,0.0896158218383789,0.10105824635750983,12,12,0.75,DNA methyltransferase inhibitor,DNMT1,0.1938,0.8578737288135594,0.8062,1.0
biperiden,-0.09445101022720337,-0.041858513767902665,-0.22883188724517822,0.18884161114692688,0.13694656594128646,13,13,0.6153846153846154,Acetylcholine receptor antagonist,CHRM1,0.1928,0.8578737288135594,0.8075,1.0
rilmenidine,-0.09427209198474884,-0.0836388736963272,-0.18421003222465515,0.07134562730789185,0.08078889521966565,10,10,0.8,Adrenergic receptor agonist,NISCH,0.2196,0.8848368421052631,0.7804,1.0
AG-490,-0.09414564818143845,-0.06006452254951,-0.17084653675556183,0.08388209342956543,0.0851522763522162,12,12,0.75,JAK inhibitor,JAK2,0.2041,0.8644768595041322,0.7959,1.0
securinine,-0.09348076581954956,-0.09348076581954956,-0.09348076581954956,-0.09348076581954956,0.0,1,1,1.0,TP53 activator,GABRA1,0.3876,0.9885612903225807,0.6125,0.9962893081761006
fluticasone,-0.09310305491089821,-0.10291573703289032,-0.21250206232070923,-0.05474545806646347,0.048324018898159085,10,10,1.0,Glucocorticoid receptor agonist,NR3C1,0.2297,0.8848368421052631,0.7703,1.0
piperacillin,-0.0930609181523323,-0.0930609181523323,-0.10618424415588379,-0.07993759214878082,0.013123326003551483,2,2,1.0,,,0.2768,0.9308155688622755,0.7232,1.0
digitoxin,-0.09279689192771912,-0.09279689192771912,-0.09279689192771912,-0.09279689192771912,0.0,1,1,1.0,ATPase inhibitor,ATP1A1,0.3914,0.9885612903225807,0.6089,0.9962893081761006
genistein,-0.09220680594444275,-0.05809942429715937,-0.2158469259738922,0.147200345993042,0.11998220131717993,11,11,0.7272727272727273,Tyrosine kinase inhibitor,CFTR,0.2453,0.9084035971223021,0.7555,1.0
celastrol,-0.09217499941587448,-0.0482126921415329,-0.16645991802215576,0.11756753921508789,0.11071477588228341,6,6,0.6666666666666666,,,0.2833,0.9308155688622755,0.7167,1.0
thiostrepton,-0.0921408087015152,-0.0921408087015152,-0.09310704469680786,-0.09117457270622253,0.0009662359952926636,2,2,1.0,FOXM1 inhibitor,FOXM1,0.28,0.9308155688622755,0.72,1.0
WZ-4-145,-0.09210501611232758,-0.05997709252617576,-0.23796144127845764,0.15449923276901245,0.110570915208163,11,11,0.7272727272727273,,,0.2467,0.9084035971223021,0.7541,1.0
vinpocetine,-0.09205332398414612,-0.046871488293011986,-0.20786413550376892,0.16671916842460632,0.11896679023493126,12,12,0.75,Sodium channel blocker,PDE1A,0.227,0.8848368421052631,0.773,1.0
fluphenazine,-0.09182825684547424,-0.06759185012843874,-0.170948326587677,0.09788334369659424,0.09209749359312683,9,9,0.7777777777777778,Dopamine receptor antagonist,DRD1,0.2649,0.9201452702702703,0.7358,1.0
granisetron,-0.09172488749027252,-0.06797587995727856,-0.12459442019462585,0.09268075227737427,0.0740917245927335,6,6,0.8333333333333334,Serotonin receptor antagonist,HTR3A,0.2866,0.9308155688622755,0.7134,1.0
brucine,-0.09060198068618774,-0.046899459191731045,-0.14991697669029236,0.17192965745925903,0.10545439982205694,7,7,0.7142857142857143,,,0.2951,0.9308155688622755,0.7055,1.0
cortisone-acetate,-0.09049862623214722,-0.04800305515527725,-0.17685231566429138,0.15512746572494507,0.11270607264073207,7,7,0.7142857142857143,Glucocorticoid receptor agonist,NR3C1,0.2983,0.9308155688622755,0.7027,1.0
potassium-canrenoate,-0.09016142040491104,-0.056761963913838066,-0.16787707805633545,0.13466235995292664,0.10772239203374745,12,12,0.75,Mineralocorticoid receptor antagonist,NR3C2,0.2471,0.9084035971223021,0.7529,1.0
manumycin-a,-0.08975981175899506,-0.0684420501015016,-0.17939236760139465,0.1320427656173706,0.0943901362695124,14,14,0.7857142857142857,NFKB pathway inhibitor,FNTA,0.2409,0.9051463235294118,0.7591,1.0
spironolactone,-0.08959677815437317,-0.061127737164497375,-0.18259721994400024,0.11119592189788818,0.10248064949208377,7,7,0.7142857142857143,Mineralocorticoid receptor antagonist,NR3C2,0.3035,0.9308155688622755,0.6974,1.0
QL-XII-47,-0.08946794643998146,-0.057487489034732185,-0.12854522466659546,0.13974407315254211,0.08974544265217518,6,6,0.8333333333333334,,,0.3039,0.9308155688622755,0.6961,1.0
sertraline,-0.08941066265106201,-0.06446322053670883,-0.16204464435577393,0.1465434730052948,0.09845217431465489,6,6,0.8333333333333334,Serotonin receptor antagonist,SLC6A4,0.3042,0.9308155688622755,0.6958,1.0
EPZ-5676,-0.08879516273736954,-0.03046840677658717,-0.14073973894119263,0.13812968134880066,0.12108824946817569,3,3,0.6666666666666666,DOT1L inhibitor,DOT1L,0.3706,0.9863364583333333,0.63,1.0
pterostilbene,-0.0886981189250946,-0.0913834497332573,-0.1308276653289795,-0.062292441725730896,0.027203743277247797,6,6,1.0,PPAR receptor agonist,PTGS2,0.3106,0.9353521739130434,0.6894,1.0
artesunate,-0.0879712700843811,-0.021458751388958523,-0.13883429765701294,0.1522279679775238,0.11334063664179155,7,7,0.5714285714285714,,,0.3158,0.9353521739130434,0.6848,1.0
doxycycline,-0.08782892674207687,-0.02676065017779668,-0.11269736289978027,0.15511637926101685,0.10389635859590407,6,6,0.6666666666666666,Metalloproteinase inhibitor,MMP8,0.3174,0.9353521739130434,0.6826,1.0
apicidin,-0.0877159982919693,-0.0877159982919693,-0.09164535999298096,-0.08378663659095764,0.003929361701011658,2,2,1.0,HDAC inhibitor,HDAC6,0.2934,0.9308155688622755,0.7066,1.0
OMDM-2,-0.0876317173242569,-0.0876317173242569,-0.09667935967445374,-0.07858407497406006,0.009047642350196838,2,2,1.0,,,0.2937,0.9308155688622755,0.7063,1.0
budesonide,-0.08747822046279907,-0.05070255696773529,-0.1314367949962616,0.13597768545150757,0.09101002565566209,9,9,0.7777777777777778,Glucocorticoid receptor agonist,NR3C1,0.3018,0.9308155688622755,0.6991,1.0
saracatinib,-0.08746311068534851,-0.07021218165755272,-0.21175770461559296,0.19733011722564697,0.12009773609923094,14,14,0.7142857142857143,Src inhibitor,ABL1,0.2665,0.9201452702702703,0.7335,1.0
sulbactam,-0.08734144270420074,-0.08734144270420074,-0.08734144270420074,-0.08734144270420074,0.0,1,1,1.0,,,0.4144,0.9885612903225807,0.5859,0.9817901639344261
vecuronium,-0.08721816539764404,-0.04701139219105244,-0.12821918725967407,0.13573911786079407,0.09918524981172154,8,8,0.75,Acetylcholine receptor antagonist,CHRNA2,0.3168,0.9353521739130434,0.6832,1.0
digitoxigenin,-0.0870368555188179,-0.0870368555188179,-0.10705903172492981,-0.067014679312706,0.020022176206111908,2,2,1.0,,,0.2956,0.9308155688622755,0.7044,1.0
GW-441756,-0.08654777705669403,-0.0491398349404335,-0.20983001589775085,0.11894649267196655,0.10121940396395308,12,12,0.6666666666666666,Growth factor receptor inhibitor,NTRK1,0.2912,0.9308155688622755,0.7088,1.0
amiprilose,-0.08626465499401093,-0.08626465499401093,-0.08626465499401093,-0.08626465499401093,0.0,1,1,1.0,,,0.4178,0.9885612903225807,0.5823,0.9817901639344261
cisapride,-0.08581054955720901,-0.06376544572412968,-0.1180080771446228,0.07269597053527832,0.054993559855761154,8,8,0.875,Serotonin receptor agonist,HTR4,0.33,0.9353521739130434,0.67,1.0
niacin,-0.08562209084630013,-0.033672232180833817,-0.12291008234024048,0.11354988813400269,0.09040584442885911,6,6,0.6666666666666666,Vitamin B,HCAR2,0.3351,0.9353521739130434,0.6649,1.0
tramadol,-0.08537554740905762,-0.058609336614608765,-0.20698615908622742,0.13059860467910767,0.13155900212216695,9,9,0.6666666666666666,Opioid receptor agonist,OPRM1,0.3264,0.9353521739130434,0.674,1.0
nimodipine,-0.08518548309803009,-0.02415274828672409,-0.14171314239501953,0.13162922859191895,0.1056537013030582,8,8,0.625,Calcium channel blocker,NR3C2,0.3368,0.9353521739130434,0.6632,1.0
everolimus,-0.08517670631408691,-0.058974634607632956,-0.1528339684009552,0.1722366213798523,0.09352322139131573,15,15,0.8,MTOR inhibitor,MTOR,0.2894,0.9308155688622755,0.7116,1.0
guanadrel,-0.08507415652275085,-0.08507415652275085,-0.1091107726097107,-0.061037540435791016,0.02403661608695984,2,2,1.0,Adrenergic inhibitor,SLC6A2,0.2996,0.9308155688622755,0.7004,1.0
cinnarizine,-0.08493658900260925,-0.05784695347150167,-0.21730223298072815,0.1286979615688324,0.14254688099473245,3,3,0.6666666666666666,Calcium channel blocker,HRH1,0.3951,0.9885612903225807,0.6057,0.9962893081761006
tamoxifen,-0.08420971035957336,-0.046521417796611786,-0.20283019542694092,0.11148059368133545,0.0970635464854744,13,13,0.6923076923076923,Estrogen receptor antagonist,ESR1,0.3146,0.9353521739130434,0.686,1.0
U-0126,-0.08379620313644409,-0.05176288577226492,-0.1262851357460022,0.11673885583877563,0.086783227900571,13,13,0.7692307692307693,MEK inhibitor,MAP2K1,0.3216,0.9353521739130434,0.6788,1.0
austricine,-0.08368883281946182,-0.09244776889681816,-0.1296236217021942,-0.07278978824615479,0.022317757802286776,4,4,1.0,,,0.3503,0.9572368983957219,0.6497,1.0
vinblastine,-0.08321881294250488,-0.013418183876917912,-0.1563267558813095,0.14113891124725342,0.11188494065856144,13,13,0.5384615384615384,Tubulin inhibitor,TUBB,0.333,0.9353521739130434,0.6675,1.0
ipratropium,-0.0818827748298645,-0.05161780450079176,-0.15443721413612366,0.13087058067321777,0.09233994265194952,9,9,0.7777777777777778,Acetylcholine receptor antagonist,CHRM1,0.3667,0.9810664921465969,0.6338,1.0
AZD-7762,-0.08184301853179932,-0.05483444701684149,-0.2341998815536499,0.10325607657432556,0.10790245934650043,19,19,0.631578947368421,CHK inhibitor,CHEK1,0.3254,0.9353521739130434,0.6759,1.0
labetalol,-0.08179530501365662,-0.06395020495568003,-0.1620398461818695,0.16600343585014343,0.10121715193518788,7,7,0.8571428571428571,Adrenergic receptor antagonist,ADRA1D,0.3849,0.9885612903225807,0.6156,0.9962893081761006
QL-XI-92,-0.08100324869155884,-0.02180170433388816,-0.18064731359481812,0.22566035389900208,0.1344229900000322,9,9,0.5555555555555556,,,0.3738,0.9885612903225807,0.6272,1.0
cytarabine,-0.08052052557468414,-0.06049139238893986,-0.1759679913520813,0.061373114585876465,0.07554514502137935,8,8,0.75,Ribonucleotide reductase inhibitor,POLA1,0.3822,0.9885612903225807,0.6178,0.9962893081761006
floxuridine,-0.07987874746322632,-0.03327074460685253,-0.1382044404745102,0.10030573606491089,0.09895126630001268,8,8,0.625,,,0.3888,0.9885612903225807,0.6112,0.9962893081761006
varenicline,-0.07975149154663086,-0.037237090369065605,-0.12659847736358643,0.0895681381225586,0.08443749296605878,6,6,0.6666666666666666,Acetylcholine receptor agonist,CHRNA4,0.3801,0.9885612903225807,0.6199,0.9962893081761006
apigenin,-0.07949382066726685,-0.03811652270647196,-0.20645815134048462,0.13137954473495483,0.10265470218221355,13,13,0.6153846153846154,,,0.3811,0.9885612903225807,0.62,0.9962893081761006
equilin,-0.07927672937512398,-0.021674249321222305,-0.17273765802383423,0.1561231017112732,0.11225447436775865,10,10,0.6,Estrogen receptor agonist,HSD17B1,0.3838,0.9885612903225807,0.6162,0.9962893081761006
flumetasone,-0.07855306565761566,-0.022967807948589325,-0.11009526252746582,0.0932995080947876,0.08442185665902376,10,10,0.6,Glucocorticoid receptor agonist,NR3C1,0.3912,0.9885612903225807,0.6088,0.9962893081761006
ritonavir,-0.07850295305252075,-0.04287727815764291,-0.15184149146080017,0.08937093615531921,0.0808812855075981,7,7,0.7142857142857143,HIV protease inhibitor,CYP1A2,0.4198,0.9885612903225807,0.5807,0.9817901639344261
thioperamide,-0.07844409346580505,-0.027392539111050693,-0.20084360241889954,0.13215726613998413,0.1272725645780837,11,11,0.5454545454545454,Histamine receptor antagonist,HRH3,0.4032,0.9885612903225807,0.5974,0.994369381107492
milnacipran,-0.0779152512550354,-0.03137869636217753,-0.14081287384033203,0.13254380226135254,0.10684693163180943,6,6,0.6666666666666666,Serotonin reuptake inhibitor,SLC6A2,0.3949,0.9885612903225807,0.6051,0.9962893081761006
clofarabine,-0.07789856195449829,-0.025461293756961823,-0.13526995480060577,0.09432852268218994,0.09292643793008415,9,9,0.5555555555555556,Ribonucleoside reductase inhibitor,POLA1,0.4169,0.9885612903225807,0.5837,0.9817901639344261
benzamil,-0.07752558588981628,-0.020355984568595886,-0.1736028790473938,0.19270813465118408,0.1315677514946669,8,8,0.625,Sodium channel blocker,SCNN1A,0.4115,0.9885612903225807,0.5885,0.9827565359477124
estriol,-0.07747387886047363,-0.03514667657705454,-0.20945623517036438,0.17676162719726562,0.11714922943238382,13,13,0.6153846153846154,Estrogen receptor agonist,ESR1,0.4177,0.9885612903225807,0.5832,0.9817901639344261
WH-4023,-0.07734188437461853,-0.07734188437461853,-0.07734188437461853,-0.07734188437461853,0.0,1,1,1.0,,,0.4688,0.9989549019607843,0.5312,0.978620143884892
medrysone,-0.07674223184585571,-0.022508366541429,-0.17658191919326782,0.1900360882282257,0.12888657656252742,11,11,0.6363636363636364,Glucocorticoid receptor agonist,NR3C1,0.4384,0.9956551111111112,0.5623,0.9817901639344261
EX-527,-0.07622453942894936,-0.024480384464065235,-0.20726293325424194,0.20789438486099243,0.12671947636083888,12,12,0.6666666666666666,SIRT inhibitor,SIRT1,0.4272,0.9931981818181818,0.5728,0.9817901639344261
cinanserin,-0.07569728419184685,-0.06350720720365644,-0.14089399576187134,0.10202658176422119,0.07178598800877016,8,8,0.875,,,0.4276,0.9931981818181818,0.5724,0.9817901639344261
tibolone,-0.07543087750673294,-0.017180456469456356,-0.09498543292284012,0.17411983013153076,0.09992512545333171,6,6,0.6666666666666666,Androgen receptor agonist,ESR1,0.414,0.9885612903225807,0.586,0.9817901639344261
digoxigenin,-0.0753449946641922,-0.0753449946641922,-0.08041158318519592,-0.07027840614318848,0.005066588521003723,2,2,1.0,,,0.3222,0.9353521739130434,0.6778,1.0
NVP-AEW541,-0.0751851499080658,-0.031333331550870626,-0.18868571519851685,0.15017461776733398,0.1325681945486399,7,7,0.5714285714285714,IGF-1 inhibitor,IGF1R,0.463,0.9989549019607843,0.5377,0.9817901639344261
pitavastatin,-0.07469446212053299,-0.05477566768725713,-0.15513864159584045,0.07635098695755005,0.09060702649670409,6,6,0.6666666666666666,HMGCR inhibitor,HMGCR,0.4183,0.9885612903225807,0.5817,0.9817901639344261
nicardipine,-0.07385070621967316,-0.046130711833635964,-0.1285659372806549,0.06402450799942017,0.08103113998073352,3,3,0.6666666666666666,Calcium channel blocker,CACNA1C,0.4797,0.9989549019607843,0.5209,0.978620143884892
hyoscyamine,-0.07370200753211975,-0.039877952076494694,-0.19194629788398743,0.10199636220932007,0.0977960109503855,8,8,0.625,,,0.4486,0.9989549019607843,0.5514,0.9817901639344261
puromycin,-0.07369959354400635,-0.033650626513091,-0.11323815584182739,0.10348033905029297,0.08025657189382743,11,11,0.7272727272727273,,,0.4756,0.9989549019607843,0.5253,0.978620143884892
anandamide,-0.07367414981126785,-0.01137401106265875,-0.1705411672592163,0.16713589429855347,0.10336780428671075,13,13,0.5384615384615384,Cannabinoid receptor agonist,CNR1,0.4707,0.9989549019607843,0.5303,0.978620143884892
ibrutinib,-0.07345705479383469,-0.011109059942620141,-0.1638801097869873,0.16733627021312714,0.1183331937324213,14,14,0.5714285714285714,BTK inhibitor,BTK,0.4488,0.9989549019607843,0.5512,0.9817901639344261
SB-203580,-0.07322245836257935,-0.049514490578855784,-0.18958276510238647,0.21153664588928223,0.11187874549315567,14,14,0.7142857142857143,P38 MAPK inhibitor,MAPK14,0.4518,0.9989549019607843,0.5482,0.9817901639344261
rifaximin,-0.07309041172266006,-0.02315680931011836,-0.12001854181289673,0.13931939005851746,0.10516193134101846,6,6,0.6666666666666666,RNA synthesis inhibitor,NR1I2,0.4297,0.9935597285067874,0.5703,0.9817901639344261
danazol,-0.0729600191116333,-0.016944237626515903,-0.21895477175712585,0.18025118112564087,0.13329555364499837,13,13,0.5384615384615384,Estrogen receptor antagonist,ESR1,0.4775,0.9989549019607843,0.5234,0.978620143884892
piceatannol,-0.07288050651550293,-0.039382220460818365,-0.15617409348487854,0.1355196237564087,0.09135325693694644,13,13,0.6923076923076923,,,0.4778,0.9989549019607843,0.5225,0.978620143884892
naltrexone,-0.07250511646270752,-0.05692287617259555,-0.21199631690979004,0.08903372287750244,0.10077429461992068,9,9,0.6666666666666666,Opioid receptor antagonist,OPRD1,0.4863,0.9989549019607843,0.5152,0.9750637037037038
simvastatin,-0.07239854335784912,-0.07252563701735602,-0.1803896427154541,0.13383051753044128,0.08472003344972077,9,9,0.8888888888888888,HMGCR inhibitor,HMGCR,0.488,0.9989549019607843,0.5129,0.9750637037037038
nalbuphine,-0.07157307863235474,0.008485376834869385,-0.12120664119720459,0.18592935800552368,0.11589350968298219,7,7,0.5714285714285714,Opioid receptor agonist,OPRD1,0.4955,0.9989549019607843,0.5048,0.9750637037037038
etoposide,-0.07123428583145142,-0.05828043818473816,-0.20570898056030273,0.10020232200622559,0.11805722226068319,11,11,0.6363636363636364,Topoisomerase inhibitor,TOP2A,0.5027,0.9989549019607843,0.4982,0.9750637037037038
SANT-1,-0.07121282815933228,-0.029561273753643036,-0.09409156441688538,0.11827212572097778,0.08649448194161456,4,4,0.75,Smoothened receptor antagonist,SHH,0.4164,0.9885612903225807,0.5836,0.9817901639344261
indirubin,-0.07099175453186035,-0.03650764375925064,-0.12474709749221802,0.14571166038513184,0.09204592295257649,8,8,0.75,CDK inhibitor,CDK5,0.4703,0.9989549019607843,0.5297,0.978620143884892
zonisamide,-0.07093289494514465,-0.07093289494514465,-0.09031409025192261,-0.0515516996383667,0.019381195306777954,2,2,1.0,Sodium channel blocker,SCN11A,0.3318,0.9353521739130434,0.6682,1.0
docetaxel,-0.07077623903751373,-0.011048842753682817,-0.11789995431900024,0.1594139039516449,0.10099367218260867,7,7,0.5714285714285714,Tubulin inhibitor,TUBB,0.4998,0.9989549019607843,0.5009,0.9750637037037038
flunarizine,-0.07030147314071655,-0.015488552550474802,-0.17740899324417114,0.14813876152038574,0.11847453389735434,12,12,0.5833333333333334,Calcium channel blocker,CACNA1H,0.4942,0.9989549019607843,0.5058,0.9750637037037038
dopamine,-0.07000324502587318,-0.07000324502587318,-0.0734148919582367,-0.06659159809350967,0.00341164693236351,2,2,1.0,Dopamine receptor agonist,DRD1,0.3335,0.9353521739130434,0.6665,1.0
PD-166793,-0.06930741667747498,-0.06930741667747498,-0.07996305823326111,-0.05865177512168884,0.010655641555786133,2,2,1.0,Collagenase inhibitor,MMP2,0.3347,0.9353521739130434,0.6653,1.0
clindamycin,-0.06904096901416779,-0.06904096901416779,-0.07474455237388611,-0.06333738565444946,0.005703583359718323,2,2,1.0,,,0.3351,0.9353521739130434,0.6649,1.0
rifampicin,-0.06895986944437027,-0.02814195118844509,-0.16527017951011658,0.12061649560928345,0.10144525209064009,8,8,0.625,RNA polymerase inhibitor,NR1I2,0.4851,0.9989549019607843,0.5149,0.9750637037037038
galantamine,-0.06852883100509644,-0.047455232058252604,-0.14675186574459076,0.09463073313236237,0.08843783697944942,7,7,0.7142857142857143,Acetylcholinesterase inhibitor,ACHE,0.5227,0.9989549019607843,0.4777,0.9572733333333334
ZD-7114,-0.06846681237220764,-0.038588772217432656,-0.16135436296463013,0.11547917127609253,0.1107097229522991,6,6,0.6666666666666666,Adrenergic receptor agonist,ADRB3,0.4561,0.9989549019607843,0.5439,0.9817901639344261
MMPX,-0.06826481223106384,-0.022213637828826904,-0.11755639314651489,0.11918029189109802,0.1019856117581247,3,3,0.6666666666666666,,,0.5114,0.9989549019607843,0.4888,0.96068
orteronel,-0.06813599541783333,-0.03163054709633192,-0.1631278097629547,0.12246948480606079,0.1071696322285749,6,6,0.6666666666666666,Cytochrome P450 inhibitor,CYP17A1,0.4578,0.9989549019607843,0.5422,0.9817901639344261
estrone,-0.0680580735206604,-0.026915374729368422,-0.19021576642990112,0.13863223791122437,0.1307235365160842,9,9,0.5555555555555556,Estrogen receptor agonist,ESR1,0.5295,0.9989549019607843,0.4714,0.9521162055335969
HG-5-88-01,-0.06781390309333801,-0.045234723637501396,-0.13699409365653992,0.14468896389007568,0.08939642847173374,6,6,0.8333333333333334,,,0.4599,0.9989549019607843,0.5401,0.9817901639344261
saquinavir,-0.06636494398117065,-0.018052580455938976,-0.09782768785953522,0.10641327500343323,0.082243910169293,6,6,0.6666666666666666,,,0.4676,0.9989549019607843,0.5324,0.978620143884892
flucloxacillin,-0.06535497307777405,-0.06535497307777405,-0.07313179969787598,-0.05757814645767212,0.007776826620101929,2,2,1.0,,,0.3446,0.9511193548387097,0.6554,1.0
guanethidine,-0.0647696778178215,-0.0647696778178215,-0.09387527406215668,-0.03566408157348633,0.029105596244335175,2,2,1.0,,,0.3462,0.9511193548387097,0.6538,1.0
calcipotriol,-0.06448256969451904,-0.009415845076243082,-0.07789218425750732,0.11412721872329712,0.08752950321811467,3,3,0.6666666666666666,Vitamin D receptor agonist,VDR,0.5341,0.9989549019607843,0.4668,0.9503378486055777
cabergoline,-0.06335490569472313,-0.0424713097512722,-0.19380559027194977,0.13241815567016602,0.12299343186818748,10,10,0.6,Dopamine receptor agonist,ADRA1A,0.5378,0.9989549019607843,0.4622,0.948416
suloctidil,-0.06326901912689209,-0.01354657941394382,-0.19475354254245758,0.1499297022819519,0.12256741730202157,9,9,0.5555555555555556,,,0.575,0.9989549019607843,0.4255,0.9135735294117647
digoxin,-0.06318867206573486,-0.027199899156888325,-0.14223319292068481,0.10701608657836914,0.08904970074361085,12,12,0.6666666666666666,ATPase inhibitor,ATP1A1,0.5654,0.9989549019607843,0.4346,0.9253358333333334
ampicillin,-0.06302249431610107,-0.010261456171671549,-0.13958817720413208,0.1718263030052185,0.13249538351850468,3,3,0.6666666666666666,,,0.5447,0.9989549019607843,0.4555,0.948416
brivanib,-0.06290241330862045,-0.05654612369835377,-0.17929217219352722,0.12351763248443604,0.10143018447578399,8,8,0.75,FGFR inhibitor,FGFR1,0.5235,0.9989549019607843,0.4765,0.9572733333333334
tubocurarine,-0.061683282256126404,-0.013781516389413313,-0.2074490189552307,0.1368318498134613,0.10841604401527948,11,11,0.5454545454545454,Acetylcholine receptor antagonist,CHRNA2,0.6053,0.9989549019607843,0.3957,0.8933613043478261
calcifediol,-0.061659425497055054,-0.061659425497055054,-0.1763465404510498,0.0530276894569397,0.11468711495399475,2,2,0.5,Vitamin D receptor agonist,VDR,0.3525,0.958125,0.6475,1.0
guanaben-acetate,-0.06143355369567871,-0.028696046343871524,-0.18137893080711365,0.11214864253997803,0.11015028842214941,7,7,0.5714285714285714,Adrenergic receptor agonist,ADRA2A,0.5882,0.9989549019607843,0.4124,0.8989251063829787
physostigmine,-0.06138104200363159,-0.022066537822995867,-0.18098606169223785,0.18182587623596191,0.11532990732817225,7,7,0.5714285714285714,Cholinesterase inhibitor,ACHE,0.5886,0.9989549019607843,0.4118,0.8989251063829787
CHIR-99021,-0.06104069948196411,-0.06104069948196411,-0.06104069948196411,-0.06104069948196411,0.0,1,1,1.0,,,0.5363,0.9989549019607843,0.464,0.948416
linsitinib,-0.060846686363220215,-0.029730170965194702,-0.21754243969917297,0.14539194107055664,0.11996298506019698,11,11,0.6363636363636364,IGF-1 inhibitor,IGF1R,0.6146,0.9989549019607843,0.3861,0.8927470588235294
forskolin,-0.060301125049591064,-0.031578788390526406,-0.18116578459739685,0.10600925981998444,0.08781135026093767,13,13,0.6153846153846154,Adenylyl cyclase activator,ADCY2,0.6264,0.9989549019607843,0.3745,0.8882109090909092
josamycin,-0.0601627379655838,-0.0601627379655838,-0.20829036831855774,0.08796489238739014,0.14812763035297394,2,2,0.5,,,0.3555,0.9611666666666666,0.6445,1.0
mifepristone,-0.05999257043004036,-0.03973079313124929,-0.2061050534248352,0.14346426725387573,0.10776166795118651,14,14,0.6428571428571429,Progesterone receptor antagonist,NR3C1,0.5982,0.9989549019607843,0.4018,0.8933613043478261
alvespimycin,-0.059219568967819214,-0.026053522314344133,-0.1769048124551773,0.09525741636753082,0.09870540933009697,7,7,0.5714285714285714,HSP inhibitor,HSP90AA1,0.5986,0.9989549019607843,0.4021,0.8933613043478261
CPCCOEt,-0.058856964111328125,-0.058856964111328125,-0.058856964111328125,-0.058856964111328125,0.0,1,1,1.0,Glutamate receptor antagonist,GRM1,0.5413,0.9989549019607843,0.4587,0.948416
perindopril,-0.05870109796524048,-0.05870109796524048,-0.05870109796524048,-0.05870109796524048,0.0,1,1,1.0,Angiotensin converting enzyme inhibitor,ACE,0.5428,0.9989549019607843,0.4578,0.948416
pinacidil,-0.05827878415584564,-0.00013692304491996765,-0.11046114563941956,0.1684035062789917,0.1034669618312934,12,12,0.5833333333333334,ATP channel activator,ABCC9,0.5955,0.9989549019607843,0.4045,0.8948030303030303
ramipril,-0.05803942680358887,-0.004416642444474357,-0.10961498320102692,0.13100260496139526,0.09058478431677508,7,7,0.5714285714285714,Angiotensin converting enzyme inhibitor,ACE,0.6103,0.9989549019607843,0.3902,0.8933613043478261
tretinoin,-0.05771017074584961,-0.01834688683350881,-0.20510143041610718,0.1796547770500183,0.12897199894828648,15,15,0.5333333333333333,Retinoid receptor ligand,RARA,0.6545,0.9989549019607843,0.3467,0.8787689655172415
desoxycortone,-0.05768156051635742,-0.05768156051635742,-0.05768156051635742,-0.05768156051635742,0.0,1,1,1.0,Mineralocorticoid receptor agonist,NR3C2,0.5486,0.9989549019607843,0.4517,0.9459782786885246
ritodrine,-0.057350724935531616,-0.0017954685858317784,-0.1463717371225357,0.16516998410224915,0.12469956916474295,7,7,0.5714285714285714,Adrenergic receptor agonist,ADRB2,0.6183,0.9989549019607843,0.3824,0.8882109090909092
dolasetron,-0.05613717436790466,-0.02227959930896759,-0.1156621128320694,0.17511865496635437,0.10130696451566149,5,5,0.8,Serotonin receptor antagonist,HTR3A,0.6186,0.9989549019607843,0.3819,0.8882109090909092
tunicamycin,-0.0560743510723114,-0.0560743510723114,-0.1861981749534607,0.07404947280883789,0.1301238238811493,2,2,0.5,GLCNAC phosphotransferase inhibitor,GNPTAB,0.3623,0.9743963157894737,0.6377,1.0
sorafenib,-0.055065155029296875,-0.023837199641598597,-0.22071707248687744,0.17505663633346558,0.13392939036829876,18,18,0.5555555555555556,KIT inhibitor,FGFR1,0.6648,0.9989549019607843,0.3352,0.874321
nelfinavir,-0.05497288703918457,-0.01959148794412613,-0.09934026002883911,0.11896556615829468,0.07801615411087,7,7,0.7142857142857143,HIV protease inhibitor,CYP1A2,0.6373,0.9989549019607843,0.3632,0.8880153110047847
estradiol,-0.053463518619537354,-0.010721540221801171,-0.1517731100320816,0.12954723834991455,0.0991148848597795,13,13,0.5384615384615384,Estrogen receptor agonist,ESR1,0.692,0.9989549019607843,0.3089,0.8684267379679145
Y-27632,-0.053315579891204834,-0.033491086628701955,-0.1450532078742981,0.11068063974380493,0.07966655343659262,9,9,0.6666666666666666,Rho associated kinase inhibitor,ROCK1,0.6589,0.9989549019607843,0.3422,0.874321
triprolidine,-0.053288534283638,-0.011640962213277817,-0.1432352066040039,0.14552241563796997,0.09506076291577814,8,8,0.625,Histamine receptor antagonist,HRH1,0.5616,0.9989549019607843,0.4384,0.9295535269709544
GBR-12783,-0.052546583116054535,-0.028550110136469204,-0.20286676287651062,0.1205894947052002,0.09651151499127063,12,12,0.6666666666666666,,,0.6194,0.9989549019607843,0.3806,0.8882109090909092
benzydamine,-0.05223405361175537,-0.014101274311542511,-0.183569073677063,0.14142364263534546,0.1267002823301654,7,7,0.5714285714285714,,,0.6514,0.9989549019607843,0.3491,0.8787689655172415
amiodarone,-0.05092186480760574,0.008533555482115065,-0.1465148627758026,0.17151135206222534,0.12683483673844084,7,7,0.5714285714285714,Potassium channel blocker,KCNH2,0.66,0.9989549019607843,0.3409,0.874321
resveratrol,-0.04970830678939819,0.012258663096211174,-0.20708954334259033,0.23457998037338257,0.1418441612304327,11,11,0.5454545454545454,SIRT activator,SIRT1,0.6948,0.9989549019607843,0.3057,0.8684267379679145
fulvestrant,-0.049242258071899414,-0.03494198123613993,-0.13353627920150757,0.18052160739898682,0.1014285032540166,9,9,0.6666666666666666,Estrogen receptor antagonist,ESR1,0.6776,0.9989549019607843,0.3229,0.874321
exemestane,-0.04580041021108627,-0.013703681528568268,-0.19515752792358398,0.143142968416214,0.10877912941477247,9,9,0.5555555555555556,Aromatase inhibitor,CYP19A1,0.6827,0.9989549019607843,0.3178,0.8684267379679145
cimetidine,-0.04556339979171753,0.009295530617237091,-0.1652383953332901,0.19666212797164917,0.12523354650579552,11,11,0.5454545454545454,Histamine receptor antagonist,HRH2,0.7048,0.9989549019607843,0.2958,0.8684267379679145
thiothixene,-0.04438008368015289,-0.018336675233311124,-0.19179517030715942,0.12974292039871216,0.12449015744774239,9,9,0.5555555555555556,Dopamine receptor antagonist,HTR2A,0.6894,0.9989549019607843,0.3111,0.8684267379679145
NSC-632839,-0.04254940152168274,0.005209982395172119,-0.07710647583007812,0.1279185712337494,0.08028375005592849,9,9,0.5555555555555556,Ubiquitin specific protease inhibitor,SENP2,0.6907,0.9989549019607843,0.3097,0.8684267379679145
etodolac,-0.040209755301475525,-0.024954852732745083,-0.18828490376472473,0.1621130108833313,0.12414577957406402,11,11,0.6363636363636364,Cyclooxygenase inhibitor,PTGS2,0.7139,0.9989549019607843,0.2866,0.8684267379679145
finasteride,-0.03933975100517273,0.006272104653445157,-0.18963846564292908,0.15808743238449097,0.1303704864168452,11,11,0.5454545454545454,5 alpha reductase inhibitor,SRD5A1,0.717,0.9989549019607843,0.2837,0.8684267379679145
acarbose,-0.03891509771347046,-0.008005780252543363,-0.16930533945560455,0.1463494896888733,0.09924779926557004,11,11,0.5454545454545454,Glucosidase inhibitor,GAA,0.7178,0.9989549019607843,0.283,0.8684267379679145
AMG-9810,-0.03806811571121216,-0.03806811571121216,-0.16305780410766602,0.0869215726852417,0.12498968839645386,2,2,0.5,TRPV antagonist,TRPV1,0.4144,0.9885612903225807,0.5856,0.9817901639344261
megestrol,-0.037768326699733734,-0.037768326699733734,-0.1588890701532364,0.08335241675376892,0.12112074345350266,2,2,0.5,,,0.4156,0.9885612903225807,0.5844,0.9817901639344261
ZG-10,-0.03753291815519333,-0.03753291815519333,-0.11808127164840698,0.043015435338020325,0.08054835349321365,2,2,0.5,,,0.4163,0.9885612903225807,0.5837,0.9817901639344261
miglitol,-0.0358755961060524,-0.026721008121967316,-0.13426950573921204,0.09913666546344757,0.10245195022971416,4,4,0.5,Glucosidase inhibitor,GAA,0.4888,0.9989549019607843,0.5112,0.9750637037037038
diflorasone,-0.03587483614683151,-0.03587483614683151,-0.15197192132472992,0.0802222490310669,0.11609708517789841,2,2,0.5,Glucocorticoid receptor agonist,NR3C1,0.4231,0.9917619266055046,0.5769,0.9817901639344261
ethambutol,-0.03380874544382095,-0.03380874544382095,-0.1554821878671646,0.0878646969795227,0.12167344242334366,2,2,0.5,,,0.4328,0.9956551111111112,0.5672,0.9817901639344261
ceforanide,-0.032804325222969055,-0.032804325222969055,-0.12709471583366394,0.06148606538772583,0.09429039061069489,2,2,0.5,,,0.437,0.9956551111111112,0.563,0.9817901639344261
dantrolene,-0.03269380331039429,-0.03269380331039429,-0.14691728353500366,0.08152967691421509,0.11422348022460938,2,2,0.5,Calcium channel blocker,RYR1,0.4372,0.9956551111111112,0.5628,0.9817901639344261
MK-801,-0.031092166900634766,-0.031092166900634766,-0.1305413842201233,0.06835705041885376,0.09944921731948853,2,2,0.5,,,0.4418,0.998937168141593,0.5582,0.9817901639344261
paroxetine,-0.029225684702396393,-0.014763930812478065,-0.16920512914657593,0.16124463081359863,0.12390715668432242,8,8,0.5,Selective serotonin reuptake inhibitor,SLC6A4,0.5801,0.9989549019607843,0.4199,0.9053540084388185
GSK-690693,-0.02208426594734192,-0.03486511607964834,-0.21533003449440002,0.11165714263916016,0.1328069430100032,6,6,0.5,Akt inhibitor,AKT3,0.5547,0.9989549019607843,0.4453,0.9364127572016461
tetracycline,-0.02187672257423401,-0.02187672257423401,-0.1374998390674591,0.09374639391899109,0.1156231164932251,2,2,0.5,,,0.4874,0.9989549019607843,0.5126,0.9750637037037038
GW-4064,-0.01989256590604782,-0.01989256590604782,-0.11134068667888641,0.07155555486679077,0.09144812077283859,2,2,0.5,FXR agonist,NR1H4,0.498,0.9989549019607843,0.502,0.9750637037037038
alclometasone,-0.017331048846244812,-0.017331048846244812,-0.1874912679195404,0.15282917022705078,0.1701602190732956,2,2,0.5,Glucocorticoid receptor agonist,NR3C1,0.5136,0.9989549019607843,0.4864,0.959654054054054
hydralazine,-0.017260253429412842,-0.017260253429412842,-0.07364076375961304,0.039120256900787354,0.056380510330200195,2,2,0.5,,,0.5138,0.9989549019607843,0.4862,0.959654054054054
SB-366791,-0.01709643006324768,-0.01709643006324768,-0.11291050910949707,0.07871764898300171,0.09581407904624939,2,2,0.5,TRPV antagonist,TRPV1,0.515,0.9989549019607843,0.485,0.959654054054054
NSC-693868,-0.01647374778985977,-0.015546875695387522,-0.16855302453041077,0.1138838529586792,0.09609167599551018,12,12,0.5,CDK inhibitor,CDK5,0.6514,0.9989549019607843,0.3486,0.8787689655172415
dinoprost,-0.016392618417739868,-0.016392618417739868,-0.16248679161071777,0.12970155477523804,0.1460941731929779,2,2,0.5,Prostacyclin analog,PTGDR,0.518,0.9989549019607843,0.482,0.959654054054054
BW-B70C,-0.014968320727348328,0.0029366761445999146,-0.12513041496276855,0.1369272768497467,0.1119894089697905,8,8,0.5,Lipoxygenase inhibitor,ALOX5,0.6118,0.9989549019607843,0.3882,0.8933613043478261
asiatic-acid,-0.014775872230529785,-0.014775872230529785,-0.120303213596344,0.09075146913528442,0.10552734136581421,2,2,0.5,,,0.5287,0.9989549019607843,0.4713,0.9521162055335969
SDZ-NKT-343,-0.013446211814880371,-0.012056368092695871,-0.14567826688289642,0.1407524198293686,0.1175531517897262,6,6,0.5,Tachykinin antagonist,TACR1,0.5866,0.9989549019607843,0.4134,0.8989251063829787
rimexolone,-0.013334870338439941,-0.013334870338439941,-0.10995376110076904,0.08328402042388916,0.0966188907623291,2,2,0.5,Glucocorticoid receptor agonist,NR3C1,0.5373,0.9989549019607843,0.4627,0.948416
cefotiam,-0.0102691650390625,-0.0102691650390625,-0.09996533393859863,0.07942700386047363,0.08969616889953613,2,2,0.5,,,0.555,0.9989549019607843,0.445,0.9364127572016461
equol,-0.010088633745908737,-0.01565675064921379,-0.16144341230392456,0.10459689795970917,0.10415443047307368,6,6,0.5,Estrogen receptor agonist,ESR1,0.6054,0.9989549019607843,0.3946,0.8933613043478261
XMD-1185H,-0.009761776775121689,0.013556464264790217,-0.1421632468700409,0.16429680585861206,0.11627499716574095,6,6,0.5,,,0.6068,0.9989549019607843,0.3932,0.8933613043478261
mevastatin,-0.009525597095489502,-0.018987953662872314,-0.14535218477249146,0.0884515643119812,0.10101085643412086,4,4,0.5,HMGCR inhibitor,HMGCR,0.598,0.9989549019607843,0.402,0.8933613043478261
warfarin,-0.008493348956108093,-0.017958488315343857,-0.21964028477668762,0.18209147453308105,0.1436660718697299,8,8,0.5,Vitamin K antagonist,VKORC1,0.6463,0.9989549019607843,0.3537,0.8854057692307692
serotonin,-0.008234888315200806,-0.008234888315200806,-0.07457280158996582,0.05810302495956421,0.06633791327476501,2,2,0.5,Growth factor receptor activator,HTR1A,0.5689,0.9989549019607843,0.4311,0.9217242677824268
batimastat,-0.007974058389663696,-0.0008989175160725912,-0.12209096550941467,0.14074289798736572,0.11567395260493925,6,6,0.5,,,0.6181,0.9989549019607843,0.3819,0.8882109090909092
CNQX,-0.007954150438308716,0.01100528488556544,-0.0940152257680893,0.19070249795913696,0.0997752459085645,6,6,0.5,Glutamate receptor antagonist,GRIA1,0.6181,0.9989549019607843,0.3819,0.8882109090909092
PD-123319,-0.007679782807826996,-0.019547400375207264,-0.18248909711837769,0.12461668252944946,0.12675134352435974,6,6,0.5,Angiotensin antagonist,AGTR2,0.6202,0.9989549019607843,0.3798,0.8882109090909092
AT-CSC-18,-0.006478175520896912,-0.00020717456936836243,-0.14781272411346436,0.1633981466293335,0.12192220780714402,8,8,0.5,,,0.6584,0.9989549019607843,0.3416,0.874321
mibefradil,-0.005622468888759613,0.005154854618012905,-0.114887535572052,0.13538289070129395,0.115939974799171,8,8,0.5,T-type calcium channel blocker,CACNA1C,0.664,0.9989549019607843,0.336,0.874321
acadesine,-0.005063384771347046,0.012547560036182404,-0.0980105996131897,0.1583276093006134,0.1057480926309723,4,4,0.5,,,0.6245,0.9989549019607843,0.3755,0.8882109090909092
catechin,-0.004928991198539734,-0.0040343403816223145,-0.15524521470069885,0.14896583557128906,0.1307746143973218,4,4,0.5,,,0.6257,0.9989549019607843,0.3743,0.8882109090909092
norgestrel,-0.004843920469284058,-0.02403954913218816,-0.2048262506723404,0.13563895225524902,0.12892709073361222,6,6,0.5,,,0.6396,0.9989549019607843,0.3604,0.8854057692307692
amikacin,-0.004706352949142456,-0.004706352949142456,-0.10038524866104126,0.09097254276275635,0.0956788957118988,2,2,0.5,,,0.5916,0.9989549019607843,0.4084,0.8989251063829787
tacrolimus,-0.00468088686466217,-0.005771639091627938,-0.1676989197731018,0.19054025411605835,0.10972903416064379,14,14,0.5,Calcineurin inhibitor,FKBP1A,0.7166,0.9989549019607843,0.2834,0.8684267379679145
alfacalcidol,-0.00293847918510437,-0.00293847918510437,-0.0799551010131836,0.07407814264297485,0.07701662182807922,2,2,0.5,Vitamin D receptor agonist,VDR,0.6016,0.9989549019607843,0.3984,0.8933613043478261
TTNPB,-0.002006426453590393,0.001320522278547287,-0.13052543997764587,0.17674735188484192,0.09798968910582505,12,12,0.5,Retinoid receptor agonist,RARB,0.7288,0.9989549019607843,0.2712,0.8684267379679145
azithromycin,-0.0014020353555679321,0.010128118097782135,-0.13217639923095703,0.14644967019557953,0.1113145488993695,6,6,0.5,,,0.6637,0.9989549019607843,0.3363,0.874321
siguazodan,-0.00016465038061141968,-0.008598322048783302,-0.19218644499778748,0.11687088012695312,0.12179470103560001,8,8,0.5,Phosphodiesterase inhibitor,PDE3A,0.7023,0.9989549019607843,0.2977,0.8684267379679145
dienestrol,0.00011293590068817139,0.00011293590068817139,-0.06364434957504272,0.06387022137641907,0.0637572854757309,2,2,0.5,Estrogen receptor agonist,ESR1,0.6217,0.9989549019607843,0.3783,0.8882109090909092
BI-2536,0.0011698156595230103,-0.0030771133800347648,-0.19149136543273926,0.1526796817779541,0.12971305453000542,12,12,0.5,PLK inhibitor,PLK1,0.7505,0.9989549019607843,0.2495,0.8556677852348994
terbutaline,0.0021241195499897003,0.0021241195499897003,-0.09351581335067749,0.09776405245065689,0.09563993290066719,2,2,0.5,Adrenergic receptor agonist,ADRB2,0.6341,0.9989549019607843,0.3659,0.8882109090909092
molsidomine,0.0022426173090934753,-0.007082295914491017,-0.18356746435165405,0.18923604488372803,0.1318952745517648,6,6,0.5,Guanylyl cyclase activator,GUCY1A1,0.6899,0.9989549019607843,0.3101,0.8684267379679145
AZD-7545,0.002567857503890991,0.009637167056401571,-0.08033204078674316,0.14011146128177643,0.08724692563137032,6,6,0.5,,,0.6921,0.9989549019607843,0.3079,0.8684267379679145
cyanocobalamin,0.0031030774116516113,0.0031030774116516113,-0.08114796876907349,0.08735412359237671,0.0842510461807251,2,2,0.5,Vitamin B,MMUT,0.6407,0.9989549019607843,0.3593,0.8854057692307692
prednisolone,0.003336891531944275,0.003336891531944275,-0.0822756290435791,0.08894941210746765,0.08561252057552338,2,2,0.5,,,0.6419,0.9989549019607843,0.3581,0.8854057692307692
cefotetan,0.003624759614467621,0.003624759614467621,-0.054117217659950256,0.0613667368888855,0.05774197727441788,2,2,0.5,,,0.6433,0.9989549019607843,0.3567,0.8854057692307692
GBR-13069,0.005214497447013855,-0.004624422639608383,-0.11890675127506256,0.08998006582260132,0.0880874770718254,4,4,0.5,Dopamine uptake inhibitor,SLC6A3,0.6916,0.9989549019607843,0.3084,0.8684267379679145
sericetin,0.0058164894580841064,0.006015706807374954,-0.08611832559108734,0.09854817390441895,0.08675558860406131,4,4,0.5,,,0.6946,0.9989549019607843,0.3054,0.8684267379679145
dorzolamide,0.006642788648605347,0.006642788648605347,-0.0771017074584961,0.09038728475570679,0.08374449610710144,2,2,0.5,Carbonic anhydrase inhibitor,CA1,0.6611,0.9989549019607843,0.3389,0.874321
tazobactam,0.007259085774421692,0.007259085774421692,-0.0509679913520813,0.06548616290092468,0.05822707712650299,2,2,0.5,,,0.6641,0.9989549019607843,0.3359,0.874321
pemetrexed,0.007339417934417725,0.007339417934417725,-0.06811371445655823,0.08279255032539368,0.07545313239097595,2,2,0.5,Thymidylate synthase inhibitor,DHFR,0.6651,0.9989549019607843,0.3349,0.874321
acitretin,0.007668651640415192,0.007668651640415192,-0.08091257512569427,0.09624987840652466,0.08858122676610947,2,2,0.5,Retinoid receptor agonist,RARA,0.666,0.9989549019607843,0.334,0.874321
nicergoline,0.0077251046895980835,0.0077251046895980835,-0.11873498558998108,0.13418519496917725,0.12646009027957916,2,2,0.5,Adrenergic receptor antagonist,ADRA1A,0.6665,0.9989549019607843,0.3335,0.874321
saxagliptin,0.008486956357955933,0.008486956357955933,-0.07191187143325806,0.08888578414916992,0.08039882779121399,2,2,0.5,Dipeptidyl peptidase inhibitor,DPP4,0.6724,0.9989549019607843,0.3276,0.874321
etomoxir,0.010491013526916504,0.024218340404331684,-0.13152268528938293,0.19140233099460602,0.10715547029795908,8,8,0.5,Carnitine palmitoyltransferase inhibitor,CPT1A,0.7659,0.9989549019607843,0.2341,0.8438697183098591
auranofin,0.01082262396812439,0.01082262396812439,-0.053961336612701416,0.0756065845489502,0.0647839605808258,2,2,0.5,,,0.6853,0.9989549019607843,0.3147,0.8684267379679145
naltriben,0.012262865900993347,0.012262865900993347,-0.12820488214492798,0.15273061394691467,0.14046774804592133,2,2,0.5,Opioid receptor antagonist,OPRD1,0.6937,0.9989549019607843,0.3063,0.8684267379679145
beclometasone,0.012322485446929932,0.012322485446929932,-0.10387164354324341,0.12851661443710327,0.11619412899017334,2,2,0.5,Glucocorticoid receptor agonist,NR3C1,0.6944,0.9989549019607843,0.3056,0.8684267379679145
BH3I-1,0.012450531125068665,0.0035305339843034744,-0.13945931196212769,0.13675862550735474,0.11134629454496721,8,8,0.5,BCL inhibitor,BCL2L1,0.7729,0.9989549019607843,0.2271,0.8437014388489209
zimelidine,0.013047784566879272,0.013047784566879272,-0.06445395946502686,0.0905495285987854,0.07750174403190613,2,2,0.5,Serotonin reuptake inhibitor,SLC6A4,0.6987,0.9989549019607843,0.3013,0.8684267379679145
sparfloxacin,0.01316070556640625,0.01316070556640625,-0.08381524682044983,0.11013665795326233,0.09697595238685608,2,2,0.5,,,0.6993,0.9989549019607843,0.3007,0.8684267379679145
ribavirin,0.013810418546199799,0.019388344138860703,-0.07951611280441284,0.12667956948280334,0.08835397815652968,6,6,0.5,Antiviral,IMPDH1,0.7517,0.9989549019607843,0.2483,0.8556677852348994
noscapine,0.014177830889821053,0.021304253799219925,-0.10157334804534912,0.17249271273612976,0.09991989415820221,12,12,0.5,Tubulin inhibitor,SIGMAR1,0.8113,0.9989549019607843,0.1887,0.7834023076923078
taxifolin,0.015019208192825317,0.032133386780818306,-0.09704673290252686,0.17715290188789368,0.11558071746381653,6,6,0.5,Opioid receptor antagonist,ADIPOR2,0.7565,0.9989549019607843,0.2435,0.8556677852348994
formestane,0.016621649265289307,-0.004965851704279582,-0.2142564058303833,0.12405207753181458,0.11980948675236436,6,6,0.5,Aromatase inhibitor,CYP19A1,0.7615,0.9989549019607843,0.2385,0.8522622377622378
P-1075,0.017231613397598267,0.01356906071305275,-0.1581876575946808,0.18029892444610596,0.11976679325530155,8,8,0.5,ATP channel activator,KCNJ11,0.7892,0.9989549019607843,0.2108,0.8133736842105264
cycloheximide,0.01780657470226288,0.023542533495596478,-0.11326837539672852,0.18475711345672607,0.11155342783438442,14,14,0.5,Protein synthesis inhibitor,RPL3,0.8172,0.9989549019607843,0.1828,0.7784233333333332
cortisone,0.017971962690353394,0.017971962690353394,-0.09828579425811768,0.13422971963882446,0.11625775694847107,2,2,0.5,,,0.7213,0.9989549019607843,0.2787,0.8684267379679145
capecitabine,0.01926746964454651,0.021705197791258495,-0.1070510745048523,0.15271151065826416,0.10217196028080149,6,6,0.5,DNA synthesis inhibitor,TYMS,0.7705,0.9989549019607843,0.2295,0.8437014388489209
prednicarbate,0.022179700434207916,0.022179700434207916,-0.06302885711193085,0.10738825798034668,0.08520855754613876,2,2,0.5,Phospholipase activator,NR3C1,0.7397,0.9989549019607843,0.2603,0.8684267379679145
dydrogesterone,0.02953822910785675,0.02953822910785675,-0.08057218790054321,0.1396486461162567,0.11011041700839996,2,2,0.5,Progesterone receptor agonist,PGR,0.7678,0.9989549019607843,0.2322,0.8438697183098591
rivaroxaban,0.035291895270347595,0.026061357309420902,-0.17307165265083313,0.20295900106430054,0.13553918501104287,6,6,0.5,Coagulation factor inhibitor,F10,0.7945,0.9989549019607843,0.2055,0.8016068702290076
cytisine,0.03748524188995361,0.03748524188995361,0.03748524188995361,0.03748524188995361,0.0,1,1,0.0,Acetylcholine receptor agonist,CHRNA2,0.5827,0.9989549019607843,0.4176,0.9042101694915256
lasalocid,0.04615187644958496,0.008500224186314477,-0.16033166646957397,0.1788133978843689,0.11621680857759381,9,9,0.4444444444444444,,,0.7145,0.9989549019607843,0.2865,0.8684267379679145
amlodipine,0.0462680459022522,-0.007436339344297137,-0.19837355613708496,0.13501065969467163,0.12383403257220646,7,7,0.42857142857142855,Calcium channel blocker,CACNA1C,0.6999,0.9989549019607843,0.301,0.8684267379679145
medetomidine,0.0471634715795517,0.013397833704948426,-0.1086113452911377,0.09961539506912231,0.08297703395538467,5,5,0.4,Adrenergic receptor agonist,ADRA2A,0.684,0.9989549019607843,0.3166,0.8684267379679145
losartan,0.047798097133636475,-0.023239004611968993,-0.16366541385650635,0.07889100909233093,0.11024755388931586,5,5,0.4,Angiotensin receptor antagonist,AGTR1,0.685,0.9989549019607843,0.3154,0.8684267379679145
yohimbine,0.04856473207473755,-0.012716154257456461,-0.14711448550224304,0.11300432682037354,0.10057410664786112,9,9,0.4444444444444444,Adrenergic receptor antagonist,ADRA2A,0.7275,0.9989549019607843,0.2729,0.8684267379679145
SU-4312,0.04996436834335327,0.01777773215012117,-0.18593254685401917,0.18647807836532593,0.11353910493520955,11,11,0.45454545454545453,PDGFR inhibitor,KDR,0.7517,0.9989549019607843,0.2491,0.8556677852348994
ethisterone,0.05059102177619934,0.05059102177619934,-0.07000166177749634,0.17118370532989502,0.12059268355369568,2,2,0.5,,,0.8123,0.9989549019607843,0.1877,0.7834023076923078
naproxen,0.050598978996276855,0.013241921152387346,-0.13275057077407837,0.1366616189479828,0.10114963409654577,7,7,0.42857142857142855,Cyclooxygenase inhibitor,PTGS1,0.7144,0.9989549019607843,0.286,0.8684267379679145
esculin,0.05103001743555069,-0.023086614906787872,-0.22476813197135925,0.15582571923732758,0.14360761333042946,5,5,0.4,,,0.6942,0.9989549019607843,0.3063,0.8684267379679145
cyclopiazonic-acid,0.051294028759002686,0.0219156699521201,-0.15147091448307037,0.15672117471694946,0.1267980389732924,7,7,0.42857142857142855,ATPase inhibitor,ATP2A1,0.717,0.9989549019607843,0.2835,0.8684267379679145
resorcinol,0.051510393619537354,0.0024821034499577115,-0.1304459273815155,0.1090264618396759,0.08643944997025621,7,7,0.42857142857142855,,,0.7177,0.9989549019607843,0.283,0.8684267379679145
ambrisentan,0.05235251784324646,0.05235251784324646,0.040238380432128906,0.06446665525436401,0.012114137411117554,2,2,0.0,Endothelin receptor antagonist,EDNRA,0.8144,0.9989549019607843,0.1856,0.7834023076923078
bimatoprost,0.05304837226867676,0.03085721731185913,-0.11187827587127686,0.14853960275650024,0.10350821657859219,5,5,0.4,Prostanoid receptor agonist,PTGFR,0.7007,0.9989549019607843,0.2998,0.8684267379679145
SB-239063,0.05383250117301941,0.024633067349592846,-0.11063766479492188,0.17252612113952637,0.10548024236875739,12,12,0.4166666666666667,P38 MAPK inhibitor,MAPK14,0.8365,0.9989549019607843,0.1635,0.7526891891891893
halcinonide,0.05528942309319973,-0.0053817710528771085,-0.17118850350379944,0.08415877819061279,0.10101179277923027,6,6,0.3333333333333333,Glucocorticoid receptor agonist,NR3C1,0.806,0.9989549019607843,0.194,0.7834023076923078
amcinonide,0.05743023753166199,0.01427067257463932,-0.1642538607120514,0.13981720805168152,0.0991500045402085,8,8,0.375,Glucocorticoid receptor agonist,NR3C1,0.823,0.9989549019607843,0.177,0.7617764705882353
tranilast,0.05836230516433716,-0.0023505528058324543,-0.21014174818992615,0.14875587821006775,0.12257911053953217,7,7,0.42857142857142855,,,0.7553,0.9989549019607843,0.2454,0.8556677852348994
fluvoxamine,0.058513373136520386,0.04379814211279154,-0.08580341935157776,0.13933205604553223,0.07185342615773041,8,8,0.25,Selective serotonin reuptake inhibitor,SLC6A4,0.8251,0.9989549019607843,0.1749,0.7617764705882353
retinol,0.05895713344216347,0.01898227259516716,-0.1333804428577423,0.1951797604560852,0.10724489551869167,13,13,0.38461538461538464,Retinoid receptor ligand,RXRA,0.8235,0.9989549019607843,0.1774,0.7617764705882353
mefloquine,0.05923867225646973,0.015290564298629761,-0.14447900652885437,0.1423875093460083,0.12170667759709079,5,5,0.4,,,0.7294,0.9989549019607843,0.271,0.8684267379679145
NCS-382,0.059431105852127075,-0.005011713753143947,-0.20999863743782043,0.13921122252941132,0.11867006232702879,12,12,0.4166666666666667,GABA receptor antagonist,GABBR1,0.8557,0.9989549019607843,0.1443,0.7359401960784314
YM-155,0.059526532888412476,-0.009459829992718168,-0.14806559681892395,0.09772747755050659,0.09824797263254081,9,9,0.4444444444444444,Survivin inhibitor,BIRC5,0.7854,0.9989549019607843,0.2153,0.8149503703703703
L-689560,0.0600053071975708,0.015947489575906235,-0.13369694352149963,0.14186261594295502,0.10893274729952004,11,11,0.45454545454545453,,,0.8042,0.9989549019607843,0.1961,0.7834023076923078
cefdinir,0.06023907661437988,-0.009124141931533814,-0.17681890726089478,0.11912146210670471,0.13057220653701565,5,5,0.4,,,0.7375,0.9989549019607843,0.263,0.8684267379679145
maprotiline,0.06104549765586853,0.011479729786515236,-0.15093016624450684,0.1533111184835434,0.11182792725803326,8,8,0.375,Tricyclic antidepressant,SLC6A2,0.8343,0.9989549019607843,0.1658,0.7564624999999999
bromocriptine,0.06112658977508545,0.015680489631799552,-0.15231865644454956,0.1824524998664856,0.11116711789892268,13,13,0.46153846153846156,Dopamine receptor agonist,ADRA2A,0.8423,0.9989549019607843,0.158,0.7474536363636364
nadolol,0.061312705278396606,0.04485776854885949,-0.10598701238632202,0.16200962662696838,0.09864698986239849,9,9,0.3333333333333333,Adrenergic receptor antagonist,ADRB1,0.8008,0.9989549019607843,0.1993,0.7834023076923078
lonidamine,0.06192982196807861,0.01841089129447937,-0.1609201431274414,0.165752112865448,0.1280206720434206,9,9,0.4444444444444444,,,0.8025,0.9989549019607843,0.1979,0.7834023076923078
afatinib,0.06240856647491455,6.785160965389675e-05,-0.20405489206314087,0.16648370027542114,0.1304634050120219,9,9,0.4444444444444444,EGFR inhibitor,EGFR,0.8047,0.9989549019607843,0.1955,0.7834023076923078
scopolamine,0.06321573257446289,0.02200116900106271,-0.11679768562316895,0.18150457739830017,0.09651585499055737,12,12,0.4166666666666667,Acetylcholine receptor antagonist,CHRM1,0.8716,0.9989549019607843,0.1284,0.7077893617021277
nitrendipine,0.06414222717285156,0.006100299102919442,-0.17045210301876068,0.14783817529678345,0.11198466673623182,7,7,0.42857142857142855,Calcium channel blocker,CACNA1C,0.7887,0.9989549019607843,0.2117,0.8133736842105264
dexamethasone,0.06419152021408081,0.03579029754588479,-0.1827610731124878,0.2046973705291748,0.11812771731103042,19,19,0.3684210526315789,Glucocorticoid receptor agonist,NR3C1,0.8997,0.9989549019607843,0.1006,0.6946837837837837
cefuroxime,0.06479912996292114,0.02662944793701172,-0.06353461742401123,0.07862383127212524,0.06400494565991127,3,3,0.3333333333333333,,,0.7095,0.9989549019607843,0.2908,0.8684267379679145
trifluridine,0.06533905863761902,0.044315651059150696,-0.057934463024139404,0.10451894998550415,0.061228223954862944,4,4,0.25,Thymidylate synthase inhibitor,TYMS,0.8247,0.9989549019607843,0.1753,0.7617764705882353
carbenoxolone,0.06536850333213806,0.0272859741340984,-0.12648871541023254,0.16339975595474243,0.10094413011517182,11,11,0.45454545454545453,11-beta-HSD1 inhibitor,HSD11B1,0.8405,0.9989549019607843,0.1598,0.7474536363636364
griseofulvin,0.06610013544559479,0.011843636631965637,-0.1536896824836731,0.12781202793121338,0.10835045947385352,7,7,0.42857142857142855,,,0.8041,0.9989549019607843,0.1965,0.7834023076923078
timolol,0.0667760968208313,0.03962504304945469,-0.19839581847190857,0.18920743465423584,0.13140473320783783,8,8,0.375,Adrenergic receptor antagonist,ADRB1,0.8581,0.9989549019607843,0.1419,0.7324333333333333
tropisetron,0.06716577708721161,0.0066656577918264605,-0.12213706970214844,0.11567962169647217,0.10114227965968661,9,9,0.4444444444444444,Serotonin receptor antagonist,HTR3A,0.8275,0.9989549019607843,0.1729,0.7617764705882353
minoxidil,0.06730252504348755,0.02168132530318366,-0.14983585476875305,0.12313590943813324,0.10132327252855516,9,9,0.3333333333333333,Vasodilator,ABCC9,0.8284,0.9989549019607843,0.1721,0.7617764705882353
lenalidomide,0.0674353539943695,0.03194702863693237,-0.16980797052383423,0.2156035304069519,0.1162989081090066,10,10,0.3,Anti-cancer agent,CRBN,0.8749,0.9989549019607843,0.1251,0.7077893617021277
calcitriol,0.06746000051498413,0.03536296578554007,-0.1620732843875885,0.2101067453622818,0.12471131639946434,13,13,0.3076923076923077,Vitamin D receptor agonist,VDR,0.8791,0.9989549019607843,0.1217,0.7077893617021277
itraconazole,0.06760311126708984,0.0820192351937294,0.06076234579086304,0.1415492743253708,0.030173996219040388,5,5,0.0,,,0.7791,0.9989549019607843,0.2216,0.8326294117647058
glimepiride,0.06785839796066284,0.03287668153643608,-0.17237025499343872,0.18090331554412842,0.11498743582156574,10,10,0.3,Insulin secretagogue,KCNJ11,0.8765,0.9989549019607843,0.1235,0.7077893617021277
toremifene,0.06791332364082336,0.021338315680623055,-0.1179460883140564,0.1202889084815979,0.10045481590757199,8,8,0.375,Estrogen receptor antagonist,ESR1,0.8629,0.9989549019607843,0.1371,0.729771875
zidovudine,0.06835387647151947,0.02117635061343511,-0.18631745874881744,0.13482141494750977,0.1175055939187258,6,6,0.3333333333333333,,,0.8413,0.9989549019607843,0.1587,0.7474536363636364
aprepitant,0.06859084963798523,0.03780456483364105,-0.12318365275859833,0.09654253721237183,0.08132110229578589,5,5,0.2,Tachykinin antagonist,TACR1,0.7851,0.9989549019607843,0.2151,0.8149503703703703
pravastatin,0.06963581591844559,0.024338814119497936,-0.15805405378341675,0.18352451920509338,0.10813707196318598,12,12,0.4166666666666667,HMGCR inhibitor,HMGCR,0.9008,0.9989549019607843,0.0992,0.6946837837837837
cyclopamine,0.07007479667663574,-0.013954314318570223,-0.17510277032852173,0.2033136487007141,0.13014265433843286,11,11,0.45454545454545453,Smoothened receptor antagonist,SMO,0.8704,0.9989549019607843,0.1302,0.7077893617021277
capsaicin,0.07032611966133118,0.024418917085443224,-0.13269171118736267,0.16875499486923218,0.11291530919085889,7,7,0.42857142857142855,TRPV agonist,TRPV1,0.8258,0.9989549019607843,0.1745,0.7617764705882353
orciprenaline,0.07138698548078537,0.07138698548078537,0.05933725833892822,0.08343671262264252,0.012049727141857147,2,2,0.0,Adrenergic receptor agonist,ADRB2,0.8391,0.9989549019607843,0.1609,0.7474536363636364
isoxsuprine,0.07154842466115952,0.006210152059793472,-0.19747650623321533,0.1517476588487625,0.13248788044049847,8,8,0.375,Adrenergic receptor agonist,ADRB2,0.8782,0.9989549019607843,0.1218,0.7077893617021277
gestrinone,0.07237869501113892,0.037487866977850594,-0.08267167210578918,0.1233108639717102,0.08702794623333228,6,6,0.3333333333333333,Progesterone receptor antagonist,ESR1,0.8591,0.9989549019607843,0.1409,0.7324333333333333
GDC-0068,0.0725393146276474,0.00922417938709259,-0.18844395875930786,0.21736109256744385,0.14130616164383217,10,10,0.4,Akt inhibitor,AKT3,0.9006,0.9989549019607843,0.0994,0.6946837837837837
metergoline,0.07269757986068726,0.008371316960879735,-0.16278743743896484,0.1479686051607132,0.12162546711961385,7,7,0.42857142857142855,Dopamine receptor agonist,HTR1A,0.8422,0.9989549019607843,0.1583,0.7474536363636364
naloxone,0.07297748327255249,0.04045135324651545,-0.16840511560440063,0.1643858551979065,0.10611916248711438,11,11,0.2727272727272727,Opioid receptor antagonist,OPRD1,0.8912,0.9989549019607843,0.1096,0.7077893617021277
clomifene,0.07307136058807373,0.0020902993587347176,-0.20392602682113647,0.14879247546195984,0.11178358230420042,13,13,0.46153846153846156,Estrogen receptor antagonist,ESR1,0.9129,0.9989549019607843,0.0872,0.6597911764705883
triciribine,0.07346576452255249,0.0200684701020901,-0.1838490068912506,0.12741118669509888,0.10557293210755621,13,13,0.3076923076923077,Akt inhibitor,AKT3,0.9167,0.9989549019607843,0.0836,0.6534606060606061
montelukast,0.07362086325883865,0.0439291720589002,-0.16972839832305908,0.19093629717826843,0.12864456246273337,6,6,0.3333333333333333,Leukotriene receptor antagonist,CYSLTR1,0.864,0.9989549019607843,0.136,0.729771875
ibutilide,0.07421891391277313,0.07421891391277313,0.06521102786064148,0.08322679996490479,0.009007886052131653,2,2,0.0,Potassium channel blocker,KCNH2,0.8436,0.9989549019607843,0.1564,0.7474536363636364
estropipate,0.07428491115570068,0.04250505194067955,-0.14283445477485657,0.15284986793994904,0.10577615971776591,8,8,0.25,,,0.8885,0.9989549019607843,0.1115,0.7077893617021277
norethindrone,0.07524159178137779,0.07214247807860374,0.04398244619369507,0.10341356694698334,0.021339019219350996,6,6,0.0,Progestogen hormone,PGR,0.8704,0.9989549019607843,0.1296,0.7077893617021277
rimantadine,0.075715571641922,0.075715571641922,0.07021796703338623,0.08121317625045776,0.005497604608535767,2,2,0.0,,,0.8462,0.9989549019607843,0.1538,0.7474536363636364
parthenolide,0.07583886384963989,0.04236406205516113,-0.163530170917511,0.1975957751274109,0.10771304297623871,19,19,0.3157894736842105,,,0.9597,0.9989549019607843,0.0404,0.48442799999999997
ICI-162846,0.07635575532913208,-0.0023189658919970193,-0.21096882224082947,0.10221272706985474,0.1263438457756459,6,6,0.3333333333333333,Histamine receptor antagonist,HRH2,0.8763,0.9989549019607843,0.1237,0.7077893617021277
AM-404,0.07655216753482819,0.05578589936097463,-0.07879084348678589,0.1583530306816101,0.09255036933026442,6,6,0.3333333333333333,FAAH inhibitor,TRPV1,0.8774,0.9989549019607843,0.1226,0.7077893617021277
cilomilast,0.07665160298347473,0.02686031659444173,-0.1512959599494934,0.1638355553150177,0.12016254843051866,6,6,0.3333333333333333,Phosphodiesterase inhibitor,PDE4A,0.8778,0.9989549019607843,0.1222,0.7077893617021277
oxandrolone,0.07687345147132874,0.07687345147132874,0.07588016986846924,0.07786673307418823,0.000993281602859497,2,2,0.0,Androgen receptor agonist,AR,0.8478,0.9989549019607843,0.1522,0.7474536363636364
fenretinide,0.07708500325679779,0.025234542787075043,-0.18459811806678772,0.207980215549469,0.13621511411050555,12,12,0.4166666666666667,Apoptosis stimulant,RARA,0.9338,0.9989549019607843,0.0662,0.5733593220338983
zaprinast,0.07769493758678436,0.04569674407442411,-0.1295424997806549,0.18159201741218567,0.11863801941790991,6,6,0.3333333333333333,Phosphodiesterase inhibitor,PDE5A,0.8829,0.9989549019607843,0.1171,0.7077893617021277
CGP-12177,0.07844169437885284,0.050302344063917794,-0.1842370629310608,0.15345266461372375,0.11065029808364352,6,6,0.16666666666666666,Adrenergic receptor agonist,ADRB1,0.8859,0.9989549019607843,0.1141,0.7077893617021277
rifabutin,0.07934272289276123,-0.0025761851242610385,-0.15114645659923553,0.11840254068374634,0.11291175060039312,7,7,0.42857142857142855,,,0.8783,0.9989549019607843,0.1221,0.7077893617021277
rifapentine,0.07984691858291626,0.03906752807753427,-0.1490151584148407,0.13270282745361328,0.09786528901644195,7,7,0.2857142857142857,RNA polymerase inhibitor,CYP2C8,0.8804,0.9989549019607843,0.1199,0.7077893617021277
pivmecillinam,0.0799296498298645,0.0799296498298645,0.06198233366012573,0.09787696599960327,0.01794731616973877,2,2,0.0,,,0.8531,0.9989549019607843,0.1469,0.7359401960784314
tobramycin,0.07996141910552979,0.07996141910552979,0.034881532192230225,0.12504130601882935,0.04507988691329956,2,2,0.0,,,0.8531,0.9989549019607843,0.1469,0.7359401960784314
nemonapride,0.08064058423042297,0.05204535648226738,-0.11472529172897339,0.16394370794296265,0.09667592022353454,8,8,0.25,Dopamine receptor antagonist,DRD2,0.9157,0.9989549019607843,0.0843,0.6534606060606061
diltiazem,0.08117979764938354,0.028088339737483432,-0.1736951768398285,0.1557939052581787,0.11498291258547061,14,14,0.35714285714285715,Calcium channel blocker,CACNA1C,0.9571,0.9989549019607843,0.0429,0.48442799999999997
anisomycin,0.0821833610534668,0.0821833610534668,0.0821833610534668,0.0821833610534668,0.0,1,1,0.0,,,0.711,0.9989549019607843,0.2894,0.8684267379679145
testosterone,0.08224380016326904,0.02562026544050737,-0.15140093863010406,0.15474414825439453,0.10849679894456228,11,11,0.36363636363636365,,,0.9378,0.9989549019607843,0.0626,0.571225
erythromycin,0.08263033628463745,0.028263941407203674,-0.11098282039165497,0.11314430832862854,0.09924723716079431,3,3,0.3333333333333333,NFKB pathway inhibitor,MLNR,0.8054,0.9989549019607843,0.1947,0.7834023076923078
entacapone,0.0828871876001358,0.0828871876001358,0.08220246434211731,0.0835719108581543,0.0006847232580184937,2,2,0.0,Catechol O methyltransferase inhibitor,COMT,0.8594,0.9989549019607843,0.1406,0.7324333333333333
talampicillin,0.08305658400058746,0.08305658400058746,0.08305658400058746,0.08305658400058746,0.0,1,1,0.0,,,0.7177,0.9989549019607843,0.2829,0.8684267379679145
PD-0325901,0.08308680355548859,0.033623923475925736,-0.22461065649986267,0.22283720970153809,0.14765297512182313,13,13,0.38461538461538464,MEK inhibitor,MAP2K1,0.954,0.9989549019607843,0.046,0.48442799999999997
vinorelbine,0.08309714496135712,0.057372872318540304,-0.13217639923095703,0.18770277500152588,0.10608056137397688,14,14,0.2857142857142857,Tubulin inhibitor,TUBB,0.9639,0.9989549019607843,0.0361,0.48442799999999997
IB-MECA,0.08326971530914307,0.014137003156873915,-0.18055981397628784,0.13561667501926422,0.11589416385768457,9,9,0.4444444444444444,Adenosine receptor agonist,ADORA3,0.9188,0.9989549019607843,0.0817,0.6534606060606061
CG-930,0.0847305953502655,0.017691431939601897,-0.2237485945224762,0.20583301782608032,0.1456434906572493,10,10,0.4,JNK inhibitor,MAPK8,0.948,0.9989549019607843,0.052,0.511
vincristine,0.08500337600708008,0.025903671979904175,-0.13497412204742432,0.19837674498558044,0.11504977292178525,11,11,0.45454545454545453,Tubulin inhibitor,TUBB,0.9527,0.9989549019607843,0.0474,0.48442799999999997
AZD-1480,0.08510518074035645,0.049180240793661636,-0.18783164024353027,0.1903398633003235,0.13375106216851498,11,11,0.2727272727272727,JAK inhibitor,JAK1,0.954,0.9989549019607843,0.0465,0.48442799999999997
radicicol,0.08516082167625427,0.045156069927745394,-0.08252694457769394,0.13457173109054565,0.08171301168050216,9,9,0.3333333333333333,,,0.9292,0.9989549019607843,0.0709,0.6038316666666667
formoterol,0.08641575276851654,0.022541420800345286,-0.16124460101127625,0.17458263039588928,0.1417001908061155,7,7,0.42857142857142855,Adrenergic receptor agonist,ADRB2,0.9171,0.9989549019607843,0.0831,0.6534606060606061
safinamide,0.08643242716789246,0.041230857372283936,-0.11627602577209473,0.15532633662223816,0.10935514864435586,6,6,0.3333333333333333,Glutamate inhibitor,MAOB,0.9156,0.9989549019607843,0.0844,0.6534606060606061
oxymetholone,0.08805553615093231,0.08805553615093231,0.08493813872337341,0.09117293357849121,0.003117397427558899,2,2,0.0,Androgen receptor agonist,AR,0.8708,0.9989549019607843,0.1292,0.7077893617021277
atorvastatin,0.08861303329467773,0.06853937171399593,-0.10833621025085449,0.14985018968582153,0.07197831218631505,8,8,0.125,HMGCR inhibitor,DPP4,0.9464,0.9989549019607843,0.0536,0.5167849056603774
salubrinal,0.0895506739616394,0.0895506739616394,0.08037340641021729,0.09872794151306152,0.00917726755142212,2,2,0.0,Eukaryotic translation initiation factor inhibitor,EIF2S1,0.8745,0.9989549019607843,0.1255,0.7077893617021277
PAC-1,0.08956494927406311,0.03834507055580616,-0.13627198338508606,0.18144887685775757,0.11636727925547821,8,8,0.375,Caspase activator,CASP3,0.9496,0.9989549019607843,0.0504,0.5049882352941176
H-9,0.09078329801559448,0.027440054963032406,-0.1778336614370346,0.12315022945404053,0.10287275007913625,12,12,0.3333333333333333,PKA inhibitor,PRKACA,0.976,0.9989549019607843,0.024,0.48442799999999997
crotamiton,0.09133997559547424,0.09133997559547424,0.09133997559547424,0.09133997559547424,0.0,1,1,0.0,,,0.7544,0.9989549019607843,0.2457,0.8556677852348994
ozagrel,0.0918632447719574,0.06158442156655448,-0.13309095799922943,0.19617223739624023,0.12643585720154163,7,7,0.2857142857142857,Thromboxane synthase inhibitor,TBXAS1,0.9398,0.9989549019607843,0.0604,0.561170909090909
huperzine-a,0.09252649545669556,0.05653423567612966,-0.09699743986129761,0.1915852129459381,0.10768689452824634,9,9,0.3333333333333333,Glutamate receptor antagonist,ACHE,0.9563,0.9989549019607843,0.044,0.48442799999999997
doxepin,0.09287959337234497,0.03168765856669499,-0.1513325273990631,0.15599745512008667,0.1243486928818928,13,13,0.38461538461538464,Histamine receptor antagonist,HRH1,0.9837,0.9989549019607843,0.0166,0.45479
dichlorobenzamil,0.09397861361503601,0.09397861361503601,0.09397861361503601,0.09397861361503601,0.0,1,1,0.0,,,0.766,0.9989549019607843,0.2345,0.8438697183098591
norgestimate,0.09546101093292236,0.09546101093292236,0.09546101093292236,0.09546101093292236,0.0,1,1,0.0,Progesterone receptor agonist,PGR,0.7711,0.9989549019607843,0.229,0.8437014388489209
quinidine,0.09554845094680786,0.08573513076855586,-0.15910857915878296,0.2532542049884796,0.10024058867550016,13,13,0.15384615384615385,Sodium channel blocker,SCN5A,0.9881,0.9989549019607843,0.0119,0.4053933333333334
veliparib,0.09615126252174377,0.06316004941860835,-0.11063927412033081,0.16366690397262573,0.0864393720701006,12,12,0.25,PARP inhibitor,PARP2,0.985,0.9989549019607843,0.015,0.45088235294117646
tranylcypromine,0.09735530614852905,0.03154305049351284,-0.1843770146369934,0.14789700508117676,0.12819882590541043,7,7,0.2857142857142857,Monoamine oxidase inhibitor,KDM1A,0.9536,0.9989549019607843,0.0466,0.48442799999999997
L-655708,0.09788255393505096,0.09788255393505096,0.08233290910720825,0.11343219876289368,0.015549644827842712,2,2,0.0,GABA receptor inverse agonist,GABRA5,0.8932,0.9989549019607843,0.1068,0.7077893617021277
sulindac,0.09891718626022339,0.039485534032185875,-0.10386848449707031,0.12340790033340454,0.10185849576845427,3,3,0.3333333333333333,Cyclooxygenase inhibitor,AKR1B1,0.8834,0.9989549019607843,0.1169,0.7077893617021277
betulinic-acid,0.09903883934020996,0.07915291438500087,-0.08903217315673828,0.161492720246315,0.08553916297212454,6,6,0.16666666666666666,Caspase activator,GPBAR1,0.9545,0.9989549019607843,0.0455,0.48442799999999997
beclomethasone-dipropionate,0.10024764388799667,0.08323471993207932,-0.05181095004081726,0.14361852407455444,0.06464835443844652,6,6,0.16666666666666666,Immunosuppressant,NR3C1,0.9577,0.9989549019607843,0.0423,0.48442799999999997
reboxetine,0.10050290822982788,0.11071126801627022,0.06867039203643799,0.1592930257320404,0.028918038921167656,7,7,0.0,Adrenergic receptor antagonist,SLC6A2,0.963,0.9989549019607843,0.0372,0.48442799999999997
hesperidin,0.10079238191246986,0.04700202867388725,-0.11917874217033386,0.17295074462890625,0.1094549515165096,6,6,0.3333333333333333,,,0.9585,0.9989549019607843,0.0415,0.48442799999999997
quinine,0.10112003237009048,0.03625598798195521,-0.15540587902069092,0.14855390787124634,0.12177090819860285,6,6,0.3333333333333333,Hemozoin biocrystallization inhibitor,KCNN4,0.9592,0.9989549019607843,0.0408,0.48442799999999997
YM-298198,0.10124090313911438,0.04659983888268471,-0.15061676502227783,0.1681712567806244,0.11324829708900104,8,8,0.375,Glutamate receptor antagonist,GRM1,0.9769,0.9989549019607843,0.0231,0.48442799999999997
garcinol,0.10169583559036255,0.10169583559036255,0.04396021366119385,0.15943145751953125,0.0577356219291687,2,2,0.0,,,0.9015,0.9989549019607843,0.0985,0.6946837837837837
BIX-02188,0.10279403626918793,0.10279403626918793,0.06649932265281677,0.13908874988555908,0.036294713616371155,2,2,0.0,,,0.904,0.9989549019607843,0.096,0.6946837837837837
orantinib,0.10282264649868011,0.09537946060299873,-0.07188165187835693,0.1744617521762848,0.06993844669409152,8,8,0.125,FGFR inhibitor,FGFR1,0.9794,0.9989549019607843,0.0206,0.48442799999999997
mirtazapine,0.10368078947067261,0.07959949331624168,-0.10515041649341583,0.22254297137260437,0.12008567146234966,7,7,0.2857142857142857,Serotonin receptor antagonist,ADRA2A,0.9684,0.9989549019607843,0.032,0.48442799999999997
bucladesine,0.1042931079864502,0.05334150642156601,-0.18814973533153534,0.19197171926498413,0.1272751170854328,10,10,0.3,CAMP stimulant,PRKACA,0.9896,0.9989549019607843,0.0104,0.3796
pregnenolone,0.10479649901390076,0.07024840265512466,-0.15304870903491974,0.1984434723854065,0.11741301818823531,14,14,0.2857142857142857,,,0.9957,0.9989549019607843,0.0043,0.2838888888888889
asenapine,0.10713614523410797,0.10713614523410797,0.08111456036567688,0.13315773010253906,0.02602158486843109,2,2,0.0,Dopamine receptor antagonist,ADRB2,0.9122,0.9989549019607843,0.0878,0.6597911764705883
betamethasone,0.1080021858215332,0.04346447065472603,-0.15668141841888428,0.16838282346725464,0.12019845454451761,12,12,0.3333333333333333,Glucocorticoid receptor agonist,NR3C1,0.9955,0.9989549019607843,0.0045,0.2838888888888889
voriconazole,0.10802760720252991,0.08907825499773026,-0.08934545516967773,0.17374126613140106,0.08651941331821512,6,6,0.16666666666666666,Cytochrome P450 inhibitor,CYP2C19,0.9722,0.9989549019607843,0.0278,0.48442799999999997
methysergide,0.1080586314201355,0.08880189930399258,-0.08862659335136414,0.2063101828098297,0.09041251250602778,12,12,0.16666666666666666,Serotonin receptor antagonist,HTR1B,0.9955,0.9989549019607843,0.0045,0.2838888888888889
memantine,0.11038556694984436,0.08685577660799026,-0.0995820164680481,0.17990927398204803,0.088052826925666,6,6,0.16666666666666666,Glutamate receptor antagonist,GRIN1,0.9751,0.9989549019607843,0.0249,0.48442799999999997
alprostadil,0.11119750142097473,0.07040690183639527,-0.1121264100074768,0.16322317719459534,0.0958702595135254,5,5,0.2,Prostanoid receptor agonist,PTGER1,0.9584,0.9989549019607843,0.0416,0.48442799999999997
metoprolol,0.11147983372211456,0.11147983372211456,0.1111418604850769,0.11181780695915222,0.0003379732370376587,2,2,0.0,Adrenergic receptor antagonist,ADRB1,0.9227,0.9989549019607843,0.0773,0.6475459016393442
phentolamine,0.1124047040939331,0.07992371703897204,-0.1559959053993225,0.19995447993278503,0.10644668433793732,7,7,0.14285714285714285,Adrenergic receptor antagonist,ADRA1A,0.9785,0.9989549019607843,0.0215,0.48442799999999997
ranitidine,0.11246276646852493,0.05972879007458687,-0.17317983508110046,0.17760303616523743,0.10717158898064058,12,12,0.25,Histamine receptor antagonist,HRH2,0.997,0.9989549019607843,0.003,0.2838888888888889
guggulsterone,0.11253193020820618,0.06134501472115517,-0.15981948375701904,0.17615407705307007,0.11190281208332037,12,12,0.25,IKK inhibitor,NR3C1,0.997,0.9989549019607843,0.003,0.2838888888888889
lapatinib,0.11268782615661621,0.0762542150914669,-0.16636449098587036,0.20289218425750732,0.10488583764437649,12,12,0.25,EGFR inhibitor,EGFR,0.997,0.9989549019607843,0.003,0.2838888888888889
SB-590885,0.11428946256637573,0.04560028693892739,-0.13947686553001404,0.190718412399292,0.12165984034328875,11,11,0.36363636363636365,RAF inhibitor,BRAF,0.9963,0.9989549019607843,0.0038,0.2838888888888889
SU-11274,0.11477935314178467,0.09781109009470258,-0.07930615544319153,0.21583420038223267,0.08750934810255294,7,7,0.14285714285714285,Tyrosine kinase inhibitor,MET,0.9824,0.9989549019607843,0.0178,0.45479
VX-222,0.11511492729187012,0.11106837093830109,0.06340897083282471,0.15237906575202942,0.03158536127929412,5,5,0.0,,,0.9674,0.9989549019607843,0.033,0.48442799999999997
THZ-2-98-01,0.11681360006332397,0.0755350391070048,-0.13578209280967712,0.1394195854663849,0.09536492268754103,6,6,0.16666666666666666,,,0.9826,0.9989549019607843,0.0174,0.45479
gabazine,0.1168351024389267,0.07478472590446472,-0.19387716054916382,0.21182292699813843,0.13781826889326929,8,8,0.25,GABA receptor antagonist,GABRA1,0.9936,0.9989549019607843,0.0064,0.2973090909090909
HA-14-1,0.11777669191360474,0.11777669191360474,0.11174309253692627,0.1238102912902832,0.006033599376678467,2,2,0.0,BCL inhibitor,BCL2,0.9348,0.9989549019607843,0.0652,0.5733593220338983
tofacitinib,0.11824985593557358,0.06185483746230602,-0.16506975889205933,0.19789797067642212,0.11934164042501777,8,8,0.25,JAK inhibitor,JAK1,0.995,0.9989549019607843,0.005,0.2838888888888889
atovaquone,0.1201457530260086,0.07242114841938019,-0.15521973371505737,0.14898014068603516,0.1151184139580542,5,5,0.2,,,0.9742,0.9989549019607843,0.0258,0.48442799999999997
tetrabenazine,0.12124797701835632,0.12124797701835632,0.10700809955596924,0.1354878544807434,0.014239877462387085,2,2,0.0,Vesicular monoamine transporter inhibitor,SLC18A2,0.9419,0.9989549019607843,0.0581,0.5497981481481481
ketoconazole,0.12356376647949219,0.09072829782962799,-0.14498639106750488,0.17191217839717865,0.0990128932612039,7,7,0.14285714285714285,Sterol demethylase inhibitor,CYP19A1,0.9912,0.9989549019607843,0.0089,0.34983846153846154
selegiline,0.12363213300704956,0.09765203829322543,-0.06488335132598877,0.16700387001037598,0.07432975215587441,7,7,0.14285714285714285,Monoamine oxidase inhibitor,MAOA,0.9913,0.9989549019607843,0.0087,0.34983846153846154
iloprost,0.12829235196113586,0.07663302620251973,-0.06904259324073792,0.17064931988716125,0.10444956600549443,3,3,0.3333333333333333,Prostanoid receptor agonist,PTGER1,0.9571,0.9989549019607843,0.0431,0.48442799999999997
limonin,0.1292816698551178,0.1292816698551178,0.06800717115402222,0.19055616855621338,0.06127449870109558,2,2,0.0,,,0.9579,0.9989549019607843,0.0421,0.48442799999999997
mometasone,0.12956714630126953,0.12956714630126953,0.10809922218322754,0.15103507041931152,0.021467924118041992,2,2,0.0,Glucocorticoid receptor agonist,NR3C1,0.9582,0.9989549019607843,0.0418,0.48442799999999997
cefotaxime,0.13264479488134384,0.13264479488134384,0.11107504367828369,0.154214546084404,0.02156975120306015,2,2,0.0,,,0.9636,0.9989549019607843,0.0364,0.48442799999999997
androstanol,0.13516974449157715,0.13516974449157715,0.13516974449157715,0.13516974449157715,0.0,1,1,0.0,,,0.8997,0.9989549019607843,0.1005,0.6946837837837837
chlortetracycline,0.13675308972597122,0.13675308972597122,0.12262694537639618,0.15087923407554626,0.014126144349575043,2,2,0.0,,,0.9694,0.9989549019607843,0.0306,0.48442799999999997
icariin,0.13718412071466446,0.13718412071466446,0.07879558205604553,0.1955726593732834,0.05838853865861893,2,2,0.0,,,0.9697,0.9989549019607843,0.0303,0.48442799999999997
caffeic-acid,0.14982950687408447,0.07499517074653081,-0.14986290037631989,0.17631152272224426,0.1229415330041839,7,7,0.2857142857142857,Lipoxygenase inhibitor,ALOX5,0.9995,0.9995,0.0005,0.2555
alimemazine,0.15051022171974182,0.15051022171974182,0.15051022171974182,0.15051022171974182,0.0,1,1,0.0,Histamine receptor ligand,HRH1,0.9356,0.9989549019607843,0.0649,0.5733593220338983
epitiostanol,0.15127605199813843,0.15127605199813843,0.13342809677124023,0.16912400722503662,0.017847955226898193,2,2,0.0,Androgen receptor agonist,AR,0.9866,0.9989549019607843,0.0134,0.4279625
colchicine,0.16465464234352112,0.16465464234352112,0.16465464234352112,0.16465464234352112,0.0,1,1,0.0,Microtubule inhibitor,TUBB,0.9587,0.9989549019607843,0.0416,0.48442799999999997
nitrofural,0.1646832823753357,0.1646832823753357,0.1565939486026764,0.172772616147995,0.008089333772659302,2,2,0.0,,,0.9943,0.9989549019607843,0.0057,0.29127000000000003
