drug,Adipogenesis,Allograft Rejection,Androgen Response,Angiogenesis,Apical Junction,Apical Surface,Apoptosis,Bile Acid Metabolism,Cholesterol Homeostasis,Coagulation,Complement,DNA Repair,E2F Targets,Epithelial Mesenchymal Transition,Estrogen Response Early,Estrogen Response Late,Fatty Acid Metabolism,G2/M Checkpoint,Glycolysis,Hedgehog Signaling,Heme Metabolism,Hypoxia,IL-2 STAT5 Signaling,IL-6 JAK STAT3 Signaling,Inflammatory Response,Interferon Alpha Response,Interferon Gamma Response,KRAS Signaling Dn,KRAS Signaling Up,Mitotic Spindle,mTORc1 Signaling,MYC Targets V1,MYC Targets V2,Myogenesis,Notch Signaling,Oxidative Phosphorylation,p53 Pathway,Pancreas Beta Cells,Peroxisome,PI3K AKT mTOR Signaling,Protein Secretion,Reactive Oxygen Species Pathway,Spermatogenesis,TGF Beta Signaling,TNFa Signaling Via NFkB,Unfolded Protein Response,UV Response Dn,UV Response Up,WNT Beta Catenin Signaling,Xenobiotic Metabolism
A-443654,-0.153417,-0.067469,-0.173209,-0.100278,-0.072158,-0.102879,-0.152977,-0.123514,-0.297556,0.082982,-0.077599,-0.197652,-0.233052,-0.125833,-0.144581,-0.123436,-0.168041,-0.236992,-0.173547,0.107290,-0.105955,-0.153997,-0.126729,-0.113651,-0.059074,-0.144213,-0.117201,0.211152,-0.067657,-0.131357,-0.276500,-0.340353,-0.315236,0.066702,-0.126622,-0.238207,-0.161290,0.212492,-0.157827,-0.167225,-0.249652,-0.297453,0.077959,-0.183273,-0.150103,-0.194233,-0.142606,-0.126188,-0.069587,-0.055191
AG-490,-0.010960,-0.054911,-0.073567,0.007440,-0.006373,0.087756,0.054643,-0.071691,0.103334,-0.094865,-0.050304,-0.114606,-0.128860,0.068820,0.001470,0.055516,-0.078547,-0.116679,-0.049552,0.064289,-0.026591,0.091297,0.078721,0.061555,0.077423,-0.073664,0.045236,0.078475,0.070932,-0.090245,-0.086236,-0.254016,-0.210309,0.085459,0.098185,-0.142477,0.057035,0.078042,-0.090652,-0.094146,-0.103663,-0.115347,-0.000763,-0.006196,0.113119,0.002090,0.079081,-0.068310,0.116289,0.049904
AM-404,-0.001421,-0.081034,0.103948,0.094703,0.005934,0.100689,0.075370,-0.075381,-0.096709,-0.074951,0.047565,-0.000445,-0.054257,0.098977,0.088644,0.101428,0.073366,0.028710,0.088971,-0.019941,0.062138,0.087472,0.056114,-0.096149,-0.047873,-0.109541,-0.056777,-0.088934,0.058390,0.097198,0.109127,0.046357,-0.023089,-0.069982,-0.027817,-0.163324,0.086600,-0.091061,0.005033,0.076552,0.014645,0.190785,0.073083,0.001529,0.123292,0.030975,0.057116,0.059528,0.001165,0.005878
AMG-9810,-0.026479,-0.077727,-0.043400,-0.039175,0.088908,0.021696,0.006070,0.077211,0.000543,-0.003812,-0.010066,-0.120818,-0.140636,-0.019887,-0.021973,0.006880,-0.019723,-0.122620,0.051546,0.129096,0.020883,0.211866,0.061273,-0.139931,0.027631,-0.014579,-0.020786,0.081741,0.100385,-0.025719,-0.083328,-0.245205,-0.166999,0.033622,-0.213382,-0.157515,0.043011,0.015445,0.020199,-0.038068,-0.048286,0.016385,0.024735,0.002652,0.108403,-0.091776,-0.012136,-0.016931,0.130990,-0.017190
AT-CSC-07,-0.117878,0.042689,-0.113630,-0.100985,-0.063273,-0.132828,-0.042623,-0.102581,-0.185104,0.006935,0.012658,-0.175614,-0.174640,-0.058129,-0.141312,-0.168731,-0.134769,-0.133429,-0.108341,0.124013,-0.065808,-0.092306,-0.033535,-0.057500,0.062247,-0.116649,-0.073595,0.054488,0.045758,-0.100249,-0.168776,-0.230617,-0.111624,0.064124,-0.016142,-0.154295,-0.076414,-0.021820,-0.153044,-0.126657,-0.108935,-0.221569,-0.078944,0.101233,-0.095539,-0.042732,-0.079281,-0.102764,-0.071218,-0.063092
AT-CSC-18,-0.130641,-0.004989,-0.100946,-0.123139,-0.052037,-0.012578,0.012338,-0.062221,-0.109474,-0.092432,-0.066379,-0.007295,-0.125027,-0.056573,0.089505,-0.069791,-0.088690,-0.094486,-0.079429,0.119538,-0.005208,-0.052483,0.065202,-0.015092,-0.003322,-0.005488,-0.007126,0.029078,-0.052235,-0.031380,-0.141573,-0.143445,0.019234,-0.092730,-0.128326,-0.142831,-0.000336,-0.126201,-0.077561,-0.006478,0.113501,0.010505,-0.090571,-0.075360,0.067264,0.128972,-0.045958,-0.092584,0.092063,-0.043242
AZD-1480,0.125929,0.063188,0.106759,-0.103739,-0.058513,0.090010,0.085234,-0.051942,0.097291,0.088254,-0.039922,0.066921,0.146946,0.090565,0.071794,0.056019,0.079140,0.136475,0.057447,-0.132526,-0.064806,0.046699,-0.056230,-0.083200,-0.049563,-0.060307,-0.039738,-0.143552,0.042435,0.093638,0.114059,0.136864,0.123785,0.055410,0.102925,0.139404,0.082745,-0.071609,0.110684,0.085105,0.122034,0.187946,0.032845,0.128126,0.028840,0.088877,0.117431,0.061698,-0.072437,0.066662
AZD-7545,0.091984,0.047687,0.085386,-0.001825,0.072258,0.111652,0.089888,0.017482,-0.105375,0.029121,0.004872,-0.093439,-0.047592,0.101615,0.083645,0.078691,-0.074712,-0.113218,0.089087,-0.090571,-0.053132,0.103956,-0.000697,0.110848,0.071570,0.175715,0.115380,0.010976,0.097389,-0.053600,0.077819,-0.082125,0.080549,0.004083,0.100120,-0.004343,0.126951,-0.118097,0.092242,0.002568,-0.109628,0.078480,-0.145442,0.012351,0.089709,-0.091155,0.080559,-0.068193,-0.074345,0.004603
AZD-7762,-0.107413,0.042558,-0.104853,-0.133049,-0.044117,-0.092458,-0.067360,-0.045485,-0.105830,0.089796,-0.047498,-0.125934,-0.261397,-0.128369,-0.074452,-0.075957,-0.088813,-0.222972,-0.085945,-0.121954,0.095275,-0.058916,-0.083657,0.071300,0.046580,-0.069324,0.051042,0.099932,0.037129,-0.073527,-0.113126,-0.199103,-0.416965,0.083466,-0.146287,-0.195216,0.086281,0.131408,-0.070703,-0.081843,-0.068478,-0.156311,0.094694,-0.134665,-0.070272,-0.087451,-0.099391,-0.089384,-0.093342,0.058486
BH3I-1,-0.100226,-0.061391,-0.003390,-0.140962,-0.059076,-0.112019,-0.083807,-0.092115,-0.133577,-0.123662,-0.114364,0.090386,0.131331,-0.108924,-0.084963,-0.084637,-0.086458,0.083784,-0.004472,-0.103766,-0.100745,-0.064504,-0.073365,-0.098804,-0.062772,-0.089849,-0.064846,-0.096390,-0.050842,0.079550,0.006445,0.140951,0.094671,-0.105063,-0.130516,-0.031256,-0.054517,-0.137987,-0.057595,0.012451,-0.005108,-0.138830,0.086852,-0.002056,-0.062973,0.059127,-0.090459,0.001132,-0.116285,-0.013171
BI-2536,-0.104374,-0.067971,0.092971,0.004533,0.059356,-0.081059,0.019061,-0.074334,0.262965,-0.008436,0.046339,-0.152547,-0.195021,-0.067384,0.087592,0.085972,-0.042546,-0.145756,0.068169,-0.012672,0.043752,0.055838,0.004133,-0.014943,-0.056700,-0.213276,-0.100062,0.089584,0.042088,0.043496,0.109594,-0.215317,-0.284601,-0.058282,-0.130782,-0.142706,0.078414,0.013790,-0.062658,0.001170,0.105751,-0.137370,0.112265,0.093380,0.089234,0.088296,0.057365,-0.008478,0.085617,-0.061004
BIX-02188,-0.014621,-0.009511,-0.019694,-0.249396,-0.085891,-0.105468,0.128998,0.099742,-0.061948,0.038287,0.006995,-0.101015,-0.125160,-0.110213,-0.015130,-0.076108,-0.003078,-0.152072,-0.094588,-0.143702,0.096266,0.014119,0.019709,-0.003054,0.002572,0.058742,0.091790,-0.073986,0.028428,-0.109672,0.014601,-0.039248,-0.114271,-0.165591,-0.175344,-0.062127,0.076634,0.021828,0.002766,0.102794,0.134317,0.144752,-0.006029,0.150158,0.057008,0.030599,0.013292,-0.075951,-0.034655,0.092811
BMS-509744,-0.015772,0.117283,0.010942,0.009360,0.010473,0.060656,0.110207,0.122728,0.149773,0.040720,0.089359,-0.153811,-0.224051,-0.017740,0.000409,0.016741,0.056134,-0.184613,-0.020549,-0.168681,0.156555,0.076919,0.016116,0.114466,0.138317,0.156121,0.117901,0.029107,0.099923,-0.055756,-0.068743,-0.243648,-0.398639,0.031152,-0.039144,-0.038343,0.036268,-0.141012,0.124868,-0.098213,0.100875,-0.009044,-0.126922,0.120342,0.099899,-0.172568,0.047886,-0.088533,0.044164,0.122783
BW-B70C,-0.008956,0.061601,0.066189,0.118713,0.012506,0.176678,0.105578,0.072516,-0.160767,0.090323,0.093908,-0.162652,-0.247084,0.128622,0.058277,0.091827,-0.067809,-0.205294,0.028804,0.097826,0.091463,0.087019,0.089231,0.087013,0.068612,0.169949,0.118561,0.110455,0.074827,-0.077038,-0.129334,-0.306876,-0.351253,-0.004628,-0.003598,-0.119913,-0.009911,0.029023,0.085711,-0.014968,-0.014413,-0.102328,-0.115942,0.168010,0.082498,-0.144938,0.079987,-0.001717,-0.088728,0.086421
CD-1530,-0.096665,-0.080929,-0.158973,-0.165901,-0.076561,-0.088388,0.062353,0.054404,-0.118375,-0.097096,0.077669,-0.129391,-0.170797,0.085980,-0.053387,-0.077576,-0.112248,-0.232472,0.075194,-0.095951,0.083506,0.077553,-0.048489,-0.079104,0.039095,0.073214,0.044409,0.110085,0.089227,-0.118241,-0.107539,-0.146701,0.156650,-0.065363,-0.107734,-0.119940,0.085174,-0.160529,-0.125048,-0.102429,-0.138456,0.097502,0.065759,0.122379,0.135807,0.149711,-0.043942,-0.102574,-0.144449,0.098837
CG-930,0.096364,0.056997,0.086332,-0.135797,-0.063608,0.114441,0.055502,0.087340,0.032100,0.009409,-0.046798,0.097310,0.165374,-0.081960,0.053804,0.081840,0.104887,0.122300,0.104146,-0.174693,0.095265,-0.005161,-0.047536,-0.082765,-0.059418,0.119668,0.069258,-0.076705,-0.005966,0.115396,0.109437,0.041921,0.124068,-0.063974,0.092426,0.097634,0.089971,-0.127385,0.014910,0.084731,0.098052,0.110521,0.053132,0.005878,-0.071131,0.100420,-0.004202,0.004171,-0.131146,0.102912
CGP-12177,0.104573,-0.064168,0.136424,0.117447,0.004019,0.127987,0.062509,0.076578,0.000295,0.037395,-0.054043,0.023903,0.168200,0.070679,0.090808,0.122343,0.088316,0.149475,0.009445,-0.019558,-0.014406,0.016636,0.006198,-0.061437,0.053058,-0.070138,-0.047509,-0.106362,0.057348,0.072260,0.082701,0.086713,0.145381,0.046345,-0.013303,0.041391,0.019397,-0.128804,0.104099,0.078442,-0.060040,-0.099570,0.000469,0.086673,0.081375,0.077254,0.058378,0.075663,-0.013275,-0.046169
CGS-21680,-0.086896,0.007341,-0.122663,-0.150993,-0.012027,-0.147037,-0.115906,0.092356,-0.139022,-0.008882,-0.056876,-0.072617,-0.141767,-0.035742,-0.034901,-0.016141,-0.121544,-0.029441,-0.137953,-0.022762,0.093800,-0.138502,-0.043916,-0.044499,-0.092235,-0.181343,-0.140457,0.013720,-0.058043,-0.022904,-0.146939,-0.193638,-0.145270,-0.069703,-0.000695,-0.235719,-0.096250,0.082771,0.004944,-0.104507,-0.152707,-0.214228,0.110274,-0.024266,-0.138808,-0.095001,-0.036126,-0.111005,-0.006930,0.000953
CNQX,0.071616,-0.079308,-0.071460,-0.128357,0.000399,-0.156025,-0.057615,-0.078179,0.009080,0.055889,-0.063622,0.021190,0.099794,0.066201,-0.083233,-0.071926,-0.076548,0.068724,0.005479,-0.082324,-0.090061,-0.074169,-0.077683,-0.081353,-0.061318,0.093774,0.004551,0.004374,-0.064152,0.014418,0.075140,0.150671,0.159951,-0.098393,-0.128204,0.155163,-0.078675,-0.101501,-0.083038,-0.007954,0.000458,-0.026809,0.012033,-0.080904,-0.056445,-0.015691,-0.067030,-0.058550,-0.114155,-0.051010
CO-102862,-0.058918,-0.035287,-0.094100,-0.115518,-0.064327,-0.131193,-0.085315,0.072860,-0.141245,-0.010707,-0.069297,-0.067021,-0.095998,-0.129951,0.002411,-0.055229,-0.059374,-0.106368,-0.103845,0.096893,-0.019324,-0.107843,-0.013764,-0.084074,0.006211,0.100672,-0.058770,0.097632,0.019633,-0.085640,-0.118847,-0.009868,-0.142690,-0.072831,-0.186590,0.096159,-0.096484,0.112338,-0.023073,-0.099205,-0.081912,-0.197437,0.082346,-0.114577,-0.108524,-0.020452,-0.066385,-0.112826,-0.132753,-0.059422
EPZ-5676,-0.041465,0.119761,0.106146,0.129624,-0.057023,-0.101128,0.052859,-0.096321,-0.086080,-0.058971,0.038027,-0.155804,-0.251412,0.058622,-0.048774,-0.075831,-0.160052,-0.120199,-0.071868,-0.087642,0.046101,-0.037083,0.074016,0.144066,0.117032,0.082690,0.106235,-0.118784,0.104557,-0.078867,0.135603,-0.084508,0.205264,-0.110147,0.172998,-0.105433,-0.032837,-0.160902,-0.112238,-0.088795,-0.083754,-0.148443,-0.047384,0.160629,0.129848,0.183849,0.095464,0.067160,-0.186014,0.047234
EX-527,0.057926,0.054858,0.066835,-0.019211,-0.071792,0.121965,0.063511,-0.003843,-0.077428,-0.076371,-0.071647,0.082229,0.007657,-0.007228,-0.056481,0.006178,0.060433,0.055342,-0.067936,-0.093261,-0.060298,-0.113756,0.010826,-0.076965,-0.069486,-0.119111,-0.069415,-0.094059,-0.063749,-0.005617,0.102912,0.158046,0.151634,-0.082886,-0.089964,-0.016642,0.040638,0.010788,-0.003034,-0.076225,-0.001461,-0.116523,-0.000882,-0.008180,-0.018578,0.116973,-0.003582,-0.011615,-0.104035,-0.067013
GBR-12783,-0.017803,0.068627,0.129350,-0.100336,0.002267,0.098671,0.048775,0.071974,0.137194,0.004259,0.062776,-0.083241,-0.073542,0.070254,0.070487,0.062338,-0.046859,-0.080782,0.052344,-0.114766,0.052071,0.058817,0.045151,-0.002426,-0.030722,0.021969,0.064029,-0.009051,0.047479,-0.046836,-0.000153,-0.068083,-0.077403,0.058946,-0.165442,-0.096999,-0.042728,-0.148297,0.049287,-0.052547,-0.007426,-0.075357,0.077137,0.085047,-0.002570,-0.071292,0.057144,-0.003506,-0.071023,0.068692
GBR-13069,0.091707,-0.111513,0.134595,-0.092053,-0.058387,-0.009660,0.072483,-0.003045,0.292472,-0.020117,-0.079567,0.148969,0.164361,0.078945,0.142286,0.111739,0.091956,0.144581,0.118423,-0.014439,0.130185,0.104184,-0.051327,-0.146582,-0.119730,0.162139,-0.003433,-0.109487,-0.093535,0.094181,0.170852,0.214948,0.281868,0.079992,-0.127880,0.127634,0.103432,-0.223524,0.020911,0.005214,0.109709,0.097421,-0.085185,0.017337,-0.040498,0.168489,0.082809,0.107407,0.125095,-0.066170
GDC-0068,-0.064480,-0.067398,0.097061,-0.046214,0.064423,0.127455,0.075779,0.000541,-0.060467,0.096528,-0.069563,0.080682,0.194658,0.119420,0.003722,0.067734,0.011936,0.136820,-0.021718,-0.101562,-0.061315,-0.015312,0.066375,-0.006286,-0.005740,0.003637,-0.001271,-0.127734,0.064391,0.128874,-0.077314,0.004736,-0.103410,0.131292,-0.105648,-0.039088,0.091972,-0.176379,0.099229,0.072539,0.154903,0.103139,-0.123792,0.160267,0.066786,-0.018924,0.124785,-0.068076,0.134116,0.063062
GDC-0980,-0.117666,-0.135257,-0.158191,-0.167694,0.065261,-0.123736,0.044827,-0.060420,-0.276904,0.117375,-0.081867,-0.251957,-0.616513,-0.083886,-0.071116,-0.137463,-0.165340,-0.470130,-0.170239,0.142152,0.071131,-0.109287,-0.093695,-0.136209,-0.092565,-0.083167,-0.086975,0.144093,0.062716,-0.125593,-0.411633,-0.500720,-0.527491,0.092265,-0.103238,-0.266505,0.041348,0.157398,-0.075003,-0.202598,-0.116318,-0.286664,-0.085407,-0.095318,-0.095784,-0.296614,0.093117,-0.159285,0.141392,-0.092346
GSK-1059615,-0.145910,0.036612,-0.187663,0.078250,0.074146,-0.069994,-0.064900,-0.085714,-0.263103,0.114698,-0.058711,-0.180282,-0.275963,-0.042649,-0.087255,-0.123212,-0.154945,-0.199567,-0.138819,0.119917,0.026810,-0.084800,-0.081375,0.095513,0.061263,-0.055498,0.055335,0.118504,0.072078,0.044457,-0.298824,-0.342956,-0.354298,0.085520,0.067465,-0.262846,0.041343,0.148037,-0.102787,-0.182923,-0.158916,-0.213579,-0.074210,-0.080517,0.047201,-0.180343,-0.070519,-0.104349,0.117113,-0.063811
GSK-690693,-0.090183,-0.086441,-0.029353,-0.126429,0.078659,-0.137716,-0.006039,-0.008732,0.027552,-0.062987,-0.095686,-0.116778,-0.035142,-0.061754,0.006429,-0.095101,-0.091439,-0.109228,-0.088595,-0.110350,0.078070,0.076790,0.001811,-0.078166,-0.074239,-0.124117,-0.097573,0.022231,-0.050043,-0.055653,-0.159190,-0.111833,-0.126134,0.006708,-0.079853,-0.193140,-0.010561,-0.155297,-0.061592,-0.022084,0.003927,-0.119160,-0.092053,-0.004614,0.100806,0.027795,0.119063,-0.086495,0.106156,0.069621
GW-4064,-0.077829,0.013715,-0.048581,-0.129236,-0.090828,-0.019120,-0.013488,-0.108136,0.101106,-0.098475,-0.010973,-0.009325,0.063059,-0.114426,-0.044995,-0.043710,-0.039153,0.034802,-0.043801,-0.171128,0.021571,-0.016851,0.008075,0.011632,0.051871,0.184110,0.101285,0.019213,-0.051786,-0.013038,0.026859,-0.008364,0.112134,0.032791,0.002909,-0.128425,-0.033906,-0.013911,-0.124295,-0.019893,-0.105286,-0.007544,-0.026415,0.000640,0.010210,0.073954,-0.001218,-0.030154,-0.033184,-0.020705
GW-441756,-0.075193,-0.058356,-0.068543,-0.143756,-0.043012,0.102428,-0.068702,0.005123,-0.021928,-0.043519,-0.082754,-0.118083,-0.143703,-0.067358,0.059377,0.001585,-0.010920,-0.143727,-0.086423,-0.087565,-0.041463,-0.078984,-0.080414,-0.086798,-0.004012,-0.099153,-0.073100,0.116540,-0.000002,-0.110124,-0.095214,-0.186782,-0.283826,-0.064547,-0.113128,-0.132957,-0.065764,-0.027166,0.075790,-0.086548,0.079769,-0.112914,0.070129,-0.140312,-0.078210,-0.032957,-0.063723,-0.115675,0.077786,0.006579
GW-5074,-0.020880,0.056157,-0.120382,-0.109764,-0.052783,-0.099258,0.065807,0.092333,-0.213338,-0.068746,0.047263,-0.091688,-0.139706,-0.095218,-0.085910,-0.109398,0.008626,-0.136141,-0.093488,0.102346,-0.054990,-0.010799,0.042120,0.094262,0.075898,-0.031579,0.066531,0.115619,0.077894,-0.062976,-0.122067,-0.201872,-0.231738,0.099890,-0.139531,-0.129219,-0.056378,-0.110180,0.081992,-0.096667,-0.152448,0.001744,0.067173,-0.173872,-0.003611,-0.182509,-0.091791,-0.016107,-0.105298,0.089626
H-9,-0.004034,0.090738,0.078483,0.133251,-0.005989,0.100083,0.063945,-0.051169,-0.115061,-0.087484,0.054609,-0.119757,0.132299,-0.049209,0.055594,0.062271,-0.067555,0.105129,-0.078179,0.100359,0.110398,-0.058800,0.055610,-0.076406,0.074103,-0.173627,-0.074914,-0.000221,0.089307,0.059346,0.080503,0.093499,0.106770,0.052130,-0.108168,-0.079104,0.046825,0.107787,-0.063180,0.090783,-0.074980,0.121066,0.054964,0.115419,0.102125,0.077852,-0.069290,0.075139,-0.083414,-0.072593
HA-14-1,0.023291,-0.049815,0.158065,0.148799,0.078930,-0.153672,0.130735,0.109474,0.139939,0.162841,0.104055,-0.053650,-0.243391,0.241414,0.137249,0.136058,-0.077372,-0.212626,0.085619,0.155225,0.045268,0.195760,0.126694,0.105287,0.100196,0.182180,0.135539,-0.076095,0.150167,-0.160387,0.128497,-0.076112,0.008645,0.148982,-0.042186,-0.023287,0.170302,-0.031051,-0.060350,0.117777,0.111746,0.160894,-0.080160,0.169979,0.271052,0.175760,0.112110,0.105917,0.153710,0.144162
HG-5-113-01,-0.115192,0.090688,-0.129956,-0.162111,-0.082978,-0.087202,0.049546,-0.103233,-0.244206,-0.090769,0.002714,-0.161979,-0.398826,-0.150578,-0.024575,-0.094038,-0.154460,-0.328624,-0.159549,-0.133260,0.066980,-0.018227,-0.063208,-0.007070,0.013618,0.074507,0.079252,0.153876,0.009434,-0.190771,-0.217824,-0.332590,-0.310615,0.100838,-0.030870,-0.198424,-0.023231,0.187768,-0.119626,-0.105620,-0.116296,-0.193908,0.071849,-0.106752,0.099659,-0.117927,-0.120479,0.057752,-0.142783,-0.044367
HG-5-88-01,0.012945,0.015671,0.001295,0.119006,0.062831,0.110261,0.003861,0.075206,-0.098372,-0.072396,0.053302,0.011582,-0.234641,-0.017087,0.003950,-0.052013,0.003710,-0.204803,-0.016883,-0.155955,0.103093,0.075828,0.083400,0.008807,0.077429,-0.127912,-0.086282,0.009065,0.072533,0.038180,-0.173292,-0.231509,-0.252750,0.000269,0.086899,-0.034371,-0.002501,-0.200803,-0.058545,-0.067814,-0.090062,-0.119322,-0.019211,0.085397,0.100157,-0.145752,0.083914,-0.094535,-0.084710,-0.018221
HG-6-64-01,0.083314,-0.078289,-0.007214,-0.028643,0.059226,-0.005275,0.067357,0.078457,0.180654,0.055767,-0.064697,-0.106040,-0.218684,-0.030732,0.098248,0.097395,0.098263,-0.249967,-0.086741,-0.103383,0.001397,-0.058598,-0.087174,0.006774,0.066948,0.114761,0.081122,0.013386,-0.013182,-0.072942,-0.000496,-0.242346,-0.357855,0.081268,-0.136878,0.084702,0.099479,0.108825,0.099919,-0.141432,0.016720,-0.135829,-0.118360,-0.207311,-0.121046,0.123615,0.092945,-0.071601,-0.136603,0.119252
IB-MECA,0.065276,-0.043227,0.082777,-0.113283,-0.053491,-0.138580,-0.054867,-0.055255,-0.064379,-0.053374,0.037393,0.045533,0.122705,-0.073716,0.073618,0.089766,0.068473,0.157197,0.057291,-0.110823,0.068378,-0.052562,0.037641,0.049869,-0.049247,-0.078865,0.052514,-0.090955,-0.060301,0.097196,0.076418,0.091734,0.162234,-0.095706,-0.123586,0.047098,-0.048392,-0.123751,0.067139,0.083270,0.081749,-0.141548,0.073034,-0.099810,-0.072971,0.099891,0.066923,0.050612,-0.052114,-0.038056
ICI-162846,-0.005580,-0.002466,0.065254,-0.118119,-0.014851,-0.113114,0.042909,-0.008143,-0.036929,-0.091580,-0.063211,0.062838,0.120699,-0.088196,-0.069100,-0.051128,-0.065290,-0.005188,-0.058235,-0.016367,-0.098688,-0.062417,-0.068210,0.011320,-0.060134,-0.132355,-0.062016,-0.079627,0.066565,-0.067964,-0.043944,-0.003128,-0.031968,-0.013982,-0.101453,-0.150420,-0.060290,0.008371,0.065899,0.076356,-0.079231,-0.047007,0.117636,-0.008907,-0.081798,0.004110,-0.087107,-0.058252,-0.112305,-0.070260
JW-7-24-1,-0.160337,-0.038360,-0.073519,-0.139718,0.055608,-0.105651,0.079539,-0.108087,0.204835,-0.176347,-0.137978,-0.223198,-0.562584,-0.079539,-0.104964,-0.181321,-0.209126,-0.448618,-0.124978,-0.110994,0.069410,0.078445,-0.069189,0.088188,0.098804,0.050716,0.076740,0.129668,0.046626,-0.141419,-0.207921,-0.389094,-0.431894,-0.079651,-0.156357,-0.312039,0.064703,0.144955,-0.134471,-0.138426,-0.102328,-0.199221,-0.086891,-0.080561,0.242782,-0.143210,0.052199,-0.136529,0.111716,-0.173363
L-655708,0.063481,0.003230,0.058787,0.154666,-0.016943,0.165098,0.088507,0.014435,-0.020082,0.089390,0.103599,0.113614,0.130177,0.051231,0.055462,0.054450,0.002830,0.133154,-0.014049,-0.093468,-0.036315,-0.041010,-0.049946,-0.077210,-0.009435,0.129539,0.052167,-0.098652,-0.049500,0.084221,-0.002632,0.146205,0.099280,0.098543,0.000116,-0.031706,0.091573,-0.177085,0.134135,0.097883,0.034648,-0.131327,-0.106902,-0.025898,0.027961,0.081121,0.002941,0.060857,0.147483,0.023401
L-689560,0.077333,0.056939,0.082119,-0.121593,-0.064928,0.118549,0.087207,0.063202,0.077947,-0.073329,0.051368,0.154162,0.209425,0.052449,0.037706,0.055152,0.066972,0.186377,0.088565,-0.114464,-0.057886,-0.065688,0.030570,-0.080481,0.047260,0.085467,0.062078,-0.156054,0.036702,0.087242,0.127526,0.257796,0.190807,-0.080169,-0.101059,0.137777,0.043083,-0.117213,0.080472,0.060005,0.132030,0.106992,-0.066584,0.101196,0.052439,0.113793,0.070076,0.059094,-0.112026,0.067770
MK-801,-0.017398,-0.065740,0.073486,-0.001257,-0.016092,-0.112131,0.063440,0.084572,0.246288,-0.008396,0.020306,-0.108280,-0.112271,0.027321,0.094283,0.084262,0.063792,-0.062355,0.002303,-0.154828,0.003389,0.141314,0.072752,0.115251,0.065442,0.102223,0.068174,0.020857,0.054794,-0.081136,0.163032,-0.035364,-0.110217,0.086249,-0.129971,-0.019174,0.095407,0.042416,-0.002737,-0.031092,0.039977,0.017967,-0.033105,-0.019945,0.139651,0.063027,0.023415,0.023628,-0.136307,0.033278
MMPX,0.082067,0.074211,-0.088172,-0.101233,-0.096772,0.103733,-0.081541,0.070770,-0.145658,-0.122648,-0.065920,-0.064998,0.216554,-0.097238,-0.080931,-0.056690,0.065806,0.132159,-0.078947,-0.184476,0.064989,-0.088951,-0.064677,-0.084478,-0.043118,0.106075,-0.072756,0.035762,-0.057152,0.122294,-0.083469,0.256592,0.102743,-0.157065,-0.121524,0.196039,-0.061862,-0.135383,0.070185,-0.068265,0.106148,-0.185026,0.159079,-0.072156,-0.145870,-0.106864,-0.042489,-0.064508,0.102745,-0.049653
NCS-382,-0.078119,0.092150,-0.080067,-0.109340,-0.042990,0.088433,-0.094685,-0.048883,-0.129180,-0.086673,-0.040055,-0.085883,-0.008976,-0.099688,-0.069153,-0.084064,-0.097759,0.081794,-0.050685,-0.111765,-0.080746,-0.076495,0.047497,-0.062782,-0.076424,-0.142111,-0.060891,0.002736,0.005250,0.061248,-0.069000,-0.086946,-0.112996,-0.047342,-0.087159,-0.098154,-0.005355,-0.079567,-0.073441,0.059431,-0.132372,-0.169046,0.106096,-0.104615,-0.056587,-0.061746,-0.065500,-0.069226,0.086333,-0.061890
NNC-63-0532,0.014979,-0.069109,-0.108354,-0.014515,-0.069738,-0.019189,-0.067928,0.071434,-0.155310,-0.020604,-0.085840,-0.087636,0.114846,-0.055815,0.061708,0.017302,-0.016181,0.077767,-0.097383,0.022595,-0.168662,-0.098718,-0.053599,0.019606,-0.008273,0.239713,0.051872,0.093676,0.069814,0.001840,-0.088297,-0.108382,0.062412,-0.000549,-0.033269,-0.039142,-0.069684,0.015623,0.030685,-0.124685,-0.118327,-0.204616,-0.042530,-0.176153,-0.058934,-0.080034,0.004601,-0.065644,0.015326,-0.028749
NSC-632839,-0.170045,0.106191,0.084967,-0.096988,0.034154,-0.101557,0.159577,-0.113184,0.190266,-0.054429,0.086862,-0.246936,-0.343594,0.060653,-0.084698,-0.079374,-0.114461,-0.232477,-0.133823,0.080188,0.130956,0.123827,0.100111,0.172684,0.146493,-0.088899,0.056674,0.120785,0.120550,-0.108493,0.155510,-0.200026,-0.262115,-0.027806,0.131802,-0.256791,0.135871,-0.101574,-0.191646,-0.042549,-0.063561,0.131408,0.091114,0.154951,0.292393,0.161737,0.056723,0.127739,0.159323,-0.039340
NSC-693868,-0.066902,0.081387,-0.056463,-0.134657,-0.080896,-0.130206,-0.086229,-0.084192,-0.112311,-0.081319,-0.054395,-0.001702,-0.008519,-0.069687,0.053885,0.050934,-0.063965,-0.022334,-0.005259,-0.136496,-0.056005,-0.080638,-0.067298,-0.081875,0.059766,-0.174566,-0.093424,-0.077496,-0.017554,-0.081047,-0.066178,0.072873,0.238373,-0.132434,-0.116489,-0.049768,-0.055128,-0.111664,-0.054286,-0.016474,-0.118415,-0.139358,0.054210,-0.135498,-0.067576,0.078057,-0.101596,-0.053130,-0.096217,0.000654
NVP-AEW541,0.061291,-0.075958,0.107717,-0.098295,0.034141,0.126899,0.043752,0.144632,0.333322,0.097096,0.054796,-0.204864,-0.383662,-0.051464,0.072073,-0.091191,0.113750,-0.264628,-0.070908,0.087056,0.039922,0.059591,0.058810,0.070427,0.049501,0.105021,0.062317,0.110379,0.067021,-0.132949,-0.159176,-0.413805,-0.358045,0.117249,0.113088,-0.225070,0.095075,-0.149140,0.119655,-0.075185,-0.064739,0.091742,-0.099069,0.093889,0.077510,-0.183669,0.068567,-0.120198,0.104804,0.082350
NVP-AUY922,-0.073058,-0.077338,-0.094901,-0.169736,-0.083696,-0.110413,-0.091368,0.072289,-0.023178,-0.088984,-0.080210,-0.173405,-0.282057,-0.088655,-0.096038,-0.082992,-0.016738,-0.133485,-0.094037,-0.142472,0.116364,-0.097252,-0.127131,-0.130469,-0.073399,-0.103792,-0.099425,0.059402,-0.098629,-0.089477,0.116738,-0.184752,-0.366756,0.005190,-0.181747,-0.086762,-0.091728,-0.113263,-0.068243,-0.120475,0.112456,-0.183363,0.021386,-0.178599,-0.194912,0.188431,-0.081464,-0.090193,-0.101889,-0.002239
OBAA,-0.138003,0.049381,-0.157254,-0.104500,-0.048746,-0.069481,-0.070814,-0.101247,-0.274578,-0.070287,-0.062508,-0.169418,-0.160167,-0.078487,-0.115649,-0.105878,-0.137429,-0.132645,-0.154096,-0.001978,-0.050358,-0.087604,-0.075922,-0.049562,0.057590,-0.123585,-0.088379,0.152345,-0.001316,-0.091476,-0.185080,-0.244277,-0.142337,-0.070115,0.087860,-0.229317,-0.125303,0.103431,-0.109809,-0.151027,-0.184795,-0.168113,-0.001732,-0.138556,-0.119386,-0.188600,-0.098250,-0.113968,-0.093918,-0.095951
OMDM-2,-0.076399,0.064704,0.072702,0.009477,0.012910,0.003540,0.000195,0.079064,0.105462,-0.083225,-0.110278,-0.042075,0.031680,-0.089296,0.052111,0.021212,-0.094780,0.029242,0.053314,-0.098196,0.007853,0.063447,0.087385,0.002626,0.032748,-0.178356,-0.098165,-0.004823,0.063130,0.057024,0.019075,-0.142860,-0.072874,-0.035389,-0.187268,-0.194196,0.009770,-0.120693,-0.061447,-0.087632,-0.122152,0.056619,0.111165,0.086510,0.044131,0.001690,-0.019989,-0.005104,-0.142422,0.064719
OSI-027,-0.071948,-0.055480,-0.062739,-0.000311,0.095847,0.127302,0.095861,0.077882,-0.004394,0.077101,-0.048100,-0.123752,-0.187935,0.088530,0.144192,0.092378,-0.068963,-0.120020,-0.059025,0.126009,0.060225,0.099770,0.049748,-0.074816,0.039210,0.121131,0.059390,-0.079484,0.073009,0.147357,-0.207376,-0.191417,-0.307956,0.065568,-0.001987,-0.146503,0.085645,-0.131481,-0.058726,-0.106613,0.083917,-0.119525,-0.103855,0.118202,0.111728,-0.217956,0.151406,-0.124962,0.173681,-0.058440
P-1075,0.047899,-0.052438,0.034987,-0.108615,-0.054711,0.077435,-0.083149,0.001388,-0.142378,-0.069517,-0.058471,0.008805,0.016971,-0.077827,0.000432,0.062592,-0.070897,0.040564,-0.065050,-0.120309,-0.077704,-0.096081,-0.060762,-0.116233,-0.078872,0.062913,-0.068915,0.037499,-0.060738,-0.011848,-0.080307,0.006274,-0.019819,-0.067621,-0.130829,0.144611,-0.088885,-0.164641,-0.083136,0.017232,-0.141371,-0.105086,0.082976,-0.103251,-0.090115,-0.097642,-0.056107,-0.053841,-0.130457,-0.070270
PAC-1,-0.068239,0.070492,0.003682,-0.079561,0.092511,0.123986,0.124858,0.089049,0.141759,0.094946,0.075201,-0.088996,-0.240268,0.142794,0.095339,0.111334,-0.061823,-0.304151,0.221519,0.103135,0.180655,0.337627,0.124767,0.133988,0.109185,0.007578,0.094112,0.070613,0.121183,-0.098553,0.116521,-0.234953,-0.385692,0.156328,0.027174,-0.075070,0.168890,-0.149246,0.052172,0.089565,0.100076,0.156433,-0.171394,0.105863,0.183519,-0.079371,0.115825,0.071115,0.126096,0.063304
PD-0325901,0.208605,-0.079474,0.090436,-0.083928,0.044041,0.108247,0.075351,0.105746,0.182787,0.075600,0.068171,0.121613,0.117458,0.047847,0.080993,0.079481,0.164220,0.105308,0.074390,-0.106794,0.062728,0.108531,-0.077752,-0.132639,-0.112344,0.098636,-0.038301,-0.106678,-0.077368,0.076711,0.096154,0.109444,-0.186690,0.086377,-0.083700,0.256612,0.108239,-0.126736,0.120747,0.083087,0.174906,0.198816,-0.106049,0.070091,-0.099062,0.064630,0.036014,0.096472,-0.090565,0.099407
PD-123319,0.004725,-0.009143,-0.000987,-0.098813,-0.059026,-0.008312,-0.066223,0.074439,-0.121801,0.068421,-0.014442,0.011971,0.016692,-0.010596,-0.069695,-0.059015,-0.030580,-0.000533,-0.004850,-0.129610,-0.014704,0.058799,-0.054591,-0.026576,-0.062658,-0.108783,-0.102163,-0.021143,0.061112,-0.094213,-0.084842,-0.034102,-0.149375,0.104437,-0.129085,0.027719,-0.067791,-0.154202,-0.059356,-0.007680,-0.096792,-0.096163,-0.060355,0.020176,-0.103812,-0.047721,-0.009700,-0.081052,0.065289,-0.054803
PD-166793,-0.033029,-0.000235,0.010890,0.133990,-0.062008,0.033551,-0.058244,-0.089476,-0.204264,-0.125608,-0.084057,-0.152222,-0.033720,-0.015356,0.017184,0.002688,-0.098487,0.032864,-0.066499,0.156771,-0.136861,-0.105480,-0.013925,0.021663,-0.002353,-0.006943,0.003485,0.017361,-0.037138,0.104500,-0.081632,-0.102971,-0.034515,-0.007915,0.135696,-0.222158,-0.154126,-0.041694,-0.001335,-0.069307,-0.099061,-0.116239,-0.032852,-0.089346,-0.023345,0.001231,0.102236,-0.027152,0.019645,-0.038680
PIK-75,-0.087259,0.070699,-0.217110,0.156131,0.103761,-0.125950,-0.112868,-0.078566,-0.215926,0.161908,-0.033966,-0.163396,-0.353802,0.060703,-0.173475,-0.128478,-0.102197,-0.406977,-0.086820,0.114842,-0.083142,-0.114805,-0.122767,-0.110939,-0.072083,-0.141122,-0.089479,0.207509,0.078622,-0.243748,-0.232966,-0.302813,-0.390727,0.114744,-0.093921,-0.122215,-0.145132,0.238676,-0.097384,-0.146663,-0.116511,-0.229234,-0.067204,-0.261606,-0.193715,-0.281747,-0.163680,-0.104334,0.056309,-0.076646
QL-X-138,-0.135606,-0.012707,-0.185216,-0.178911,-0.117805,-0.139568,0.066414,-0.085562,-0.196747,-0.131165,-0.120800,0.077637,0.021593,-0.157292,-0.019336,-0.135683,-0.175563,0.090863,-0.179720,-0.127826,-0.044763,-0.095380,-0.104894,-0.145280,-0.024669,0.060250,-0.009226,0.084580,-0.053387,0.126809,-0.274252,-0.154253,-0.124889,-0.171564,-0.301329,-0.120456,0.071467,-0.004096,-0.089296,-0.120393,0.015351,-0.197275,0.093753,-0.001672,0.142525,-0.117903,0.075281,-0.120014,0.001337,-0.098195
QL-XI-92,-0.069410,-0.072245,-0.103840,-0.167865,0.046944,0.121808,-0.051836,0.079300,-0.084966,0.045993,0.041511,-0.084097,-0.223225,-0.079376,0.045509,-0.079400,0.068247,-0.207279,-0.054488,0.096663,0.042591,0.073730,-0.053011,0.085208,0.045556,-0.049027,-0.060340,-0.083469,0.043346,-0.092646,-0.064934,-0.245255,-0.170281,0.062382,-0.103817,-0.055705,0.052737,-0.097648,0.071814,-0.081003,0.105785,-0.098962,0.075135,0.113700,0.049285,-0.180587,-0.054162,0.058634,0.122261,0.034116
QL-XII-47,-0.226992,0.082319,-0.165528,-0.163043,-0.095340,-0.172937,0.103097,-0.219651,-0.280892,-0.170547,-0.128498,-0.101141,-0.204946,-0.099262,-0.201353,-0.215848,-0.241372,-0.110431,-0.165839,-0.117654,-0.067918,0.005668,0.028488,0.135495,0.124280,0.122410,0.077477,0.106051,-0.000821,-0.078232,-0.175232,-0.158241,0.085010,-0.140276,-0.247995,-0.298223,0.142451,-0.160221,-0.251357,-0.089468,-0.099333,-0.165031,0.186217,0.152452,0.353204,0.083448,-0.111015,-0.000940,-0.015499,-0.153041
SANT-1,0.013502,0.057186,-0.055408,0.125509,0.057900,-0.005790,0.075866,-0.053117,-0.139447,-0.008152,0.003014,-0.070858,0.092096,0.110654,0.011593,0.060550,-0.008443,0.063737,-0.046636,0.094140,0.005541,-0.020051,0.060394,0.119168,0.067987,0.092539,0.010572,-0.011608,0.083610,0.022229,-0.081654,-0.000925,-0.138568,-0.081553,0.111749,-0.005641,-0.104099,-0.127547,-0.069863,-0.071213,-0.119190,0.068908,-0.094974,0.111279,0.077704,-0.094301,0.080536,-0.059410,0.091469,-0.008472
SB-203580,-0.105908,0.007470,-0.102307,-0.133504,0.000788,0.093823,-0.057192,0.075742,-0.086297,-0.065461,0.004639,-0.028095,0.014688,-0.080427,-0.068378,-0.050371,-0.011412,-0.006644,-0.096958,-0.100629,-0.083443,-0.089576,-0.060917,-0.070018,0.003553,0.068737,0.013083,0.087656,-0.045714,-0.070737,-0.113188,-0.151536,-0.207646,-0.074573,-0.095879,-0.130670,-0.084643,-0.116742,0.056623,-0.073222,-0.098859,-0.170222,0.013659,-0.156127,-0.048236,-0.124849,-0.068386,-0.083718,-0.078979,-0.015607
SB-205607,-0.172637,-0.052932,-0.130057,-0.117172,-0.042505,0.120954,-0.103446,-0.061830,-0.170785,-0.045263,-0.053621,-0.177979,-0.210562,-0.105001,-0.064369,-0.083144,-0.196956,-0.165958,-0.116303,0.006733,0.003587,-0.060771,-0.074351,0.075869,-0.013170,0.014805,0.073007,0.187880,0.071025,-0.090953,-0.260864,-0.327885,-0.279043,0.002952,-0.110758,-0.245846,-0.109530,0.126265,-0.134036,-0.137431,-0.182335,-0.245052,0.091466,-0.180427,-0.114514,-0.172230,-0.075934,-0.115134,0.115981,-0.054020
SB-239063,-0.004476,-0.068257,0.057681,-0.151448,-0.040692,-0.068923,-0.007107,0.080386,-0.034112,-0.012167,-0.062111,0.005683,0.116644,-0.059485,0.015449,-0.008194,0.097908,0.105239,-0.062069,-0.131286,-0.150717,-0.099200,-0.072339,-0.129494,-0.073262,-0.012954,-0.064056,-0.069020,-0.060185,0.080999,-0.014287,-0.065540,-0.041916,-0.008112,0.007121,0.006353,0.062138,-0.128529,-0.023547,0.053833,-0.078754,-0.022469,0.049372,-0.084046,-0.007139,-0.092264,0.063273,-0.062371,-0.111605,0.070346
SB-366791,-0.152266,-0.061635,-0.153395,-0.084167,0.004932,0.109469,-0.093782,-0.112541,-0.129107,-0.007341,-0.061026,-0.049452,0.065159,-0.103993,-0.087578,-0.109452,-0.152400,0.054635,-0.018931,0.052270,-0.101818,-0.043230,-0.074425,-0.080684,-0.065009,-0.101643,-0.093632,0.048256,-0.105858,0.108757,-0.064474,-0.079375,-0.060941,-0.032297,0.041456,-0.140322,-0.131356,-0.066645,-0.096727,-0.017096,-0.117990,-0.071017,-0.102936,-0.102924,-0.175310,-0.062457,0.054716,-0.094034,0.197266,-0.082681
SB-590885,0.124410,-0.109017,0.116635,-0.087236,-0.030547,-0.086002,0.068092,0.062553,0.260945,0.041775,-0.067200,0.082490,0.081114,0.056502,0.095107,0.106298,0.116634,0.113572,0.053731,-0.106181,-0.045949,0.066207,0.088231,-0.100355,-0.075486,-0.072589,-0.067517,-0.112687,-0.055202,0.055762,0.155440,0.062877,0.196991,0.051183,0.097409,0.151519,0.111382,-0.117213,0.091471,0.114289,0.102847,0.156230,-0.044439,0.085746,-0.076467,0.105184,0.074736,0.065348,0.096125,0.077693
SDZ-NKT-343,0.008272,0.062248,-0.090339,0.001753,0.018195,-0.120362,0.077017,0.002195,0.079697,0.062459,0.005900,-0.063830,-0.134388,-0.044319,0.007623,-0.037240,-0.073492,-0.127725,0.031179,0.100476,0.049359,-0.000906,0.012950,0.059521,0.083621,0.050251,0.081410,0.072907,0.000955,-0.115729,0.043406,-0.108147,-0.172279,0.011581,0.004896,-0.027585,-0.011335,-0.008704,0.013281,-0.013446,0.013083,0.095798,-0.002472,0.013590,0.060467,0.097546,-0.089343,0.004112,-0.025609,0.009643
SN-38,-0.128656,0.062580,-0.203170,-0.096875,-0.074921,-0.152539,0.055165,-0.009984,-0.161643,0.091783,-0.047209,-0.117102,-0.329087,-0.087856,-0.051574,-0.079927,-0.181379,-0.392999,-0.118136,-0.108989,-0.048594,-0.094431,-0.063929,0.102673,0.070567,0.118366,0.094888,0.212061,0.083496,-0.278849,-0.271469,-0.397157,-0.242619,0.093585,-0.127729,-0.256507,0.087618,0.146033,-0.144113,-0.192711,-0.266880,-0.213579,-0.068044,-0.176877,0.094248,-0.192950,-0.190629,0.102171,-0.015813,-0.061764
SU-11274,0.178330,-0.059602,0.196914,-0.098430,0.091014,0.091098,0.062419,0.108945,0.341315,0.089796,0.061155,0.114203,-0.187187,0.074039,0.172618,0.142395,0.173121,-0.131523,0.129519,-0.122756,0.092008,0.089659,-0.044304,-0.067011,-0.106548,0.050792,0.062262,-0.127376,-0.107645,-0.051083,0.203850,0.146393,0.085580,-0.043680,0.070977,0.200869,0.168885,-0.114195,0.146242,0.114779,0.168269,0.173183,-0.130927,0.079737,0.111427,0.214692,-0.049699,0.051856,-0.065434,0.086380
SU-4312,0.049842,0.077032,-0.053664,0.145351,0.043343,0.105909,0.062240,-0.070406,-0.160096,-0.078277,0.038389,0.063259,-0.120302,0.066014,0.104105,0.076690,0.101143,-0.120820,0.082727,0.092139,0.072791,0.083004,-0.064327,0.044295,-0.052847,0.082842,0.093512,-0.087379,0.041872,0.063469,0.086899,-0.067349,-0.117744,0.072008,-0.107409,-0.068249,0.067669,-0.103585,0.091822,0.049964,0.058975,0.095311,-0.065412,0.096840,0.048417,-0.050900,0.059776,0.064860,-0.085673,0.071786
THZ-2-98-01,-0.014743,0.083444,-0.012608,-0.134572,-0.056360,-0.121498,-0.074992,-0.002456,-0.007582,-0.089633,-0.053210,0.028343,0.177111,0.066657,0.082008,0.015668,0.079456,0.120069,0.091969,-0.006426,-0.076858,-0.002188,0.056250,-0.017666,0.063724,-0.148146,-0.094759,-0.158149,0.007178,-0.056751,0.210899,0.307834,0.342455,-0.037106,0.002851,-0.004737,0.002566,-0.137143,-0.021388,0.116814,0.035382,0.000811,0.105458,-0.101751,0.062509,0.185968,-0.090444,0.107061,-0.043125,0.056097
TTNPB,0.123859,-0.042355,0.080313,-0.094194,-0.003905,0.084389,0.083972,-0.003417,-0.089850,-0.049927,0.064210,0.120614,0.142522,0.106479,0.123473,0.104445,0.084626,0.150652,0.089755,-0.102463,0.089703,0.068276,0.055154,-0.078981,0.052728,0.169873,0.123863,-0.119900,0.007995,0.086405,0.105228,0.163219,0.194014,-0.082756,0.113661,0.103697,0.097269,-0.213928,0.006837,-0.002006,-0.071550,0.015169,0.057088,-0.005946,0.087781,0.109656,0.090079,0.104884,-0.103895,0.093656
U-0126,-0.056715,-0.080262,-0.132325,-0.160439,0.046790,-0.094686,-0.054561,0.087127,-0.151514,-0.081116,-0.068174,-0.082011,-0.219008,-0.074466,-0.045438,0.074929,0.072354,-0.215167,-0.069363,0.070733,0.110812,-0.050021,-0.094555,-0.048611,-0.059358,0.058798,-0.067331,0.109585,-0.092726,-0.095060,-0.154189,-0.183379,-0.329622,0.112617,0.089935,-0.073267,0.034090,-0.136405,0.076380,-0.083796,-0.052518,0.059864,-0.067834,-0.094507,-0.092360,-0.157772,-0.065621,-0.081757,-0.098003,0.038566
VX-222,0.140626,-0.077535,0.145143,-0.080107,0.043097,0.122280,0.079487,0.078247,0.120917,-0.066596,0.052192,0.153672,0.228847,0.091108,0.077751,0.098251,0.111657,0.171992,0.070790,-0.120584,-0.104753,-0.098827,-0.030343,-0.090710,-0.107386,-0.100067,-0.082868,-0.095754,0.050110,0.075775,0.218318,0.274177,0.210414,-0.084408,-0.123134,0.178733,0.072268,-0.136080,0.106979,0.115115,0.144227,0.156879,-0.066108,0.104066,0.055675,0.184474,0.091053,0.065086,0.076490,0.054006
WHI-P154,-0.116109,-0.008297,-0.168800,-0.138308,0.007039,-0.175084,0.084333,0.089345,-0.044114,0.035123,0.062410,-0.149706,-0.439080,-0.014027,-0.056004,-0.072554,0.100603,-0.378003,-0.031631,-0.020175,0.098423,-0.008944,0.058184,0.134779,0.090899,0.109597,0.099692,0.100459,-0.003455,-0.176040,-0.176391,-0.378258,-0.497387,0.064476,-0.026977,0.000260,0.029510,0.000146,0.068773,-0.114930,0.134398,0.065177,-0.147551,-0.169308,0.117778,0.160715,0.018384,-0.086032,-0.010034,0.161381
WZ-4-145,0.094349,-0.084975,0.063095,-0.139267,0.059249,0.081627,0.111401,0.108215,0.237167,0.055321,0.050236,-0.083890,-0.356109,0.066060,0.144445,0.110931,0.088865,-0.318802,0.071906,-0.079827,0.098564,0.155200,-0.041809,0.067279,0.057259,0.254383,0.130303,0.045729,-0.059278,-0.121506,0.084531,-0.104809,-0.296283,0.137213,-0.105683,0.132277,0.126798,-0.166045,0.087793,-0.092105,0.107662,0.185837,-0.127170,-0.092379,-0.066732,-0.074976,0.084367,-0.041155,0.150710,0.068019
XMD-1185H,0.052757,-0.091695,0.129442,0.015791,-0.002623,-0.097225,0.082194,-0.002990,0.337678,0.012532,0.076089,0.001297,-0.129150,-0.074431,0.008146,0.037330,0.007477,-0.098340,0.095262,-0.137744,0.000549,0.104877,0.051173,0.075749,-0.101574,-0.204384,-0.108170,-0.015429,-0.002261,-0.009690,0.163375,0.029198,-0.023668,0.058017,0.002567,0.097336,0.105211,-0.019208,0.085421,-0.009762,0.110993,0.009734,0.126077,0.077204,-0.015925,0.107549,0.004949,0.121479,-0.011881,-0.071489
XMD-16144,-0.098604,-0.083911,-0.125209,0.111165,-0.055928,-0.121746,0.061990,-0.040634,-0.091110,0.061080,-0.043341,-0.160468,-0.386618,-0.102600,-0.122064,-0.064354,-0.097954,-0.315728,-0.082489,-0.080990,-0.050055,0.046451,-0.077878,0.064656,-0.085544,-0.112492,-0.107508,0.170523,0.074359,-0.131475,-0.134257,-0.388751,-0.458198,0.070260,-0.147782,-0.160571,0.098298,0.100714,-0.101327,-0.104339,0.073147,-0.157609,0.108236,-0.067339,0.081075,-0.153286,-0.119451,0.104195,0.098323,-0.082493
Y-27632,0.082141,-0.047469,-0.053798,-0.154193,0.041516,0.094992,-0.070480,-0.059245,0.106338,-0.069841,-0.062464,0.136102,0.177975,-0.102817,-0.058384,-0.068241,0.055858,0.160715,0.040362,-0.112806,0.046795,-0.071011,-0.066604,0.090675,-0.075547,0.126984,-0.040761,-0.102075,-0.116629,0.083644,0.053611,0.060226,0.116839,0.082008,0.112462,0.105218,0.053881,-0.113530,0.070940,-0.053316,0.083246,0.128407,0.080746,-0.068262,-0.147403,0.122859,-0.059434,-0.053031,-0.114987,-0.085724
YM-155,-0.084936,0.093798,-0.094543,0.121656,0.074932,-0.120071,0.147634,-0.093595,-0.126995,0.112833,0.093465,-0.144328,-0.229718,0.078092,0.043702,-0.106648,-0.101859,-0.217325,-0.081561,-0.054862,-0.046331,0.152858,0.118518,0.127566,0.155252,-0.073101,0.074347,0.101618,0.135716,-0.116181,-0.082591,-0.120042,0.139501,0.142396,0.079621,-0.162547,0.105093,-0.137054,-0.136196,0.059527,-0.101756,0.083631,-0.067473,0.158170,0.375561,0.092312,0.060762,0.116025,0.101310,0.045447
YM-298198,0.088120,-0.070103,0.077737,-0.119836,-0.060240,0.103826,0.063077,-0.006267,0.100784,0.064325,-0.062798,0.097947,0.161980,0.058330,0.073626,0.074270,0.084156,0.167721,0.079829,-0.114955,-0.107969,0.001672,-0.048489,-0.104762,-0.048347,-0.121884,-0.087472,-0.114614,-0.049748,0.076874,0.164450,0.268345,0.185709,0.054592,0.004021,0.146364,0.056156,-0.097331,-0.065592,0.101241,0.128605,0.096001,-0.079784,0.161527,0.049797,0.161294,0.107162,0.056837,0.156459,0.053517
ZD-7114,-0.018270,-0.056080,-0.040498,-0.145513,-0.076104,-0.155495,-0.093350,-0.050289,-0.199767,0.014682,-0.052028,-0.090499,-0.062907,-0.076785,-0.078709,-0.007601,-0.136092,-0.069583,-0.053382,-0.114410,-0.053543,-0.087427,-0.057951,-0.105833,-0.071879,0.002164,-0.010035,0.156613,0.013167,-0.121877,-0.121557,-0.124224,-0.129303,0.067701,-0.162128,-0.164683,-0.063725,0.006376,0.016538,-0.068467,-0.141766,-0.149051,0.148541,-0.112152,-0.100783,-0.137303,-0.107316,-0.100502,-0.141838,-0.078826
ZG-10,-0.020897,0.110461,-0.030265,0.080337,0.116968,-0.168547,0.026307,0.111061,-0.034131,0.169736,0.089103,-0.181747,-0.305492,0.122678,-0.169184,-0.116019,0.104605,-0.292569,0.001307,0.186450,0.058635,0.090785,0.089985,0.127445,0.145709,0.192478,0.130105,0.182243,0.130217,-0.195262,-0.048142,-0.245890,-0.300370,0.115829,-0.062251,-0.144660,-0.049404,0.091020,0.081441,-0.037533,-0.097602,-0.164301,-0.059451,-0.127455,-0.001486,-0.054119,-0.124950,0.050802,-0.062890,0.123131
acadesine,0.003341,-0.085905,-0.082022,-0.163075,-0.074343,0.080727,-0.032757,-0.075475,-0.010659,-0.092675,-0.052577,0.080302,0.084844,-0.019744,0.051520,0.010930,0.001565,0.089349,0.001067,-0.106177,-0.094204,0.001850,-0.068231,-0.111076,-0.035532,0.143402,0.092611,-0.076269,-0.074316,0.074744,0.023710,0.020096,0.001111,-0.095077,0.157481,0.146261,-0.014583,0.006595,0.034315,-0.005063,0.025805,-0.122769,0.001385,0.012888,-0.005233,0.006385,-0.014085,-0.009283,0.019436,-0.079428
acarbose,-0.080268,-0.068902,0.068616,0.093338,-0.044471,0.076583,-0.085127,0.066465,-0.115055,0.093284,-0.068304,-0.058263,0.089680,-0.088064,0.039455,-0.050659,-0.103844,0.099393,-0.043813,0.122972,0.075123,-0.046501,0.043395,-0.086634,0.048177,-0.145788,-0.084794,-0.040359,-0.053075,0.082261,-0.109960,-0.073061,0.091004,-0.087558,0.084326,-0.062396,-0.062512,-0.091061,0.102097,-0.038915,0.086986,-0.062378,-0.048827,0.110705,-0.056524,-0.092965,-0.044894,-0.053514,0.096368,-0.056174
acitretin,0.012068,0.064834,0.129488,-0.011226,-0.020136,0.034288,0.098297,-0.133177,0.024283,-0.057998,0.006635,0.157344,0.139063,0.040877,0.130402,0.076570,-0.065367,0.156733,0.125673,-0.172822,0.068878,0.111886,0.056953,0.021497,0.062043,0.036597,0.103810,-0.211090,-0.009881,0.021701,0.219586,0.390924,0.538129,-0.136207,0.043907,0.126549,0.137645,-0.057333,-0.076549,0.007669,-0.019780,0.215323,-0.041893,0.079637,0.178701,0.235681,0.011764,0.150872,0.129024,-0.005755
afatinib,0.047047,-0.056579,-0.118547,-0.128173,-0.043134,0.123392,0.082717,-0.082411,0.180775,-0.067326,0.043619,-0.099496,-0.103919,-0.074173,0.067680,0.045441,-0.054196,-0.081303,-0.043789,-0.108957,0.097551,0.076560,-0.064408,0.094447,0.054783,0.113667,0.082181,-0.083570,-0.091655,-0.059449,0.144345,-0.104322,-0.282886,-0.083288,0.080826,0.065901,0.110871,0.108193,0.061359,0.062409,0.088696,0.144143,-0.069342,-0.119297,0.049341,0.124336,0.051489,0.070898,0.111266,0.075484
alclometasone,-0.020860,0.077402,0.036752,-0.211957,-0.091215,0.128402,-0.097950,0.081647,-0.026855,-0.010910,-0.038905,-0.092219,-0.046987,-0.104840,0.125954,0.075110,-0.051106,-0.006253,-0.016414,-0.123152,0.023212,0.005743,0.075463,-0.050143,-0.013265,-0.207470,-0.133541,0.007451,-0.094898,0.016136,-0.017099,-0.013704,0.048521,-0.051224,-0.063091,-0.088003,-0.008304,-0.016191,0.127298,-0.017331,-0.010959,-0.067164,0.005155,0.001098,-0.041620,-0.015927,-0.015689,-0.002782,0.098311,0.004579
alfacalcidol,-0.082268,0.010978,-0.085751,0.111611,0.134219,0.025416,0.103235,-0.108701,-0.170211,0.077385,0.093798,-0.150969,-0.301975,0.200309,0.069646,0.094450,0.051700,-0.245530,-0.019114,0.100800,0.132211,0.161447,0.104251,0.159861,0.143058,-0.066332,0.019015,0.106387,0.112999,-0.008273,-0.126101,-0.303674,-0.515677,0.185806,-0.075751,-0.157023,0.106844,0.002531,-0.002325,-0.002938,0.042128,0.032649,-0.172859,0.196710,0.296725,-0.100301,0.140518,0.089181,0.017333,0.014399
aloisine,0.083878,0.058533,-0.123354,-0.112089,-0.050132,-0.103989,-0.084819,0.082622,-0.206992,-0.059539,-0.066928,-0.073481,-0.153062,-0.090839,-0.060368,-0.069739,-0.059569,-0.192336,-0.063822,0.083892,-0.150303,-0.073302,-0.005212,0.077344,0.069736,0.083096,0.056225,0.055328,0.062674,-0.166694,-0.079557,-0.099934,0.087631,0.034085,-0.147539,0.006685,-0.074513,0.083671,-0.062515,-0.108459,-0.111132,-0.163125,-0.086766,-0.174440,-0.074473,-0.092910,-0.076629,-0.063352,0.129111,0.066578
alprostadil,0.099002,0.074213,0.095197,0.121305,0.035364,-0.125468,0.078063,-0.045890,-0.117694,-0.070571,0.054563,0.149008,0.192339,0.068909,-0.062336,-0.046739,0.081772,0.163990,0.067528,-0.098565,0.095801,0.052110,0.082311,0.094644,0.063003,0.081454,0.134453,-0.166907,-0.041762,0.069782,0.136014,0.257227,0.089992,-0.064626,0.100329,0.173964,0.050772,-0.128456,0.072071,0.111198,0.160294,0.185675,0.044822,0.180777,0.073396,0.153004,0.084186,0.118854,0.115035,0.057953
altrenogest,0.004965,0.005595,-0.087127,0.152282,0.091095,0.019353,0.052194,0.011517,0.013308,0.080467,0.058478,-0.178683,-0.222695,0.044837,0.059182,0.085790,-0.088367,-0.138627,-0.066482,0.150137,0.080658,0.061828,0.077262,0.087636,0.078549,-0.120370,-0.052845,0.120163,0.095595,0.002013,-0.099438,-0.282758,-0.204199,0.013790,0.126420,-0.170869,0.049977,0.132081,-0.054780,-0.116445,-0.135363,-0.094784,-0.046911,0.002449,0.070539,-0.105835,0.083042,0.068852,0.087147,0.047419
alvespimycin,-0.113751,0.045943,0.095105,-0.118312,0.067834,-0.135097,0.096474,-0.078938,-0.098518,0.070571,0.033844,-0.068959,-0.282030,-0.039565,-0.055973,-0.067742,-0.101606,-0.230983,-0.055575,-0.093311,-0.073576,0.074368,0.071920,-0.082986,0.106241,0.136735,0.080740,0.094639,0.092289,-0.050351,0.114339,-0.050764,-0.107970,0.079608,-0.149949,-0.095849,0.076572,-0.122761,-0.084659,-0.059220,0.106500,-0.146090,-0.091134,-0.091293,0.085177,0.135489,0.063775,0.054229,-0.111427,-0.045634
amantadine,-0.110390,0.137252,-0.083680,0.145252,0.052680,-0.006640,-0.092954,0.082958,-0.233049,0.109750,0.084597,-0.194039,-0.049102,0.009761,0.052547,0.014117,-0.020931,-0.024421,-0.028571,0.179014,0.069119,-0.068487,0.092968,0.175757,0.095935,0.125819,0.108218,0.115876,0.007417,0.033725,-0.147804,-0.076374,0.038608,-0.071165,-0.074934,-0.134566,-0.079770,0.125422,-0.102041,-0.106241,-0.021805,-0.212970,-0.152599,-0.096263,-0.060896,-0.080865,0.104424,-0.109694,0.157231,0.108383
ambrisentan,-0.126349,-0.000723,-0.164698,-0.087682,-0.046625,0.115562,-0.144176,-0.097369,-0.202947,-0.086875,-0.077036,-0.125832,-0.170985,-0.111863,-0.163535,-0.162197,-0.180482,-0.116067,-0.123805,-0.135775,-0.138719,-0.072821,-0.047871,0.019100,0.030182,-0.125699,-0.044718,0.137879,-0.030429,-0.032558,-0.130686,-0.161129,-0.160796,0.046122,0.159625,-0.139734,-0.131589,0.135910,-0.098188,0.052353,-0.123960,-0.160245,-0.067021,-0.081057,-0.093286,-0.146324,-0.006815,-0.149949,-0.003298,-0.100052
amcinonide,-0.046996,0.053036,-0.050054,-0.123382,-0.054911,0.097220,0.047231,-0.063178,-0.154215,-0.098029,0.066300,-0.013604,0.084490,-0.062214,-0.007696,0.011892,0.004024,0.089743,0.003710,-0.156820,0.050519,-0.065490,0.001227,0.046105,0.052187,0.027162,0.095379,-0.089147,-0.037795,0.041300,0.021147,0.033237,-0.145501,-0.097917,0.102340,0.002151,-0.057624,-0.109361,-0.056694,0.057430,-0.088430,-0.102531,0.078913,0.015721,-0.009460,-0.080719,-0.075480,-0.067466,-0.107679,-0.075491
amikacin,-0.184313,0.123530,-0.198496,-0.136460,0.024720,0.006370,-0.123785,0.012445,-0.271369,0.083347,0.015061,-0.197146,-0.312291,-0.043809,-0.137344,-0.165607,-0.176192,-0.226937,-0.121967,0.164905,-0.033016,-0.018666,0.096327,0.120352,0.137691,-0.104953,0.014173,0.245577,0.061205,-0.080394,-0.231818,-0.398291,-0.307326,0.107482,0.162806,-0.272736,-0.123999,0.194419,-0.136272,-0.004706,-0.160967,-0.215688,0.046238,-0.216097,-0.005147,-0.226981,-0.059815,-0.128552,0.089385,-0.035603
amiodarone,0.122585,0.054351,0.111962,0.119772,0.045812,0.160080,0.087613,0.058369,0.339071,0.074951,0.063746,-0.134144,0.054936,0.154647,0.073744,0.037868,-0.058869,0.044441,0.068051,0.130651,-0.045679,0.137875,0.097703,-0.104692,0.073408,0.066428,0.061852,-0.040250,0.087900,0.049442,0.132327,-0.079578,0.051822,0.088263,0.087408,0.110446,0.070351,0.112021,0.093492,-0.050922,-0.058019,-0.108047,-0.127488,-0.101713,0.066474,-0.081205,0.075749,-0.074741,0.074698,0.088534
amlodipine,-0.141588,0.038856,0.056626,-0.109967,0.085784,-0.092229,0.081989,0.098808,0.191618,0.053212,0.058847,-0.212189,-0.265427,0.067856,-0.077323,-0.089549,-0.122720,-0.266594,-0.075570,0.113698,0.032100,0.096027,0.068456,0.097416,0.124461,-0.043915,0.048203,0.108956,0.100720,-0.126128,0.056801,-0.391103,-0.380872,0.120809,0.076099,-0.295585,-0.048004,0.113271,0.053121,0.046268,0.054945,-0.097177,0.076808,0.090994,0.133240,-0.110330,0.051738,-0.075846,-0.121000,0.040405
ampicillin,-0.102763,0.073986,-0.067432,-0.127442,-0.052322,-0.145508,-0.050611,-0.114914,-0.197561,-0.093365,-0.111311,-0.067602,0.169840,-0.056432,-0.128715,-0.098332,0.049716,0.141462,-0.093158,-0.075474,-0.197176,-0.112626,-0.099941,-0.056320,-0.044170,-0.168495,-0.127626,0.070328,-0.049699,0.032055,-0.062257,0.101313,0.106248,-0.108436,-0.155569,-0.089128,-0.113773,0.140591,0.040704,-0.063022,-0.122249,-0.174805,0.152770,-0.097308,-0.094352,-0.087548,-0.084386,-0.029443,-0.147411,-0.054519
amsacrine,-0.121320,0.110146,-0.145552,-0.164594,-0.041201,-0.137912,0.090947,0.049160,-0.082565,-0.043073,-0.057811,-0.185377,-0.402545,-0.120390,-0.112855,-0.107787,-0.116514,-0.329313,-0.163363,-0.114067,-0.095351,-0.079052,-0.063547,0.131706,0.148904,0.238503,0.163316,0.181518,0.066808,-0.254684,-0.253223,-0.492429,-0.301573,0.112467,-0.138720,-0.102033,0.130971,0.200746,-0.118370,-0.165424,-0.212551,-0.116402,-0.036875,-0.182667,0.144012,-0.239837,-0.151198,0.069635,-0.114981,-0.043330
anandamide,-0.055465,0.048112,-0.093120,-0.081035,0.031602,-0.113744,-0.059423,-0.083387,-0.157430,0.055483,0.046828,0.058948,0.150012,-0.079846,-0.061493,-0.077018,-0.066157,0.068932,-0.074277,0.091832,-0.096142,-0.054909,-0.041956,0.107677,0.062907,0.130665,0.068602,-0.057532,0.054902,0.045613,-0.064731,0.110058,0.116800,-0.053351,-0.100735,0.050404,-0.055960,-0.113011,0.045106,-0.073674,-0.062700,-0.097907,0.052197,0.099873,0.049100,-0.067722,-0.048544,-0.072162,-0.129091,-0.062920
antimycin-a,-0.004496,0.015251,-0.128423,-0.053875,0.004085,-0.126825,0.054360,0.067988,0.083387,-0.006611,0.002422,0.004455,-0.102928,0.048253,-0.010918,0.002750,-0.057762,-0.105207,0.001248,0.105406,0.069262,-0.006250,0.005822,0.011143,0.054631,0.076816,-0.047658,0.000166,0.070245,-0.005275,-0.093668,-0.094306,-0.020842,0.091955,-0.145499,-0.098628,0.108742,0.095514,0.058530,-0.102599,-0.086460,-0.013060,-0.085689,-0.098331,0.077884,0.091895,0.048983,0.057801,0.004480,0.006026
apicidin,0.127229,-0.069959,0.094322,-0.174012,0.003549,-0.133386,0.089938,0.112315,0.092115,-0.054753,0.077763,0.054562,-0.176117,-0.217763,-0.013645,-0.005290,0.118934,-0.226330,0.014571,-0.314884,0.121048,0.020878,-0.080980,-0.088240,-0.134103,-0.059118,-0.095369,-0.029051,-0.004265,-0.139101,0.147173,-0.047323,0.011261,-0.009877,-0.200664,0.176452,0.112107,0.032836,0.014939,-0.087716,0.180088,0.107682,-0.000581,-0.015565,0.015708,0.080215,-0.167871,0.184105,-0.223963,0.083010
apigenin,-0.050038,-0.046357,-0.109369,-0.168722,-0.064394,-0.100546,-0.096358,-0.053571,-0.138460,-0.110805,-0.098818,-0.054211,-0.070227,-0.096467,-0.073121,-0.069075,-0.096571,-0.123898,-0.071236,-0.088705,-0.068998,-0.098490,-0.121040,-0.073961,-0.060953,-0.076461,-0.061783,0.058012,-0.083355,-0.052064,-0.123699,0.033079,0.078973,-0.053437,0.088220,0.074828,-0.086415,0.081149,-0.097123,-0.079494,-0.112785,-0.122972,-0.121193,-0.157977,-0.088671,-0.066002,-0.080332,-0.049437,-0.085744,-0.093338
aprepitant,0.098486,0.058852,0.064247,0.147731,0.051733,0.110251,0.106510,-0.081929,0.163130,-0.053131,0.036988,0.106874,0.116190,0.129584,0.127651,0.075545,0.082785,0.079819,0.095428,0.168082,0.040212,0.082796,0.061907,0.051678,0.067662,-0.074708,0.037459,-0.137029,0.073558,-0.038157,0.148497,0.175167,0.201962,-0.079996,0.138349,0.054102,0.114950,-0.102563,0.111657,0.068591,0.108784,0.098313,-0.072251,0.106013,0.143552,0.149724,0.069126,0.109436,0.111266,-0.055418
argatroban,-0.098523,-0.023419,-0.007881,-0.142422,0.012164,-0.076490,-0.055866,-0.009707,-0.026671,-0.068016,0.065821,-0.024752,-0.076155,-0.077920,0.004690,0.061058,-0.071832,-0.111917,0.010930,-0.001992,-0.053377,-0.084867,-0.006317,-0.077642,-0.099176,-0.189395,-0.104555,0.092973,0.000518,-0.064621,-0.119600,-0.153723,-0.188263,0.007310,-0.144729,-0.186098,-0.052314,0.131035,0.000854,-0.096283,-0.065245,-0.127150,-0.107862,-0.086972,-0.072531,-0.105332,0.064487,-0.068369,0.005110,0.015160
artesunate,-0.137385,0.047210,-0.148302,-0.091580,-0.054448,-0.182864,0.082694,-0.071617,-0.262795,-0.078277,-0.084555,-0.198380,-0.409062,0.070627,-0.094627,-0.107894,-0.109667,-0.252212,-0.100662,0.094221,0.064723,-0.047800,0.059757,0.041843,0.062418,-0.128625,-0.084459,-0.090874,0.074070,-0.141087,-0.098836,0.100450,0.181179,-0.105551,-0.209523,-0.057550,0.064151,-0.108533,-0.099410,-0.087971,0.139933,-0.110724,-0.051500,-0.089384,0.144670,0.222342,0.082432,-0.142975,0.074928,-0.056801
ascorbic-acid,-0.065863,-0.076481,-0.048416,-0.136023,-0.051437,-0.111191,-0.096490,0.049289,-0.189936,-0.102287,-0.092522,-0.135882,-0.113896,-0.158450,-0.111982,-0.095003,-0.040709,-0.088181,-0.141080,-0.156716,-0.108181,-0.215197,-0.074856,-0.110567,-0.080747,-0.063511,-0.061605,0.113654,-0.082058,-0.106376,-0.158617,-0.068713,0.053399,-0.082873,-0.138094,0.081981,-0.128567,0.113043,0.064246,-0.118022,-0.096058,-0.109101,0.122576,-0.085721,-0.183815,-0.217891,-0.143050,-0.154855,-0.129466,-0.053700
asenapine,0.171647,-0.054947,0.195589,-0.160813,-0.008921,-0.000785,0.105601,0.002223,0.234199,-0.105248,0.027155,0.176060,0.252609,0.036031,0.069783,0.087725,0.173401,0.249139,0.092024,-0.129944,-0.043795,0.084038,0.068719,-0.134528,-0.085158,0.020366,0.015840,-0.210951,0.000883,0.119801,0.255066,0.247316,0.148121,-0.020716,-0.003262,0.286552,0.096922,-0.155402,0.124699,0.107136,0.225997,0.253164,-0.053963,0.181953,0.029816,0.218427,0.115066,0.130467,0.011854,0.045702
asiatic-acid,-0.217185,0.108411,-0.003953,-0.173742,0.068023,-0.155569,0.110595,-0.086611,-0.024857,-0.021577,0.009136,-0.257443,-0.496566,0.067086,-0.051888,-0.080967,-0.200433,-0.389135,-0.007877,-0.162358,0.152089,0.155692,0.146636,0.188304,0.169576,-0.108399,0.039344,0.150585,0.107606,-0.146981,0.008343,-0.403451,-0.138396,0.014217,-0.239797,-0.330434,0.133199,0.017375,-0.137617,-0.014776,0.113722,-0.155337,-0.005390,0.005438,0.338927,0.240010,-0.024978,0.030403,-0.008441,-0.071689
atorvastatin,0.004150,-0.094420,0.128191,-0.024930,0.069718,0.094674,0.080744,0.076161,0.308606,0.085780,0.013115,-0.098626,-0.131000,0.067528,0.085829,0.098076,0.098816,-0.122582,0.072943,0.107195,0.009847,0.080385,0.014574,-0.090361,-0.064977,-0.123068,-0.050928,-0.079477,0.002789,0.106367,-0.006017,-0.181944,-0.463138,0.125158,-0.099813,0.010588,0.120819,0.065469,0.091828,0.088613,0.151040,0.080589,-0.104860,0.077594,0.095767,-0.098185,0.084958,-0.077645,0.105535,0.052353
atovaquone,0.134734,-0.124591,0.143754,-0.135978,-0.039719,-0.091685,-0.078102,-0.078698,0.129045,-0.052077,-0.078310,0.142123,0.181158,-0.081593,0.072713,0.081317,0.143015,0.143127,0.058080,-0.162259,-0.092769,-0.044901,-0.083558,-0.180441,-0.128798,0.082947,-0.063517,-0.182015,-0.074321,0.108515,0.144119,0.186658,0.170557,-0.073847,-0.179336,0.166264,0.071387,-0.175535,0.103537,0.120146,0.147528,0.173021,0.050909,0.134690,-0.100998,0.097842,0.090176,0.078236,-0.065829,-0.076135
atracurium,-0.090087,0.045144,-0.085207,0.185558,-0.067017,0.086069,-0.060489,-0.054211,-0.179018,0.041775,-0.050388,-0.168008,-0.178357,0.057826,-0.086269,-0.082622,0.033710,-0.191116,-0.104688,-0.106947,-0.053616,-0.100476,-0.056862,0.100912,0.049838,-0.134399,-0.097174,0.100375,-0.046532,-0.092231,-0.138192,-0.179310,-0.221547,0.087968,0.175060,-0.157428,0.056387,0.071609,0.091304,-0.109518,-0.086618,0.049481,-0.108440,0.105838,-0.081447,-0.144379,-0.080863,-0.068855,0.053743,0.056762
auranofin,-0.011598,0.100541,-0.012906,0.142629,0.000333,0.026940,0.123973,-0.042308,-0.151630,0.017521,0.120349,-0.175924,-0.344170,0.079476,-0.101029,-0.069465,-0.011836,-0.213821,-0.085792,0.096447,0.145991,0.094885,0.084558,0.183382,0.143092,0.051866,0.095685,0.119776,0.108600,-0.170794,-0.002651,-0.139941,-0.140175,-0.001332,-0.016971,-0.076736,0.118106,0.028812,-0.024581,0.010823,-0.121443,0.147104,-0.111879,0.084935,0.212291,-0.019692,-0.007439,0.106047,-0.016475,0.026273
austricine,-0.123168,-0.090909,-0.141491,-0.074361,-0.067318,-0.031848,-0.116625,-0.112932,-0.200581,-0.084766,-0.081539,-0.077173,-0.098613,-0.098062,-0.092244,-0.115891,-0.156140,-0.045402,-0.078560,0.016863,0.005459,-0.087556,-0.082244,-0.062792,-0.077736,-0.177205,-0.154201,0.139621,-0.010306,-0.089086,-0.151872,-0.054124,-0.018973,0.012059,-0.002880,-0.190527,-0.132101,0.044143,-0.109324,-0.083689,-0.157394,-0.182958,0.108484,-0.004099,-0.137372,-0.161021,-0.094462,-0.131893,0.095591,-0.091637
azacitidine,-0.134596,-0.047964,-0.135056,-0.142945,-0.079492,-0.130788,0.070487,-0.145840,-0.257122,-0.097664,-0.059712,0.073743,-0.074005,-0.086121,-0.075256,-0.102067,-0.180424,0.002733,-0.127230,-0.096298,0.070224,-0.011696,0.054503,0.003544,0.065886,0.099751,0.071811,-0.096951,0.001361,-0.071360,-0.004709,0.114817,0.269549,-0.071060,-0.153333,-0.134499,0.051236,-0.136080,-0.166080,-0.095249,-0.072265,-0.135505,0.118386,-0.130513,0.132475,0.189385,-0.075884,0.001926,0.136383,-0.066303
azithromycin,0.085917,-0.071302,-0.041849,0.084546,-0.051979,-0.034264,-0.004217,0.083493,0.120090,0.075316,-0.069591,-0.029726,-0.028664,-0.114536,-0.053595,0.006897,0.091370,-0.035896,0.059120,-0.118150,-0.095593,-0.057766,-0.020635,0.018492,-0.086349,-0.096647,-0.069732,-0.000978,-0.056002,0.001940,-0.003915,-0.063396,-0.107509,-0.100899,0.129021,-0.089076,0.004937,-0.185229,0.105228,-0.001402,0.202822,0.180970,-0.088110,-0.149029,-0.118085,-0.082143,0.004638,-0.069554,-0.126460,0.094054
batimastat,0.020863,0.060302,-0.085313,0.093919,-0.058976,-0.130103,-0.071252,0.003761,-0.217591,-0.008923,0.064739,0.006802,0.153914,-0.022802,-0.007831,0.015329,0.030171,0.125576,-0.080342,0.129205,0.002621,-0.137460,-0.011396,0.012159,-0.001085,0.233734,0.161715,-0.088964,-0.068721,0.071752,0.029480,0.060709,0.016871,-0.000443,-0.099848,0.064302,-0.050144,-0.134791,-0.003573,-0.007974,0.096524,-0.017602,-0.005534,-0.079472,0.078181,0.103607,-0.086970,0.104220,0.009014,0.061107
beclometasone,0.109321,-0.055038,0.150437,-0.155392,-0.047245,-0.128579,-0.009014,-0.042198,0.096155,-0.127474,-0.070594,0.112227,0.097410,-0.091671,0.184843,0.132573,0.129893,0.080588,0.091909,-0.028080,0.147085,0.061256,0.006572,-0.145449,-0.087632,-0.113223,-0.081609,-0.133122,-0.083294,0.090945,0.110349,0.146644,0.156751,0.056186,-0.180837,0.204907,0.082426,-0.208258,0.039344,0.012322,0.069207,0.165031,0.003329,0.101274,-0.074523,0.110816,-0.004919,0.108803,-0.051984,0.044649
beclomethasone-dipropionate,0.159189,-0.076204,0.100898,-0.115158,0.075291,0.128109,0.075979,0.002548,0.158317,-0.117132,0.000630,0.134036,0.191712,0.005608,0.129899,0.130367,0.127770,0.141431,0.095413,-0.104248,0.017245,0.101422,0.037469,-0.094617,-0.069117,-0.090037,0.059548,-0.142403,-0.055488,0.090482,0.179294,0.258766,0.265739,-0.066327,-0.116958,0.180767,0.106925,-0.147291,0.079304,0.100248,0.101463,0.197518,-0.162933,0.010155,-0.065246,0.168501,0.043655,0.086817,-0.016912,0.060324
benazepril,0.070165,0.109439,0.041493,-0.120268,-0.045553,0.100336,0.071123,-0.069769,-0.114060,-0.068056,-0.038117,0.039132,0.062116,0.045927,-0.057453,0.057995,0.051693,0.091807,-0.054316,-0.083586,-0.068524,-0.063072,0.055126,0.094747,0.055507,0.133539,0.122851,0.085267,0.058154,0.104163,-0.083445,0.114685,0.085670,0.062959,0.120921,0.060328,-0.074077,0.140818,0.066977,-0.106103,0.046411,0.098799,-0.076988,0.082302,0.078725,-0.053556,-0.042829,0.043998,-0.125907,0.047683
benzamil,0.085795,0.001843,0.031208,0.000915,0.040345,0.144542,0.054913,0.079740,0.060310,0.061973,0.048673,-0.001099,0.020317,-0.023146,0.007693,-0.094564,0.106407,-0.003650,-0.079239,-0.098881,0.001590,-0.013142,-0.001527,-0.006819,0.048550,0.118319,0.004370,-0.079786,0.056753,0.006819,-0.064322,0.002220,0.102973,-0.066418,0.127654,0.010626,-0.031370,-0.088425,0.106540,-0.077526,0.113163,0.001663,-0.054208,-0.087914,0.075928,-0.054767,0.100744,-0.086558,0.002163,0.078348
benzydamine,-0.066976,0.090022,0.067381,0.079854,-0.065477,-0.052706,-0.045353,-0.096488,-0.159994,-0.055402,-0.045037,-0.130934,-0.145952,-0.110649,-0.041483,-0.061807,-0.102387,-0.117317,-0.076663,0.115807,-0.035981,-0.059227,0.040841,0.072990,0.065113,-0.113133,-0.046795,0.071588,0.059645,-0.058005,-0.080427,-0.152473,-0.138666,0.061565,-0.107815,-0.099223,-0.049087,0.087557,-0.072677,-0.052234,-0.071973,-0.129705,-0.084961,-0.127814,-0.046367,-0.090831,-0.104739,-0.092196,-0.113278,-0.055685
betamethasone,0.093875,-0.091175,0.099296,-0.157857,0.052275,0.085303,-0.087086,0.061442,0.149876,-0.085456,-0.069461,0.103631,0.102986,-0.002114,0.058529,0.067367,0.075681,0.099340,0.097645,-0.101368,-0.080608,0.074354,-0.057331,-0.080722,-0.084641,-0.100666,-0.064351,-0.078769,-0.095750,0.058571,0.084838,0.208511,0.169058,0.004147,-0.005290,0.141156,-0.056726,-0.126274,0.011935,0.108002,-0.063905,0.160853,-0.090579,-0.098119,-0.057109,0.128883,-0.005740,-0.012854,-0.100141,0.015881
betulinic-acid,0.074011,0.065485,0.011453,-0.005264,-0.069727,-0.002085,0.054254,0.074407,-0.006660,-0.079372,0.076827,0.065686,0.120416,0.004990,-0.005154,-0.008507,0.011123,0.074624,0.074562,-0.132314,0.013649,0.080716,0.022988,0.012554,-0.008738,0.008493,-0.059387,-0.085077,-0.064136,0.071742,0.038730,0.030199,0.040014,-0.021144,-0.013564,0.116934,-0.009742,-0.150560,-0.066667,0.099039,0.096141,0.137776,0.055933,-0.099514,0.001395,0.118761,0.046960,-0.062807,-0.097797,0.065872
bimatoprost,0.096418,0.128334,0.120799,0.111463,0.064649,-0.086231,0.108642,-0.080552,0.052304,0.060756,0.087393,-0.069269,0.075022,0.124439,0.047099,-0.032200,0.062595,0.099469,-0.025340,-0.082180,0.076685,0.049963,0.111869,0.099151,0.103032,0.123946,0.133579,-0.135113,0.084058,0.107084,0.111785,0.073619,0.172464,-0.095668,-0.089355,0.076823,0.058334,0.142927,-0.037207,0.053048,0.129727,0.084036,-0.078349,0.116308,0.044304,0.121956,0.128025,0.061205,0.141895,0.065065
biotin,-0.035597,-0.063569,0.023812,0.003461,0.007275,-0.240760,-0.066473,-0.011820,-0.174995,0.073856,-0.012057,-0.071069,-0.102274,-0.026877,-0.169195,-0.154104,-0.092866,-0.100929,-0.106378,-0.113445,-0.156444,-0.088994,-0.018889,0.040489,0.043522,0.132240,0.077269,0.087247,0.074887,-0.112990,-0.147443,-0.131038,-0.156290,-0.022245,-0.189296,-0.022988,-0.085830,0.097923,-0.003556,-0.117931,-0.157878,-0.215728,0.130402,-0.140368,0.056669,-0.102614,0.009451,-0.012909,-0.126449,-0.070886
biperiden,-0.109510,0.104428,-0.074236,-0.120728,-0.050235,-0.089514,0.041317,-0.081664,-0.124292,-0.096285,0.062382,-0.052874,-0.064699,-0.078269,0.074474,0.056986,-0.115946,-0.045847,-0.049855,0.113905,-0.045152,-0.043219,0.061197,0.111404,0.094251,-0.094670,-0.038140,0.075580,0.067099,-0.054924,-0.102077,-0.094385,-0.066162,-0.058697,0.125394,-0.077720,-0.095010,-0.098021,-0.094136,-0.094451,-0.107838,0.085659,0.061872,-0.059102,0.065616,-0.114049,-0.052623,-0.059633,-0.096632,-0.043811
bortezomib,-0.186871,0.064728,-0.140196,-0.110327,-0.007555,-0.109705,0.106913,-0.152979,-0.172061,-0.101760,0.071090,-0.250084,-0.410180,-0.112498,-0.144030,-0.155068,-0.186053,-0.290968,-0.144248,-0.077295,0.079103,0.060409,0.064014,0.111256,0.141118,-0.000228,0.076907,0.175938,0.083811,-0.128649,-0.103733,-0.315843,-0.194327,-0.111733,-0.150291,-0.328079,-0.082955,0.134312,-0.191808,-0.123110,-0.146020,-0.212119,0.109074,0.010745,0.170506,0.007760,-0.142483,0.082703,0.117668,-0.109407
brefeldin-a,-0.090009,-0.098215,-0.089311,-0.136681,-0.099187,-0.173789,-0.100373,-0.116406,0.076974,-0.070571,0.037539,0.063911,-0.231720,-0.069093,-0.111032,-0.117975,-0.092046,-0.212319,0.069728,-0.196770,0.201545,0.074001,-0.080303,-0.134440,-0.067696,-0.248357,-0.158454,-0.097701,-0.048026,-0.168398,0.177125,-0.081417,0.109466,-0.086051,-0.220485,-0.059698,-0.065982,-0.101590,-0.145152,-0.096307,0.274076,-0.139844,-0.073624,-0.203152,-0.063529,0.329650,-0.055317,-0.105619,-0.140934,-0.062627
brivanib,-0.041318,0.016219,-0.079520,0.146563,0.076068,0.093446,0.007878,0.040934,-0.033190,0.113279,0.057718,-0.003396,-0.066522,0.098312,0.062724,0.074635,-0.064787,-0.086521,-0.018234,-0.091400,-0.097614,0.099838,0.089585,0.139366,0.059926,0.112574,0.083523,0.082938,0.072490,-0.120605,-0.105423,-0.125408,-0.130199,0.086857,-0.011148,-0.058413,0.098605,0.134847,-0.003543,-0.062902,-0.138608,0.035367,-0.058918,-0.097133,0.112178,-0.171784,-0.055306,0.029312,-0.076798,-0.004869
bromocriptine,0.067662,-0.059188,0.047228,0.107407,0.050251,-0.093026,0.060524,-0.051338,0.100779,-0.052158,0.056827,0.048290,-0.141345,0.071831,0.059990,0.062579,0.090239,-0.101133,0.067657,-0.088921,0.077456,0.043973,-0.047028,-0.075076,-0.060145,-0.066245,0.040501,-0.088471,-0.067433,-0.066622,0.109995,-0.062312,-0.121364,0.039418,0.089900,0.061224,0.053338,-0.111956,0.062918,0.061127,0.109311,0.124351,-0.065847,0.071033,-0.054050,0.134371,0.069546,-0.052210,-0.099814,0.064632
brucine,-0.092542,0.074501,-0.113829,0.105289,-0.061570,0.078921,-0.100017,0.078055,-0.181003,-0.045668,0.041767,-0.059360,-0.054330,-0.069328,-0.093443,0.034215,-0.118209,-0.090178,-0.069010,-0.099448,-0.092271,-0.112118,-0.068922,-0.078052,0.061913,-0.091644,-0.069931,0.077415,0.060560,-0.126296,-0.148423,-0.100890,-0.191027,-0.106097,0.155198,-0.143609,-0.097545,0.104997,0.052065,-0.090602,-0.112831,-0.173021,0.094897,-0.132675,-0.128814,-0.133746,-0.091531,-0.098248,-0.106375,-0.106687
bucladesine,0.076847,-0.054142,0.089967,-0.115938,-0.065765,0.130790,-0.041327,-0.005689,-0.076460,-0.093121,-0.045038,0.107990,0.181858,0.000871,0.075002,0.074299,0.080982,0.165939,0.024889,0.014002,-0.047167,-0.069625,-0.059039,-0.077474,-0.054072,0.094784,0.078639,-0.100892,-0.053152,0.092849,0.108759,0.161225,0.165849,0.009901,0.006037,0.031724,-0.098250,-0.113660,0.006539,0.104293,0.017484,-0.010910,-0.019133,0.002580,-0.103261,0.084202,0.004228,0.013273,0.078320,-0.012627
budesonide,0.130066,-0.038575,0.074185,-0.068606,0.064282,0.075672,0.078802,0.075301,-0.107895,-0.062216,0.063293,0.059685,-0.042448,0.063767,0.115114,0.136538,0.087914,0.070260,0.064817,-0.106496,-0.053798,0.085880,0.059388,0.102246,0.070684,0.153697,0.116207,-0.093878,-0.049380,0.078024,0.061506,0.162256,0.160527,0.053359,0.125093,0.095771,0.069972,-0.114390,0.084084,-0.087478,0.102086,0.159799,-0.079982,0.068768,0.086971,0.097702,-0.042576,0.078508,-0.081588,0.065568
cabergoline,-0.086702,0.009124,-0.073779,-0.094829,-0.058905,-0.110616,-0.095408,-0.055321,-0.075308,0.055281,-0.056132,-0.123262,-0.154432,-0.070097,0.003225,-0.071160,-0.083687,-0.129759,-0.098447,-0.007535,-0.019253,-0.087617,-0.086127,0.066037,-0.058923,0.000705,-0.056545,0.086079,0.041270,-0.123344,-0.102389,-0.222656,-0.194431,0.087664,-0.100717,-0.127916,-0.096786,0.129737,-0.072779,-0.063355,-0.125843,-0.228545,0.075130,-0.158426,-0.139414,-0.173630,-0.068415,-0.085792,-0.017951,-0.086661
caffeic-acid,0.058146,-0.045306,0.097402,0.172183,0.037847,0.054209,0.109123,0.056060,0.165791,-0.070652,0.046759,-0.073256,-0.097488,0.078813,0.132823,0.137683,0.090478,-0.072888,0.125656,-0.113463,0.061189,0.113201,0.075544,-0.053158,0.076218,-0.102037,-0.064783,-0.108574,-0.075493,-0.055183,0.174981,-0.064087,0.073908,0.067617,0.100155,0.063787,0.097182,-0.136016,0.092353,0.149830,0.139348,0.152823,-0.068055,0.121481,0.113162,0.169453,0.084266,0.063006,0.093629,0.077441
calcifediol,0.000717,-0.027428,0.038607,-0.002402,-0.008322,-0.019477,0.057677,0.103975,-0.112622,0.125933,0.015758,-0.035691,-0.096492,0.071744,0.055303,0.002427,0.021921,-0.070148,-0.029665,-0.027584,-0.030089,0.036462,0.047010,0.080840,0.018074,0.220132,0.131414,0.063423,0.112502,-0.016074,-0.102782,-0.126052,-0.100959,0.164542,-0.125232,-0.094567,-0.014453,-0.028796,0.007096,-0.061659,-0.128594,0.006205,-0.096728,0.074708,0.076458,-0.079655,0.033511,-0.010762,0.141894,0.105983
calcipotriol,0.047884,0.078052,0.097411,0.202286,0.054489,0.130554,0.101700,-0.114754,0.121393,0.087038,0.044289,0.074025,-0.096672,0.173719,0.100428,0.042670,-0.049637,-0.065164,0.106202,0.057493,0.108959,0.184514,0.058756,0.147393,0.113819,-0.118166,0.061332,-0.121120,0.070377,0.079377,-0.076589,-0.054930,-0.122754,0.083759,0.078057,-0.083656,0.097339,-0.098118,-0.056857,-0.064483,0.137046,-0.113644,-0.158543,-0.077229,0.141826,0.070285,0.142448,0.068834,0.077037,0.039333
calcitriol,-0.051181,-0.059953,-0.084821,-0.097412,0.042171,0.054949,-0.044176,0.070455,-0.092180,0.083225,0.042932,0.069983,0.162763,-0.067810,0.064650,0.058462,-0.050048,0.166229,0.055607,0.097880,-0.069324,-0.044984,0.049186,0.098147,0.078391,-0.110370,-0.125288,-0.048200,0.068617,0.089663,-0.089509,0.100880,-0.102625,0.084640,-0.120156,-0.082207,-0.038509,-0.065542,0.062233,0.067460,-0.098490,-0.106992,-0.075140,0.092685,0.068427,-0.089359,0.079837,-0.082437,-0.068737,-0.041222
calmidazolium,-0.136319,0.087824,-0.063233,-0.074663,-0.066641,-0.139782,0.111820,-0.092818,0.155992,-0.064568,0.033340,-0.150850,-0.207608,0.089991,0.048563,-0.070977,-0.162059,-0.146373,-0.102181,0.102287,-0.066492,0.073899,0.087080,0.112699,0.156809,0.071584,0.065182,0.089488,0.129777,-0.071129,0.048489,-0.247424,-0.213428,0.125172,-0.109889,-0.278315,0.120304,-0.114487,-0.099048,-0.098594,-0.113267,-0.196463,0.084466,0.138490,0.253936,0.075265,0.079723,-0.119174,0.120127,-0.054653
calpeptin,-0.102304,-0.012071,-0.141092,-0.115023,0.035700,0.020131,-0.062087,0.069331,-0.159718,-0.002434,-0.077525,-0.115020,-0.003234,-0.098398,-0.105540,-0.072662,-0.082711,0.031890,-0.133326,0.085073,-0.092034,-0.118294,-0.069285,-0.001923,-0.005418,-0.087389,-0.029375,0.104199,-0.056895,0.082529,-0.192814,-0.183858,-0.296319,0.003081,-0.085323,-0.178499,-0.086876,-0.016475,-0.054312,-0.144137,-0.097978,-0.162192,0.083454,-0.016538,-0.090939,-0.235576,-0.074143,-0.149211,0.100967,-0.069709
camptothecin,-0.134233,0.138124,-0.204221,-0.118921,0.006328,-0.130275,0.000880,-0.017185,-0.150500,-0.052847,0.072462,-0.150983,-0.464895,-0.114041,-0.081217,-0.082141,-0.173006,-0.411921,-0.131643,-0.088462,-0.068351,0.037843,-0.059687,0.143841,0.105525,0.116273,0.132417,0.242994,0.107863,-0.284957,-0.270177,-0.428557,-0.373822,0.137486,-0.159040,-0.227631,0.088995,0.187111,-0.146906,-0.172544,-0.253015,-0.221690,-0.004101,-0.166709,0.072916,-0.241211,-0.162217,0.014629,0.002484,-0.004287
capecitabine,0.061893,0.082134,0.093121,-0.151011,-0.068148,0.109094,-0.016480,0.055265,-0.085234,-0.060959,0.052178,0.041454,0.117052,0.066388,0.059792,0.027057,0.059847,0.075840,0.006041,-0.139952,-0.006141,-0.058491,-0.004564,-0.058512,-0.002624,-0.095590,-0.078525,-0.018222,0.008701,-0.077988,-0.005729,0.020673,-0.079626,0.050238,0.122549,0.015038,-0.048141,-0.082365,-0.066617,0.019267,0.005879,0.079291,-0.062846,0.034424,-0.056317,0.023470,0.063671,-0.110086,-0.102947,0.001752
capsaicin,0.093763,0.036848,0.075799,0.072329,-0.041126,0.100732,0.061695,-0.053635,0.080716,0.053050,0.073578,0.078054,-0.051637,0.072473,-0.050036,0.048994,0.046997,-0.065482,0.089146,-0.097439,0.041512,0.072605,0.058747,0.066545,0.071384,-0.091166,-0.072471,-0.126747,-0.060020,0.063009,0.106883,0.094422,0.212951,-0.077085,-0.112902,0.139015,0.087177,-0.141483,-0.106462,0.070326,0.095651,-0.065055,-0.070239,0.145859,0.027265,0.104783,0.058441,0.059645,0.088666,0.077019
carbenoxolone,0.105525,0.070793,0.101485,-0.089570,-0.043665,0.132215,0.068855,-0.080008,-0.077444,-0.064812,0.043234,0.063559,0.137340,0.066428,0.053660,0.084724,0.106515,0.114569,0.059538,-0.097628,0.045070,-0.075778,0.055294,-0.086075,-0.052392,-0.078027,-0.041367,-0.109361,0.044545,0.059927,0.063666,0.187696,0.154464,-0.109695,-0.105706,0.094182,0.051270,-0.119987,0.070616,0.065369,-0.071748,0.100746,-0.082475,0.082495,0.055774,0.047090,-0.052071,0.068271,-0.120360,0.059065
carbidopa,-0.282784,-0.019648,-0.202117,-0.110530,-0.061722,-0.172451,-0.105685,-0.011082,-0.281733,0.090242,-0.051470,-0.212547,-0.239812,-0.146674,-0.172563,-0.183042,-0.226346,-0.211387,-0.173345,-0.016151,-0.110255,-0.158489,-0.111833,0.074417,-0.066973,-0.191359,-0.106021,0.192462,-0.005242,-0.143496,-0.287029,-0.302981,-0.239811,-0.093506,0.123835,-0.333192,-0.154636,0.206733,-0.114341,-0.154602,-0.209531,-0.288003,0.008399,-0.180019,-0.178388,-0.193311,-0.136023,-0.135551,-0.030770,-0.101408
catechin,0.004708,0.065555,-0.032740,0.138974,0.009973,-0.104533,0.045431,0.018794,-0.007898,0.141385,0.038942,0.009682,0.116813,0.072509,-0.009288,0.017899,0.019652,0.103075,-0.006527,0.093482,-0.106900,0.013320,0.054016,0.100742,0.073146,-0.108902,0.077604,-0.005398,0.068786,0.003073,0.062312,0.051338,0.121499,0.095554,0.080757,0.078019,-0.000029,0.010440,-0.019986,-0.004929,-0.031713,0.110683,-0.004544,-0.000087,0.031903,-0.045177,-0.066635,0.070798,0.020089,0.016544
cefazolin,-0.016269,-0.057871,0.079729,0.123855,0.059394,0.097132,-0.019044,-0.154562,-0.150354,-0.099732,-0.061619,-0.086118,0.038042,0.044951,-0.001494,-0.003499,-0.070373,-0.036452,-0.094741,0.145202,-0.016021,0.011219,-0.012825,-0.116318,0.075760,0.052680,-0.000366,0.000105,0.095067,-0.039005,-0.110288,-0.082902,-0.085599,0.032509,-0.084755,-0.049964,-0.010452,-0.004145,-0.134783,-0.132716,-0.073668,-0.152255,0.108508,-0.035529,0.023186,-0.116678,0.077760,0.031495,0.157105,-0.127581
cefdinir,0.044647,0.044851,0.117700,0.059098,-0.045594,-0.078573,0.055246,0.053575,-0.204223,-0.076411,-0.053968,0.081596,0.147554,0.042930,0.121963,0.126892,0.076579,0.139717,0.043000,-0.069670,0.054328,-0.047130,0.077995,0.065053,-0.064353,-0.075022,0.060989,-0.056399,-0.068142,0.126093,-0.059041,-0.140191,0.140895,0.082027,-0.103956,-0.070612,0.085670,-0.118770,0.084427,0.060239,-0.057813,-0.081035,-0.099016,-0.091905,-0.096157,-0.085778,0.057836,-0.072387,-0.081164,0.040077
cefepime,-0.124150,0.024569,-0.171153,0.142512,0.085157,-0.066021,-0.095528,0.083451,-0.088744,0.123459,0.028300,-0.169744,-0.192383,0.051581,-0.103634,-0.079507,-0.166852,-0.158152,-0.093228,0.197824,0.042924,-0.006550,0.017335,0.182590,0.088933,0.048068,0.066998,0.162457,0.101959,-0.030216,-0.169956,-0.385864,-0.240319,0.131378,0.110225,-0.279901,-0.170035,0.054713,-0.104693,-0.132729,-0.192238,-0.210091,-0.026902,-0.130098,-0.042839,-0.209273,-0.000017,-0.166419,0.034673,-0.056325
cefixime,-0.145688,0.040522,-0.122308,0.077412,0.046717,0.069641,-0.086202,0.053759,-0.209188,0.079169,0.059814,-0.158736,-0.214347,-0.068803,-0.069098,-0.060610,-0.163812,-0.161974,-0.103771,-0.077592,-0.068877,-0.081261,-0.046517,0.063130,0.046151,-0.124365,-0.087349,0.174102,-0.032908,-0.100401,-0.205376,-0.290638,-0.246799,0.029781,0.102994,-0.239193,-0.089810,0.092424,-0.090769,-0.149670,-0.179563,-0.219257,-0.066654,-0.139208,-0.061504,-0.183293,-0.034029,-0.100282,0.110133,-0.064536
ceforanide,-0.006261,0.022208,0.098395,-0.150123,0.018212,0.027052,0.024658,-0.097523,0.010021,0.004259,0.027456,0.002042,0.009852,0.103591,-0.027722,-0.017586,0.015807,0.036456,-0.003473,-0.126325,0.077491,0.002566,0.019812,-0.050405,-0.036989,0.119621,0.100474,-0.098865,0.016584,0.059900,0.012278,-0.082479,-0.008913,0.107821,-0.149254,0.038118,-0.027603,-0.095960,0.006997,-0.032804,0.065170,0.041531,0.075888,0.037142,-0.001319,0.016662,0.076758,-0.001554,-0.136896,-0.017383
cefotaxime,0.088645,-0.105206,-0.001797,-0.128136,-0.048620,-0.002300,-0.020427,0.045884,-0.022545,-0.127839,-0.089735,0.157325,0.067006,0.012780,0.057133,-0.002813,0.096495,0.107606,0.109555,-0.152787,0.150183,0.006078,-0.055607,-0.181229,-0.126261,-0.051700,-0.107819,-0.026839,-0.138043,0.061638,-0.011497,0.093452,0.031048,-0.089326,0.153605,0.057928,-0.001051,-0.185075,0.041236,0.132645,-0.014011,0.194598,-0.014823,0.148209,-0.099260,0.034291,-0.003862,-0.059877,-0.009463,0.099580
cefotetan,-0.007252,-0.052010,0.016745,-0.040157,-0.069141,-0.002987,0.046238,-0.071384,-0.162073,0.012411,-0.077018,0.036615,0.081230,0.067345,0.051312,0.045535,0.014898,0.055045,-0.047627,0.091445,-0.120365,-0.081280,-0.068478,-0.096029,-0.089614,-0.001256,-0.032221,-0.120929,0.007036,0.005036,-0.003117,0.084993,-0.067815,0.020144,-0.017747,0.031982,-0.012402,-0.021293,0.005680,0.003625,0.054007,-0.126906,-0.004637,0.127059,-0.035243,-0.010136,0.048420,-0.051288,-0.020029,0.068049
cefotiam,-0.256622,0.013829,-0.242248,-0.034064,-0.061334,-0.117764,-0.136671,0.088105,-0.270047,0.073532,-0.060378,-0.210289,-0.186118,-0.194771,-0.141085,-0.141561,-0.161075,-0.122060,-0.096887,0.152512,-0.095781,-0.103831,0.020875,0.035268,0.005038,0.017205,0.019465,0.154778,0.022675,0.068335,-0.226293,-0.287341,-0.290509,-0.008586,0.047992,-0.282602,-0.135948,-0.012727,-0.120116,-0.010269,-0.095049,-0.175738,0.004201,-0.170537,-0.079700,-0.238914,-0.101556,-0.171507,-0.092719,-0.090837
cefuroxime,-0.095429,-0.067699,0.073316,-0.108452,0.062056,-0.119637,-0.081524,0.050093,-0.228099,-0.062297,-0.073470,-0.093462,-0.082968,-0.057804,-0.070558,-0.130558,0.074817,0.098607,0.061903,0.142170,-0.158036,-0.068212,-0.103644,-0.103304,-0.039012,-0.113402,-0.097792,0.043617,0.043396,-0.043594,0.076274,-0.082973,-0.073288,-0.115322,0.098996,-0.126555,-0.123897,0.101979,0.041914,0.064799,-0.134131,0.063027,-0.069928,-0.132531,-0.136305,-0.079385,-0.104310,-0.147937,-0.178988,-0.084091
celastrol,-0.107921,-0.063750,-0.198255,-0.170533,-0.002486,-0.146959,-0.072575,-0.103532,-0.133609,0.096569,0.007738,-0.128790,-0.223656,-0.124498,-0.065368,-0.047086,-0.123423,-0.214581,-0.024576,0.116573,-0.087820,-0.088286,-0.108866,-0.078335,0.083078,-0.059104,-0.111459,0.130597,0.068955,-0.236836,-0.117761,-0.177873,0.176580,-0.097722,0.096464,-0.217120,-0.067130,0.098548,-0.135277,-0.092175,-0.225530,-0.179064,0.128802,-0.143279,-0.023711,-0.134503,-0.107726,0.000448,0.080860,0.080508
ceramide,-0.146960,0.072319,-0.110830,-0.093662,0.043311,-0.114484,-0.046461,0.088185,-0.264974,-0.052401,0.066805,-0.202792,-0.068459,-0.062969,-0.054406,-0.068378,-0.150173,0.060752,-0.144956,0.113491,-0.127716,-0.075018,-0.070697,0.073805,0.088422,0.103865,0.083539,0.134464,0.075627,0.082621,-0.161689,-0.295585,-0.357475,-0.088847,0.151108,-0.330517,-0.119486,0.075973,-0.137361,-0.139833,-0.108568,-0.179348,0.078947,-0.093596,-0.091015,-0.146223,-0.048873,-0.082489,0.070667,-0.061543
chlortetracycline,0.145320,-0.066181,0.234706,0.044303,-0.038468,0.026544,0.069966,0.024092,0.021928,0.134937,0.089654,0.157046,0.268269,0.045688,0.138822,0.152012,0.064667,0.244899,0.091179,0.080472,-0.037023,0.112604,0.056935,0.002114,-0.072370,-0.030433,-0.033796,-0.171926,0.007771,0.121546,0.184914,0.308371,0.300661,0.039017,0.098910,0.222450,0.057398,-0.147031,0.028728,0.136753,0.120954,0.113725,-0.105718,0.031286,0.092052,0.144496,0.121237,0.133798,-0.106776,0.115192
cilastatin,-0.094246,0.093259,-0.190409,-0.193129,-0.070910,-0.064249,-0.105412,-0.078166,-0.101471,0.086875,-0.046077,-0.142174,-0.196592,-0.061388,-0.077943,-0.118147,-0.173042,-0.184989,-0.084769,-0.082594,-0.059206,-0.065660,-0.075175,0.073085,-0.041578,0.113427,0.073059,0.175022,-0.042070,-0.117808,-0.243802,-0.307288,-0.137825,-0.064216,0.120492,-0.153510,-0.116405,-0.132203,-0.125015,-0.108866,-0.204572,-0.202141,-0.086051,-0.108976,-0.060165,-0.188073,-0.058301,-0.090313,-0.106273,-0.075802
cilomilast,0.070695,0.062052,-0.026713,-0.116537,-0.035324,-0.002517,-0.091576,-0.058290,-0.138849,-0.085253,0.048321,0.038341,0.110430,-0.010236,0.009895,0.020969,0.000518,0.119215,0.096195,-0.094167,-0.004178,-0.016134,0.019359,0.080825,0.054935,0.099852,0.079192,-0.006025,0.056330,0.050897,0.103395,0.130272,0.043872,0.078625,-0.152533,-0.010255,-0.011579,-0.150860,0.012134,0.076652,-0.118535,0.018170,0.010572,-0.001978,-0.003346,0.077710,-0.067024,0.095182,0.000601,0.063148
cimetidine,0.092616,0.050118,-0.071520,-0.073599,-0.048293,0.078511,0.067003,-0.048965,-0.128742,0.051184,0.033757,0.108668,0.158102,-0.057770,-0.056778,0.032262,-0.049317,0.109984,0.040035,-0.132553,-0.046639,0.058286,-0.061678,0.065360,0.050412,0.135104,0.107436,-0.069314,0.067153,-0.064638,-0.068556,0.105369,0.104398,-0.086203,0.122474,-0.053323,0.041164,-0.143786,-0.063557,-0.045563,0.054466,0.129867,-0.087412,-0.104684,0.042212,-0.067644,-0.037777,-0.056301,-0.095886,-0.053780
cinanserin,0.071622,-0.006824,-0.080305,-0.110796,-0.071414,-0.091647,-0.060586,-0.000405,0.088290,-0.066921,-0.065531,0.066393,0.052692,-0.042443,0.004424,-0.001663,0.005268,0.043047,-0.080733,-0.093937,0.072048,-0.067781,-0.073064,-0.006781,-0.009243,0.133730,0.093305,-0.074385,-0.005086,-0.024244,-0.059681,-0.102102,-0.125682,-0.085962,0.026224,0.078022,-0.077074,-0.124903,0.057891,-0.075697,-0.120805,0.003123,-0.009197,0.090348,-0.028967,-0.118100,-0.062532,-0.074579,0.010032,-0.062444
cinnarizine,0.072960,0.038994,0.108649,-0.083793,-0.051892,-0.166632,0.059567,-0.064321,0.168900,-0.074302,0.077514,0.117973,0.087685,-0.070523,-0.047232,0.083125,-0.100136,0.041572,0.075276,-0.070571,0.042490,-0.077883,-0.052086,0.071064,0.055054,0.130414,0.094507,-0.117247,0.110661,-0.120698,0.094855,0.099929,0.079834,0.061717,-0.098093,-0.060593,-0.060524,-0.096155,-0.048511,-0.084937,0.089813,-0.083144,-0.079013,-0.094975,0.066830,0.092284,0.061267,0.082096,-0.106607,-0.073829
cisapride,-0.069450,-0.000952,0.093313,0.010942,0.053874,-0.116609,0.009569,-0.063281,0.094541,-0.001582,-0.060887,-0.065757,-0.001040,0.070425,0.083402,0.087307,-0.061836,0.051853,-0.006246,0.019139,-0.097592,0.002940,-0.000582,0.092708,0.061142,-0.002664,0.000996,-0.004118,0.051038,-0.006682,0.049628,-0.064630,0.166635,-0.003920,0.154903,-0.099827,-0.039641,0.081514,-0.050369,-0.085811,-0.071334,-0.087159,-0.063216,0.082520,0.068272,0.056400,0.047327,0.067852,-0.005292,-0.057642
clindamycin,-0.007210,0.083541,0.011821,-0.098362,-0.057543,0.009667,-0.039868,0.066677,0.086221,-0.007098,0.057554,-0.069770,0.069015,0.086673,0.014800,0.094927,0.080129,0.083150,-0.006397,-0.001649,-0.121475,-0.081429,-0.005147,0.023609,0.087617,-0.145821,-0.038556,-0.011600,0.064600,0.028142,0.008083,-0.096358,0.033130,-0.007201,-0.094894,-0.082567,-0.107020,0.101209,0.082975,-0.069041,0.002408,-0.110805,0.129499,0.012376,0.001973,-0.094290,-0.015679,-0.011236,-0.130093,0.034882
clobetasol,-0.090286,-0.060900,0.111503,0.065794,0.045684,-0.058051,-0.064357,0.050804,0.094641,-0.073572,-0.056605,-0.134540,-0.158806,-0.110070,-0.048417,0.036905,-0.093581,-0.171121,0.042712,-0.110814,-0.067068,0.070838,-0.064454,0.080747,-0.038530,-0.080956,-0.083563,0.121059,-0.039288,-0.095158,-0.059597,-0.245410,-0.213042,0.095798,0.078370,-0.123575,-0.063585,0.099432,-0.086026,-0.117631,0.092832,-0.152742,0.054110,-0.147319,-0.122541,-0.088628,-0.070647,-0.108592,-0.118881,-0.057358
clofarabine,-0.062718,0.062910,0.078007,0.114942,-0.055276,0.102512,0.175731,0.052201,0.115445,0.058404,0.093668,0.127208,-0.197658,0.120770,0.127823,0.133735,0.051796,-0.210029,0.039394,-0.157338,0.063563,0.111630,0.132554,0.100921,0.091692,0.168630,0.136824,0.056105,0.072546,-0.127601,0.116393,-0.135989,0.126857,0.152462,-0.153066,0.061215,0.274075,-0.109831,-0.085407,-0.077899,0.082095,0.103099,-0.067545,0.139507,0.249175,0.072012,-0.061906,0.127346,-0.112323,0.069412
clomifene,0.104813,-0.064666,0.164449,-0.115086,0.066398,0.107035,0.095035,0.100223,0.358479,0.110480,0.096906,-0.140859,-0.180668,0.046299,0.092800,0.095071,0.102710,-0.121200,0.080675,0.085055,0.077547,0.088034,0.074259,0.081938,0.081858,0.170151,0.080193,0.069168,0.063366,-0.078642,0.103223,-0.249515,-0.230171,0.060673,0.142695,-0.062885,0.086952,-0.103293,0.116979,0.073071,0.124933,0.105127,-0.107444,-0.120551,0.087596,-0.084908,0.073315,0.057832,0.111861,0.111784
cortisone,0.034336,-0.066267,0.117414,-0.126532,-0.080414,-0.143883,-0.014160,0.050374,0.222445,0.095920,0.049691,0.061664,0.168436,-0.093084,0.108735,0.110909,0.093105,0.191419,0.095828,-0.027990,0.051550,-0.081174,-0.002986,-0.092590,0.009337,0.030579,0.027747,-0.092287,-0.031931,0.130246,0.181263,0.137710,0.111266,-0.027444,-0.000707,-0.021443,0.036812,-0.262622,0.125675,0.017972,0.045846,0.016142,-0.108950,-0.087434,0.007298,0.140282,-0.089866,-0.006024,-0.008880,0.094367
cortisone-acetate,-0.117438,-0.051643,-0.116382,-0.109994,-0.029737,-0.108314,-0.075729,-0.055703,-0.099210,0.086145,0.067802,0.113749,0.036783,-0.074143,0.055331,0.045805,-0.097250,0.054484,-0.065399,-0.084505,0.044952,-0.091860,-0.079216,-0.087486,-0.061735,0.133125,0.059590,-0.078155,0.038209,-0.124085,-0.109499,0.086044,-0.057262,-0.080169,-0.106540,0.069069,-0.095792,-0.096966,0.040595,-0.090499,-0.102978,-0.170750,0.074568,-0.073179,-0.129097,0.098137,-0.074255,-0.068017,0.074173,0.029204
curcumin,-0.083367,0.079434,-0.097630,-0.105996,0.049830,-0.122741,0.003001,-0.061069,-0.201909,-0.002839,0.007461,-0.092564,-0.182918,-0.081955,-0.105618,-0.085912,-0.088043,-0.205397,-0.087993,0.118565,-0.060153,-0.070769,-0.073260,0.067733,0.051130,0.072804,0.013101,0.166486,0.052033,-0.151406,-0.156561,-0.148297,-0.163474,0.094953,-0.102027,0.065238,-0.078570,0.122753,-0.117713,-0.134173,-0.116367,-0.179672,0.079877,-0.130968,-0.083436,-0.156813,-0.116270,0.001128,-0.107293,0.047316
cyanocobalamin,-0.024634,0.014605,-0.010565,-0.024822,-0.085342,-0.000095,-0.012934,0.003365,-0.204872,0.005475,-0.015853,0.016328,-0.072646,-0.023356,0.033467,-0.026455,-0.126205,0.005670,-0.007032,-0.011564,0.021273,-0.091402,-0.024054,0.005676,0.001676,0.064361,0.063038,0.003645,-0.077902,0.029601,-0.073664,0.104343,-0.097942,-0.118898,-0.011490,0.026539,0.053498,-0.085934,-0.109018,0.003103,0.111036,0.005354,-0.189182,-0.108583,-0.140777,0.003955,0.036875,-0.078859,-0.060642,-0.010287
cycloheximide,0.057281,0.050517,0.118714,-0.102607,-0.052044,-0.141412,0.142048,-0.001225,-0.168814,0.057065,0.049609,0.130823,0.093396,0.087329,0.069538,0.062975,-0.069211,0.111270,-0.091190,-0.091616,-0.060520,0.103340,0.083070,0.076385,0.070831,0.173691,0.126749,-0.113223,0.102714,0.091150,-0.089499,0.092728,0.156770,-0.116594,-0.119762,0.176691,0.146703,-0.125527,-0.083511,0.017807,0.166694,-0.103099,0.080970,0.193955,0.269108,-0.025774,0.146563,0.084042,0.017037,-0.079640
cyclopamine,0.066441,0.054126,-0.077122,0.120728,0.067977,0.107226,-0.058330,0.055057,0.225925,0.097015,0.055010,-0.131458,0.055397,0.074460,0.041262,0.065993,0.070278,-0.052779,0.062192,0.087182,-0.059826,-0.056945,-0.069813,0.061710,-0.061202,-0.110306,-0.070586,0.091594,0.051016,-0.073575,0.064416,-0.045647,-0.102951,0.104558,-0.104987,0.096878,-0.077009,0.105808,0.088147,0.070075,-0.119575,-0.081116,-0.080769,-0.114704,-0.115637,-0.153442,-0.097317,-0.080172,-0.088943,0.084240
cyclopiazonic-acid,-0.054857,-0.040575,0.115288,-0.102089,-0.053407,-0.099215,0.077333,0.068948,0.223145,-0.116888,0.057331,0.092388,-0.129707,-0.049688,-0.051113,0.087008,0.042990,-0.173896,0.078651,-0.105217,0.033692,0.064725,-0.029596,0.059545,0.068835,-0.068201,0.034494,-0.070953,0.079783,-0.076799,0.185122,-0.056403,-0.166085,0.088325,-0.116784,0.071717,0.098591,-0.113514,-0.072721,0.051294,0.107855,-0.090850,-0.118723,-0.093527,0.114291,0.220428,0.055702,-0.065883,-0.100241,-0.076402
cyclosporin-a,-0.142311,-0.050947,0.086703,0.118484,-0.035905,-0.122392,0.074288,-0.072902,0.083766,0.074465,0.060884,-0.155272,-0.342885,0.109566,0.059747,0.000015,-0.100046,-0.268037,-0.064625,0.084176,0.062782,0.076696,0.070942,0.070871,0.085940,0.003809,-0.005623,0.095210,0.086127,-0.124615,-0.004576,-0.328111,-0.245475,0.078072,-0.148066,-0.187764,0.094864,0.010245,-0.080576,-0.124450,0.196477,-0.128772,-0.106927,-0.139694,0.116606,0.265343,0.068186,-0.099227,0.098485,0.065158
cyproterone,-0.156123,-0.015777,-0.026437,0.029301,0.054032,-0.176533,-0.020035,-0.040345,-0.126406,-0.075925,-0.010536,-0.179907,-0.228439,0.097381,-0.140273,-0.029611,-0.132950,-0.229633,-0.096979,0.010356,-0.021502,0.034575,-0.058932,0.041110,0.076595,0.156909,0.109156,0.133965,0.097277,-0.180681,-0.125815,-0.272318,-0.274213,0.220490,-0.009433,-0.204863,0.053667,0.039439,-0.172391,-0.117562,-0.165009,-0.135180,0.113638,-0.010944,0.019079,-0.137153,0.060420,-0.078295,0.027044,-0.080711
cytarabine,0.006799,0.123431,-0.014882,0.162228,0.083091,0.020675,0.175324,0.120866,0.124378,0.174968,0.145951,0.059995,-0.148260,0.160382,0.096596,0.124104,0.048237,-0.172641,0.080755,0.082324,0.065545,0.121947,0.087450,0.166379,0.146890,0.391723,0.272003,0.115662,0.093488,-0.081413,-0.080768,-0.347986,-0.350189,0.137422,-0.151780,-0.088318,0.199225,-0.000698,0.102945,-0.080521,-0.018322,0.111940,-0.021529,-0.121952,0.233243,-0.174830,0.055905,0.109204,-0.134941,0.157165
dactinomycin,-0.133067,0.111927,-0.261105,0.167568,0.090907,-0.153195,-0.106778,0.099968,-0.227801,0.174238,0.069901,-0.240593,-0.391416,-0.080121,-0.163167,-0.124737,-0.075942,-0.381257,-0.100900,0.140430,0.055244,-0.118365,-0.099729,0.122833,0.081933,0.097051,0.074607,0.229927,0.082519,-0.236205,-0.253117,-0.418168,-0.492135,0.109498,-0.145777,-0.227942,-0.202322,0.188433,-0.062334,-0.162865,-0.203229,-0.271252,-0.070848,-0.263989,-0.270373,-0.271881,-0.156549,-0.157357,-0.067312,0.037435
danazol,-0.053002,0.033946,0.106785,0.122729,-0.035006,0.064421,-0.052439,-0.063845,-0.095750,-0.051833,-0.044514,-0.074164,-0.132652,0.070354,0.063611,-0.042550,0.043220,-0.084654,-0.051067,-0.107686,-0.052492,0.047079,-0.039797,0.082661,0.073202,0.128992,0.087492,-0.047551,0.061543,-0.073397,0.073806,-0.077244,-0.071002,0.097079,-0.100294,0.060390,-0.060206,0.086097,-0.063782,-0.072960,0.065827,0.117375,0.064551,0.084180,0.084841,0.056222,0.044154,-0.063809,-0.068123,-0.038681
dantrolene,-0.091855,0.007232,-0.012775,0.123504,-0.007813,-0.140868,-0.028623,-0.081021,-0.163392,0.102247,-0.004075,0.007280,-0.024518,-0.079692,-0.168587,-0.134104,-0.119393,-0.062533,-0.081871,-0.040017,0.039449,-0.085851,-0.003300,-0.029274,0.014092,-0.097790,-0.040764,0.065037,-0.005210,-0.124058,-0.027916,0.038760,0.263164,-0.038361,-0.096980,0.027168,-0.068973,-0.010415,-0.099260,-0.032694,-0.167655,-0.073735,-0.095167,-0.017571,-0.048381,-0.048224,-0.035862,0.002030,0.121190,-0.006329
daunorubicin,0.044632,0.127152,-0.157665,0.154851,0.082705,0.085683,-0.078897,0.107993,-0.143019,0.164341,0.091085,-0.176405,-0.346554,0.086318,-0.124802,-0.096304,0.063114,-0.371190,-0.077069,0.078602,0.053134,-0.067568,-0.054082,0.122125,0.072435,0.096932,0.117736,0.203453,0.094674,-0.251379,-0.196544,-0.376972,-0.393860,0.106930,-0.123354,-0.116354,-0.142707,0.189796,-0.083073,-0.127669,-0.210992,-0.219500,0.071863,-0.213323,-0.154402,-0.273162,-0.154606,-0.095908,-0.104417,0.070206
deforolimus,-0.033750,0.051627,-0.084976,0.016440,0.118443,0.161180,0.059391,-0.067105,-0.157495,0.081076,-0.068923,-0.106979,-0.210397,0.160285,-0.001746,-0.020169,-0.082442,-0.175608,0.001330,0.107812,0.087722,0.066860,0.063008,0.077219,0.083645,0.118645,0.055350,0.085500,0.054056,-0.000966,-0.192570,-0.173743,-0.301592,0.121496,0.152365,-0.081371,-0.011958,-0.100552,0.008900,-0.114436,0.073251,0.108696,-0.133499,0.129480,0.097443,-0.134879,0.134033,-0.090018,0.168677,0.001003
demeclocycline,-0.177748,-0.097390,-0.182809,-0.124009,-0.070732,-0.228504,-0.137271,-0.045674,-0.204324,-0.013384,-0.120176,-0.167444,-0.205314,-0.174296,-0.110699,-0.107784,-0.169348,-0.160370,-0.113838,0.000595,-0.185580,-0.057598,-0.111348,-0.010347,-0.067354,-0.104514,-0.077508,0.109569,-0.059205,-0.112218,-0.200506,-0.178625,-0.229389,-0.012981,0.000939,-0.178634,-0.121823,0.222923,-0.093774,-0.140181,-0.166996,-0.222704,0.108219,-0.132179,-0.194121,-0.127215,-0.111993,-0.160871,-0.026473,-0.043747
dexamethasone,0.138653,-0.060975,0.111669,-0.155959,-0.063378,0.077089,-0.065050,0.053925,0.155667,-0.080954,-0.057277,0.138688,0.100014,-0.041111,0.102472,0.100688,0.125598,0.110842,0.096563,-0.154634,-0.077564,0.071252,-0.039875,-0.093760,-0.069770,0.066496,-0.048953,-0.116750,-0.096999,0.074934,0.094533,0.228184,0.224140,-0.088237,-0.118441,0.246218,0.059211,-0.151509,0.107795,0.064192,0.046842,0.118511,0.043827,0.069616,-0.067679,0.129441,0.077252,0.080378,-0.126360,0.051578
dienestrol,-0.147803,0.059431,-0.142817,-0.026529,0.022599,-0.026401,-0.102458,-0.115497,-0.220958,0.019955,0.049838,-0.090618,0.006037,0.007169,0.080271,0.010282,-0.139922,0.104714,0.002540,0.013024,0.043167,0.068446,-0.054842,-0.108608,0.005329,-0.193740,-0.122515,0.129012,-0.057515,0.069286,-0.122186,-0.154101,0.066312,-0.053943,0.127984,-0.221177,-0.108464,0.028293,-0.163282,0.000113,-0.048560,-0.155662,0.151879,-0.012707,-0.027502,-0.094130,-0.075236,-0.068681,-0.037642,-0.094498
diflorasone,0.000171,-0.109859,-0.039208,-0.256980,-0.006087,-0.128075,-0.072157,-0.016124,0.172193,-0.147875,-0.071076,-0.061467,0.009328,-0.142164,-0.062656,-0.014562,-0.022390,0.062057,0.014383,0.011212,-0.110516,0.033982,-0.066102,0.018632,-0.010225,-0.125625,-0.017734,-0.063487,-0.032482,0.061052,-0.026283,-0.098200,0.130232,-0.154118,-0.000226,-0.037973,-0.119871,0.120741,-0.057854,-0.035875,-0.117091,0.096569,0.055669,-0.171951,-0.020030,-0.106045,0.007786,-0.076594,0.108946,0.008493
digitoxigenin,-0.101786,0.083678,-0.070981,0.250577,0.075520,-0.100741,0.135207,-0.106409,-0.121650,0.078602,0.051075,-0.124830,-0.175237,0.136654,-0.157893,-0.177039,-0.187381,-0.018187,-0.138241,-0.000978,0.024442,0.103770,-0.019202,0.005715,0.164340,-0.118562,-0.011733,0.154825,0.095001,-0.056594,-0.142220,-0.255898,-0.307202,-0.117655,-0.167731,-0.192829,0.006461,0.206165,-0.166759,-0.087037,-0.154369,-0.119403,0.126845,0.162604,0.317360,-0.105252,-0.039828,0.085696,0.122592,-0.064277
digoxigenin,-0.000518,0.046807,-0.010425,0.179113,-0.019973,-0.149354,0.126832,-0.092864,0.009223,0.137938,0.058465,-0.004976,0.035464,0.095012,-0.046053,-0.045803,-0.094182,0.035500,-0.118748,0.011509,0.108512,0.028949,0.062038,0.116561,0.110259,0.198972,0.124303,0.059678,0.109285,0.011381,-0.046726,-0.010490,-0.070032,-0.070456,-0.141501,0.024149,0.003052,0.125657,-0.029299,-0.075345,-0.041319,-0.037111,-0.001655,0.132054,0.209606,-0.074751,-0.071824,0.105030,0.040044,-0.011032
digoxin,-0.120148,0.076220,-0.087184,0.090228,0.040561,-0.026549,0.106143,-0.107742,-0.124832,0.004177,-0.047649,-0.099748,-0.156698,0.094828,-0.062737,-0.103237,-0.179936,-0.075496,-0.145259,-0.003326,0.052491,0.108668,0.066696,0.104012,0.129068,-0.120625,-0.040043,0.144698,0.112262,-0.087761,-0.105522,-0.174848,-0.200823,-0.083936,-0.141443,-0.127589,0.070258,0.004332,-0.139863,-0.063189,-0.086338,-0.117902,-0.068535,0.185981,0.303790,-0.070185,0.073500,-0.069024,0.074715,-0.079519
dihydrexidine,-0.120439,0.015105,-0.144305,-0.002866,-0.062970,0.095655,-0.079315,-0.018483,-0.251722,0.019143,-0.002811,-0.138509,-0.151690,-0.064008,-0.074985,-0.082236,-0.077973,-0.131220,-0.097215,-0.004917,0.005216,-0.081618,-0.054163,0.099561,0.058941,-0.115047,-0.084618,0.134068,-0.007061,-0.138261,-0.167977,-0.167986,-0.183208,-0.003293,0.107572,-0.191985,-0.087443,0.094460,-0.062605,-0.116181,-0.215186,-0.217391,-0.073614,-0.139011,-0.092438,-0.101012,-0.059394,-0.094151,0.108782,0.024115
diltiazem,0.057080,0.047549,0.070244,-0.081382,-0.050066,-0.092387,0.005571,0.000571,0.098351,0.050698,-0.011322,-0.058582,0.001920,-0.004568,-0.063490,-0.060099,0.070117,-0.072682,0.006599,-0.139723,0.045489,-0.036466,-0.058559,0.091529,-0.062989,0.084509,0.000744,-0.049951,0.038323,-0.056983,-0.003278,0.092548,0.083774,-0.054631,-0.100045,0.005706,-0.038939,-0.113960,0.060711,0.081180,-0.012614,-0.100827,0.073101,-0.100509,-0.064925,-0.064888,-0.071819,-0.061965,-0.125939,0.018712
dinoprost,-0.130243,0.011466,-0.108350,-0.130971,-0.106371,-0.000971,-0.114811,-0.120913,-0.111354,-0.107884,-0.008754,-0.099932,0.022638,-0.175934,-0.091987,-0.094100,-0.106190,0.029529,-0.108235,0.222777,-0.180623,-0.139713,-0.088695,-0.108066,-0.030949,-0.161317,-0.068449,0.074355,-0.090551,-0.059870,-0.146362,-0.124863,-0.021199,-0.072963,-0.144943,-0.074468,-0.117850,0.037816,-0.100957,-0.016393,-0.125839,-0.212970,-0.019418,-0.143884,-0.167148,-0.087948,-0.031527,-0.089361,0.022356,-0.102017
docetaxel,-0.107641,0.054710,0.055407,-0.084352,0.075951,-0.093031,0.061515,-0.096111,-0.201038,0.045182,0.052763,-0.180241,-0.190486,0.058064,-0.068504,-0.069088,-0.122780,-0.114339,-0.102964,-0.050022,-0.061179,-0.065437,0.059117,0.079309,0.043329,-0.098780,-0.068068,0.077949,0.056547,0.069790,-0.102302,-0.183991,-0.221333,0.067788,-0.099460,-0.184055,0.116874,-0.091467,-0.102456,-0.070776,-0.106209,0.054591,0.085801,0.080255,0.119181,-0.095403,0.061935,-0.044138,0.095455,-0.060705
dolasetron,-0.045126,-0.043448,-0.104936,-0.094636,-0.079397,0.115676,-0.092684,-0.069823,-0.167645,0.070003,0.081707,-0.074395,0.069595,-0.073927,-0.076875,-0.071100,-0.089545,0.051526,-0.075924,-0.160358,0.062205,-0.125998,-0.093323,0.074484,-0.040004,0.102126,0.096812,-0.080346,-0.065124,-0.054228,-0.136505,-0.029974,0.062405,-0.106038,-0.114200,-0.061882,-0.050590,-0.108842,-0.074360,-0.056137,0.079639,-0.110480,-0.069958,-0.119921,-0.101998,-0.115508,0.051054,-0.057191,0.075935,-0.068041
dopamine,-0.030870,-0.115050,-0.094528,-0.161308,0.025100,0.096049,-0.114195,0.000037,-0.032733,-0.189447,-0.147139,0.091790,0.123585,-0.083481,-0.022695,-0.017756,-0.093432,0.054544,0.031464,0.152377,-0.128530,-0.082930,-0.028498,-0.178241,-0.133307,-0.101946,-0.126645,-0.004563,-0.083006,0.016496,-0.010968,0.144235,0.148057,-0.115541,-0.034098,-0.002249,-0.058164,0.089155,-0.024935,-0.070003,-0.003487,0.009977,-0.029715,-0.115921,-0.133413,0.064874,-0.039697,0.007169,0.031519,-0.110460
dorzolamide,-0.133158,0.018923,0.018902,-0.156306,0.070539,0.073925,0.020584,0.011559,-0.122577,0.016913,0.081959,-0.083856,-0.151418,0.005956,-0.025089,-0.069302,-0.116247,-0.147508,-0.109629,-0.115658,-0.036128,0.006327,0.090177,0.042950,0.047749,-0.020772,0.105880,0.036365,0.003838,0.020715,-0.105616,-0.098980,0.032508,-0.145854,-0.045303,-0.136895,-0.027046,0.052141,-0.028192,0.006643,-0.087618,0.026038,-0.082106,0.022198,0.047591,0.101832,-0.001373,-0.015714,-0.059425,-0.060591
doxepin,0.097491,0.051284,0.080182,-0.084199,-0.047332,-0.098819,0.053606,0.043959,0.113449,-0.026282,0.050263,0.093514,0.132643,0.071771,0.052086,0.064620,0.082661,0.150699,0.042262,-0.131012,-0.046527,0.059241,0.049863,-0.085969,-0.032834,-0.075698,0.059093,-0.061925,0.050158,0.069061,0.142205,-0.070339,0.188252,-0.069823,0.112195,0.042494,0.062256,-0.150032,0.065039,0.092880,0.073420,0.047777,-0.060813,-0.076399,0.051195,0.112623,0.075456,-0.044728,-0.092826,0.041697
doxorubicin,-0.059196,0.132355,-0.186167,0.123567,0.072911,-0.114264,-0.080119,0.094170,-0.203585,0.138952,0.085264,-0.193245,-0.399145,-0.061410,-0.147031,-0.105857,-0.069343,-0.400451,-0.092452,0.147505,0.042967,-0.086768,-0.051242,0.125061,0.095005,0.110928,0.075734,0.223816,0.113803,-0.277995,-0.248662,-0.436579,-0.464091,0.176975,-0.124282,-0.175561,-0.133130,0.187265,-0.118307,-0.146006,-0.189820,-0.231506,0.087327,-0.242232,-0.191269,-0.285746,-0.168338,-0.094205,-0.107587,0.039837
doxycycline,0.085133,-0.101927,-0.022918,-0.149330,-0.051614,-0.026270,-0.058399,0.076763,0.015023,-0.081481,-0.083544,0.128477,-0.059841,0.066971,0.118116,0.079179,0.085135,-0.042642,0.009164,0.006588,0.095506,-0.072857,-0.009385,-0.169731,-0.093770,-0.008394,-0.013882,-0.104155,-0.066762,0.009004,0.082397,-0.040963,0.188642,-0.079151,-0.108678,0.119229,0.085571,-0.010529,0.003661,-0.087829,0.130987,0.137654,-0.064606,0.007073,-0.057930,0.154561,0.110043,-0.026004,-0.007895,0.090887
dydrogesterone,0.065415,0.023888,0.019091,-0.004407,0.064586,0.023321,-0.065419,0.004701,0.112908,0.078034,-0.061934,0.060959,0.065768,0.010993,0.075913,0.020698,-0.071153,0.073793,0.097715,-0.182728,-0.112456,0.003542,0.010185,-0.004560,-0.027249,-0.147439,-0.056252,-0.094875,-0.002047,0.056383,0.002737,0.027881,0.186401,0.072789,-0.017782,0.089749,0.065140,0.107592,-0.010274,0.029538,-0.130108,0.022631,-0.137028,0.016170,-0.026529,0.056451,0.022802,0.040511,0.042601,-0.001576
emetine,-0.215548,-0.045459,-0.156297,-0.297349,-0.106696,-0.213481,-0.083148,-0.162024,-0.219314,-0.200195,-0.139176,-0.006205,-0.143815,-0.173570,-0.121708,-0.152302,-0.230283,0.072193,-0.204969,-0.149420,-0.089608,-0.115508,-0.066483,-0.097279,0.054661,-0.059281,-0.074677,-0.082936,-0.072163,0.062925,-0.236979,-0.170775,0.039911,-0.163461,-0.242230,-0.250430,-0.072301,-0.182382,-0.177063,-0.103173,-0.118876,-0.260140,0.206726,0.149244,0.258020,-0.156369,0.060490,-0.143613,-0.118751,-0.176988
enalapril,-0.062146,-0.109230,-0.075941,-0.078908,0.052237,0.070051,-0.101022,-0.055935,-0.102753,0.044695,-0.089610,-0.051401,0.082878,0.051694,-0.049186,0.038660,-0.095957,0.114876,-0.126454,-0.125460,-0.035011,-0.093005,-0.067052,-0.137562,-0.049328,0.069538,-0.084604,-0.075590,-0.053147,0.047429,-0.134456,0.088498,0.188320,0.093561,-0.127144,-0.067759,-0.058212,-0.066840,-0.084268,-0.110582,-0.128422,-0.143819,-0.065206,-0.115328,-0.046473,-0.095537,-0.075037,-0.064177,-0.113600,-0.092345
entacapone,0.023459,0.079749,0.129561,-0.117267,0.054483,0.029975,0.065616,-0.062002,-0.019295,-0.046236,0.107418,0.046948,0.137975,0.037784,0.095788,0.061063,0.051196,0.102931,-0.053042,0.017368,-0.005791,-0.009359,0.091814,0.074774,0.116886,0.127697,0.107848,-0.096011,0.044380,0.097445,0.059117,0.149604,0.031349,0.087112,0.039793,-0.080229,-0.019375,-0.003415,-0.057458,0.082887,-0.008757,-0.096082,0.005429,-0.095552,0.127104,-0.052018,0.055613,0.001911,0.033470,0.101502
epirubicin,-0.088691,0.124977,-0.177653,0.140831,0.085278,-0.114939,-0.094488,0.108496,-0.149467,0.164057,0.073293,-0.193533,-0.391387,0.076294,-0.116989,-0.073546,-0.072957,-0.416180,-0.084781,0.143959,0.065293,-0.002894,-0.028577,0.148470,0.095022,0.100960,0.087008,0.225587,0.113652,-0.280412,-0.215097,-0.426136,-0.466330,0.156750,-0.148049,-0.188263,-0.146480,0.232244,-0.068754,-0.162583,-0.191978,-0.242659,0.068044,-0.239065,-0.138700,-0.240438,-0.152462,-0.065918,-0.113276,0.093550
epitiostanol,0.122421,0.084934,0.164066,0.014416,-0.001725,-0.010812,0.036407,-0.005826,0.030867,-0.097745,0.066074,0.155241,0.222514,0.133247,0.181846,0.158465,0.084661,0.209334,0.102965,-0.025227,-0.019781,0.109643,0.114651,0.055111,0.030415,0.018165,0.033019,-0.102911,0.032997,0.063421,0.204814,0.208345,0.121262,0.049251,0.005852,0.148337,-0.016582,-0.030021,0.118564,0.151276,0.191664,0.161705,-0.011438,0.206122,0.123654,0.195683,0.160809,0.134897,0.030126,0.067585
eplerenone,-0.128860,0.037216,-0.062478,-0.101089,0.073834,-0.131112,-0.053863,0.051912,-0.120355,-0.103666,-0.045598,-0.117219,-0.138914,-0.050871,-0.079049,0.040234,-0.101269,-0.136087,0.087979,0.111418,0.060877,-0.038987,-0.038525,0.160166,0.075857,-0.120071,0.060911,0.098475,0.060706,-0.071617,-0.068940,-0.198827,-0.099786,0.105331,0.172638,-0.199289,-0.080768,-0.094614,-0.095189,-0.096075,-0.170023,-0.202223,-0.136130,-0.139308,0.044345,-0.067239,0.042162,-0.082102,-0.102244,-0.072254
equilin,-0.092284,-0.007185,-0.049920,-0.093698,-0.081011,0.104222,-0.073570,-0.051533,-0.011951,-0.002515,0.046260,-0.096796,-0.083981,-0.052885,0.071843,0.099770,-0.095075,-0.067575,-0.074329,0.125644,-0.003005,-0.090335,-0.038548,-0.090596,-0.054467,-0.125330,-0.065459,0.087142,0.048426,-0.044801,-0.074573,-0.098825,-0.113049,-0.102214,-0.091412,-0.072533,-0.090836,-0.128245,-0.065679,-0.079277,-0.112203,-0.194922,-0.001108,-0.095162,-0.082881,-0.006048,0.062535,-0.081458,0.108045,-0.056788
equol,0.080471,0.048153,-0.005024,-0.093081,-0.082261,-0.026107,-0.062919,-0.082646,0.090247,-0.074627,-0.078533,-0.080102,0.014480,-0.066139,0.009091,0.054888,0.056925,0.016833,-0.069951,-0.131156,-0.010935,-0.097100,-0.066080,-0.060682,-0.059942,0.090029,0.049337,-0.067245,-0.062270,0.050837,0.076757,0.084328,0.122251,-0.173062,0.097461,0.066394,-0.055027,-0.123929,-0.003154,-0.010089,-0.026681,-0.036786,0.096247,-0.116910,-0.139148,0.015470,-0.089857,-0.092018,-0.137970,-0.051819
erythromycin,0.114868,0.054599,-0.052977,-0.125775,0.044661,0.129657,0.106271,0.133296,-0.139287,0.058809,0.094921,-0.051756,0.137115,0.103008,0.045993,0.059867,0.116316,0.091963,0.089124,-0.097015,0.064355,0.053513,0.066420,0.110932,-0.040880,0.072999,0.072995,-0.069236,0.064090,-0.037076,0.105362,0.082504,0.076078,0.096651,-0.118627,-0.087053,-0.060741,-0.197372,0.080048,0.082630,0.096811,-0.104234,-0.166253,0.106449,-0.096498,-0.047037,0.045181,-0.083666,0.160930,0.072047
esculin,-0.087517,-0.055669,-0.086284,0.077340,-0.053488,-0.058552,-0.098620,-0.089321,-0.160897,-0.053212,-0.045026,-0.118371,0.056913,-0.089830,-0.048355,-0.045318,-0.076658,0.071068,-0.076255,0.142539,-0.093810,-0.087645,-0.052468,-0.110670,-0.098035,0.086636,0.048748,0.088707,-0.079008,-0.082103,-0.070665,-0.091945,-0.098004,-0.078209,0.088220,-0.076165,-0.088948,0.078585,-0.082144,0.051030,-0.132659,-0.122810,0.091899,-0.138128,-0.070004,-0.103037,-0.095664,-0.059283,-0.123247,-0.037090
estradiol,-0.066242,-0.067244,0.086720,-0.088354,-0.056484,-0.092305,0.052357,-0.061724,0.063135,0.041775,0.049003,0.076536,-0.047178,0.071933,-0.059066,-0.056382,-0.054892,-0.051651,-0.063449,-0.118087,-0.086938,-0.051277,-0.056681,0.073136,-0.046536,-0.078534,-0.058333,0.077422,-0.043546,-0.036404,0.052573,0.052180,-0.055092,0.052736,-0.143494,-0.050078,-0.041459,-0.080094,-0.041874,-0.053464,0.093699,-0.118430,-0.053763,-0.066952,-0.057700,0.120368,0.054483,0.077867,-0.106526,-0.048207
estriol,-0.086208,0.076663,-0.111113,-0.107145,-0.042147,-0.069154,-0.075595,-0.058424,-0.117802,-0.056051,-0.053503,-0.074217,0.058704,-0.076989,-0.053838,-0.060672,-0.071080,-0.079616,-0.034181,-0.100809,-0.069242,-0.058816,0.044903,-0.081131,0.046132,0.053579,0.041549,0.067590,0.043269,-0.063726,-0.069028,-0.075000,0.122539,0.083143,-0.109843,-0.122496,-0.079381,-0.094289,-0.061362,-0.077474,-0.122352,-0.145847,-0.078199,-0.110075,-0.071330,-0.088645,-0.051312,-0.088417,0.080933,-0.067793
estrone,-0.096086,-0.054419,-0.101372,-0.132300,-0.112600,-0.070805,-0.080016,-0.095334,-0.147421,-0.077547,-0.061669,0.078867,0.123713,-0.082341,-0.051567,-0.060837,-0.114605,0.100920,-0.069118,-0.109570,0.044217,-0.078578,-0.059619,0.056559,-0.035185,-0.074980,-0.043437,0.077672,-0.047767,-0.037231,-0.054793,0.073454,-0.092043,-0.153356,-0.115278,0.032515,-0.099339,-0.083144,-0.108954,-0.068058,-0.133480,-0.189568,0.154985,-0.077129,-0.076952,-0.087834,-0.080568,-0.101449,-0.119536,-0.050685
estropipate,0.101497,-0.056361,0.119674,-0.010049,-0.054030,0.130514,0.050903,-0.117998,-0.104115,-0.077628,0.045464,0.148742,0.231866,0.078086,0.098129,0.071635,0.011028,0.192944,0.089808,-0.100341,0.065088,0.068002,0.047022,-0.119728,-0.080973,0.120716,0.055123,-0.148081,-0.062945,0.115993,0.182101,0.295406,0.231496,-0.071313,-0.116077,0.175717,0.071736,-0.022526,0.009442,0.074285,0.100868,0.102693,-0.000806,0.087312,0.044590,0.149827,0.089192,0.080479,-0.079782,-0.052667
ethambutol,-0.037127,0.046282,-0.020253,-0.100183,0.011604,-0.174576,-0.049894,-0.011364,-0.082982,0.017886,0.070286,-0.004992,0.023713,-0.056603,-0.048688,-0.067172,-0.049541,0.018710,-0.016211,-0.041063,-0.111813,-0.086580,-0.002183,0.010858,0.014960,0.251288,0.131050,0.055095,0.036899,0.077167,-0.035838,0.069106,0.127476,0.027827,0.176022,-0.050198,-0.078189,0.131043,-0.049591,-0.033809,0.001584,-0.024943,-0.002022,0.065966,-0.024916,-0.001788,-0.010138,-0.082026,-0.004252,-0.098517
ethisterone,0.168515,-0.044836,0.207717,-0.158411,-0.070009,-0.040417,0.104198,-0.062180,0.229329,-0.079129,-0.059962,0.193696,0.244826,0.146929,0.201940,0.187390,0.139537,0.234408,0.110903,0.091467,0.094089,0.011079,0.113973,-0.062501,-0.017310,0.164122,0.096104,-0.231992,-0.031789,0.111819,0.194595,0.294898,0.166592,0.103378,0.006559,0.231036,0.125341,-0.233022,0.125234,0.050591,0.214749,0.176874,-0.143976,0.151681,0.110064,0.157330,0.135648,0.110607,-0.115318,0.000548
etodolac,0.055325,-0.055576,-0.054148,-0.095203,-0.067286,-0.076688,-0.056895,-0.072366,-0.117554,-0.057836,-0.044317,-0.073150,0.135450,-0.069113,-0.046029,-0.064179,0.041972,0.070427,0.055030,0.093653,-0.049798,-0.048418,-0.033612,-0.083506,0.046456,-0.084966,-0.065037,-0.066502,0.028000,0.052381,0.075135,0.059983,-0.083658,-0.079424,-0.116112,0.078129,0.025800,0.072323,0.069758,-0.040210,-0.054140,0.046398,0.072135,0.082289,-0.055702,-0.047316,-0.054731,0.066330,-0.101982,-0.056990
etomidate,-0.088844,0.042953,-0.132426,-0.107127,0.055146,-0.131656,-0.065596,0.071159,-0.196907,0.062216,0.045174,-0.115636,-0.087618,-0.060615,-0.058530,-0.076788,-0.077598,-0.071826,-0.092822,0.084938,-0.069810,-0.077004,0.049973,0.097596,-0.067912,-0.070322,0.058289,0.132855,0.039029,-0.061016,-0.218539,-0.070900,-0.156948,-0.072344,-0.078914,-0.206600,-0.068763,0.100649,-0.067891,-0.103348,-0.197651,-0.091905,0.071344,-0.086938,-0.072029,-0.132771,0.039472,-0.083279,0.101749,0.055359
etomoxir,0.121363,0.053269,-0.076718,-0.015043,0.051002,0.112606,0.087821,0.021093,-0.010615,0.079899,0.066392,0.112508,0.105520,0.118620,0.097944,0.107276,0.093689,0.088803,0.089458,-0.102044,0.062596,0.068616,0.079174,-0.006311,-0.080042,0.006241,0.086737,-0.103454,0.058605,0.068587,0.108813,0.167601,0.175806,-0.001294,-0.088799,0.155100,0.055597,-0.097380,0.085009,0.010491,0.118396,0.178658,-0.127150,0.100459,0.060761,0.017174,0.097982,0.056476,-0.028939,0.062342
etoposide,0.064233,0.109020,-0.089705,-0.057556,-0.035602,-0.120715,0.138657,0.043677,0.082895,0.043884,0.061743,0.142897,-0.223495,-0.070677,0.037842,-0.054977,0.058321,-0.278692,-0.068446,-0.156960,0.112821,0.045241,0.081013,0.120657,0.088009,0.261531,0.226056,0.053800,0.073914,-0.219681,-0.063780,-0.150316,-0.091425,0.114386,-0.149312,0.102448,0.204039,-0.099027,0.035853,-0.071234,-0.068798,0.079818,-0.103996,-0.097109,0.220455,-0.127029,-0.114361,0.093049,-0.096801,0.064017
everolimus,-0.118986,0.074809,-0.095009,0.093193,0.081644,0.116354,0.081180,0.047936,-0.164644,0.102044,0.069808,-0.138399,-0.209533,0.070607,-0.057096,0.042914,-0.146194,-0.161685,-0.098159,0.098484,0.060973,0.071723,0.062110,0.098336,0.071978,0.091314,0.091170,0.102615,0.070254,0.051711,-0.228463,-0.250200,-0.384567,0.133230,0.125591,-0.145468,0.100278,-0.072031,-0.062529,-0.085177,0.053461,-0.083955,-0.068100,0.180577,0.139969,-0.152096,0.132352,-0.084704,0.201110,-0.042062
exemestane,-0.038774,0.051365,0.051904,-0.097745,-0.068635,-0.153200,-0.078274,0.065947,-0.150114,-0.059053,0.059061,-0.100875,-0.085281,-0.076584,-0.040866,-0.047975,-0.087629,-0.086662,-0.075996,-0.126307,0.066789,-0.080756,-0.072036,-0.058603,0.079872,-0.171487,-0.102478,0.061473,0.043291,-0.101359,-0.065741,-0.137819,-0.144240,0.061219,0.083283,-0.106422,-0.055179,0.067278,-0.084846,-0.045800,-0.111812,0.176752,0.077184,-0.102599,-0.042021,-0.106374,-0.064011,0.053352,0.081289,0.121327
ezetimibe,-0.114547,0.068002,-0.115398,-0.122350,-0.035570,-0.130650,-0.084045,0.088049,0.091764,0.084117,-0.051771,-0.081498,-0.162524,0.057233,-0.103923,0.036674,0.074411,-0.182254,-0.112720,0.126199,-0.154108,-0.066012,-0.065211,0.052040,0.053354,-0.211726,-0.127929,0.144373,0.091396,-0.138846,0.087355,-0.247938,-0.111297,0.098701,-0.116112,-0.148258,-0.069543,0.168332,-0.059392,-0.127155,-0.164220,-0.234831,0.116935,-0.130360,-0.066083,0.094786,0.047790,-0.122076,-0.117641,0.052064
fenretinide,-0.113450,0.076427,0.079870,-0.118984,0.044720,-0.078143,0.105547,-0.108113,-0.194298,-0.088782,0.009765,-0.157969,-0.221578,0.077292,0.006546,-0.101896,-0.139345,-0.197774,0.017405,-0.111710,0.073118,0.107889,0.096649,0.136268,0.082851,-0.103046,0.000243,-0.102695,0.088883,-0.006126,0.030533,-0.095846,0.104940,-0.013730,-0.115463,-0.154380,0.093169,-0.133598,-0.110596,0.077085,0.105255,0.016994,0.002101,0.122800,0.195110,0.168977,0.072374,0.075604,-0.008614,0.004007
finasteride,0.086418,-0.046531,0.068727,-0.081963,-0.056966,0.094252,-0.061968,-0.061493,0.102607,-0.055565,-0.055797,0.107453,0.198821,-0.041462,-0.061126,0.095639,0.102592,0.178418,-0.041305,-0.062730,0.042447,-0.063070,0.055095,-0.091729,-0.061232,-0.090862,0.035855,-0.085520,-0.060676,0.061777,0.087697,0.199910,0.158740,-0.078296,-0.060466,0.138597,0.046044,-0.175827,-0.118256,-0.039340,-0.079453,0.120782,0.048302,-0.072455,0.043726,0.062358,0.054394,-0.037942,0.088845,0.043120
floxuridine,-0.069832,0.086704,-0.089271,0.121936,-0.032361,-0.090025,0.093898,0.057628,-0.104675,0.127758,0.074948,-0.129212,-0.250027,0.051527,-0.056510,-0.070482,-0.114955,-0.278904,-0.077912,-0.093491,0.039974,0.087376,0.077526,0.135747,0.107113,0.133740,0.120462,0.107937,0.098889,-0.171305,-0.083200,-0.234079,-0.200188,0.073044,-0.155054,-0.122542,0.113161,0.123151,-0.141222,-0.079879,-0.092152,-0.129583,0.063914,-0.097770,0.170166,-0.125784,-0.098318,0.135018,-0.018069,0.102872
flucloxacillin,-0.153435,0.106357,-0.131161,-0.220424,-0.071373,-0.030438,-0.119486,0.113561,-0.201995,0.073005,0.031050,-0.148086,-0.130640,-0.125691,-0.102320,-0.128936,-0.111633,-0.127390,-0.112877,0.027931,-0.150969,-0.087507,-0.098914,0.006847,0.018834,0.045669,0.088321,0.133573,0.072740,-0.166298,-0.109803,-0.136816,-0.147369,-0.168194,-0.064876,-0.226776,-0.172470,0.217359,-0.039328,-0.065355,-0.208527,-0.170385,0.037358,-0.169561,-0.083070,-0.083505,-0.104889,-0.123873,0.022914,0.056892
fludarabine,-0.121897,0.093519,-0.185258,0.025538,0.036219,-0.087672,-0.112793,-0.069064,-0.185761,0.066637,0.066192,-0.218913,-0.137861,-0.073240,-0.087727,-0.099375,-0.146028,-0.194065,-0.139102,0.133747,-0.117945,-0.117597,-0.083918,0.096852,0.050862,-0.084162,0.001669,0.209089,0.093744,-0.150646,-0.243534,-0.317982,-0.217525,0.009911,-0.100202,-0.220967,-0.138941,0.113173,-0.124978,-0.147736,-0.217048,-0.236291,0.000392,-0.156979,-0.123415,-0.214418,-0.104736,-0.122687,-0.100255,-0.070235
flumetasone,0.102487,-0.061262,0.115891,-0.093626,-0.062243,-0.104568,0.052515,-0.009839,0.104586,-0.123702,-0.067727,-0.086273,-0.038244,0.008146,0.080808,0.075871,0.092775,-0.059073,0.066802,-0.101458,-0.005681,0.061338,0.005430,0.062238,0.000182,0.106215,0.060537,-0.074123,-0.067469,-0.075608,0.078546,0.033001,0.167775,-0.019205,-0.118123,0.055484,0.071423,-0.134247,0.070516,-0.078553,0.068193,0.082820,-0.019443,0.009721,-0.087667,0.066018,0.064846,0.090515,-0.108876,0.009062
flunarizine,-0.006574,-0.056675,-0.050952,-0.082847,-0.069192,0.079682,0.004820,0.067254,0.002788,-0.055970,-0.009436,0.004978,0.075611,0.062771,0.050633,-0.060010,-0.029308,0.101029,-0.049248,-0.115564,-0.025096,-0.048577,0.045881,-0.101114,-0.078042,0.101049,0.072287,-0.071185,0.001176,0.016655,-0.041007,-0.115895,-0.005421,0.082057,-0.103006,-0.025232,0.066706,-0.100754,-0.078289,-0.070301,-0.014646,-0.030297,-0.082703,0.115453,-0.000485,0.049838,0.112438,0.002690,0.120577,0.048043
flunisolide,-0.077143,0.050109,-0.136158,-0.123346,-0.051904,-0.096674,-0.080161,-0.060120,-0.186667,-0.001257,-0.056770,-0.168316,-0.116431,-0.118203,-0.082852,-0.063485,-0.108342,-0.122801,-0.093318,0.087448,-0.109459,-0.076567,-0.077878,-0.008833,0.053724,-0.100945,-0.036168,0.157249,0.005914,-0.124864,-0.164340,-0.209327,-0.143915,-0.017833,0.030633,-0.192504,-0.117503,0.103139,-0.103159,-0.118384,-0.163757,-0.214958,0.088105,-0.123175,-0.011023,-0.156899,-0.099728,-0.117084,-0.087383,-0.040589
fluocinolone-acetonide,-0.103607,0.034997,-0.097250,0.184945,0.046558,-0.096318,-0.082228,0.061126,-0.141418,-0.081359,0.061620,-0.174287,-0.117360,-0.114081,-0.034231,-0.062992,-0.094600,-0.095912,-0.069988,-0.099728,0.049887,0.047089,-0.073811,0.108618,0.091224,-0.096688,0.084597,0.116709,-0.069670,0.058523,-0.135024,-0.199268,-0.220556,0.087467,-0.060397,-0.130275,-0.114286,0.128520,0.046377,-0.126080,-0.111825,-0.207576,-0.087104,0.070465,-0.081196,-0.155194,0.048361,-0.083371,-0.116633,-0.056499
fluocinonide,-0.037927,-0.041825,-0.122922,-0.134720,0.058616,0.036233,-0.103185,0.000097,-0.020414,-0.020157,-0.067266,-0.104404,-0.084107,-0.005742,-0.033619,-0.095602,-0.037163,-0.015073,-0.071623,0.097718,-0.106294,-0.058810,0.000400,-0.084675,0.017191,-0.165666,-0.101798,0.093664,-0.089775,-0.099579,-0.132659,-0.170956,0.015765,-0.034921,0.014375,-0.182572,-0.097372,-0.060107,-0.125015,-0.124983,-0.202494,-0.153512,0.012989,-0.002299,0.008656,-0.008098,-0.060688,-0.088592,0.062174,0.007570
fluphenazine,-0.097421,-0.070195,-0.092337,-0.146721,-0.069386,0.084079,-0.058017,0.110816,0.359355,-0.053456,0.046220,-0.120778,-0.276992,-0.071798,-0.051181,-0.063345,-0.045360,-0.214865,-0.081930,-0.122675,0.092436,0.085275,0.044077,-0.087969,0.049192,-0.099970,-0.056949,0.120194,0.052116,-0.092431,-0.123556,-0.316451,-0.351738,0.082801,-0.099275,-0.141262,0.051358,0.143592,-0.062195,-0.091828,-0.116380,-0.155662,-0.074904,-0.131845,0.075036,-0.112465,0.066078,-0.099001,0.091819,0.054358
fluticasone,-0.042741,-0.053725,-0.070215,-0.099520,-0.042922,-0.091363,-0.065720,-0.050251,-0.093900,-0.069719,-0.061831,-0.051147,0.048637,-0.082272,-0.052440,-0.008621,-0.068117,-0.055096,0.056331,-0.107109,-0.124482,0.059260,-0.007653,0.003453,0.039877,-0.079335,-0.019035,0.098845,-0.064790,-0.069212,-0.087619,0.060337,0.199855,0.061776,0.140957,-0.106448,-0.079240,-0.148207,0.002019,-0.093103,-0.134739,-0.148645,0.005576,-0.141538,-0.099213,-0.088604,-0.095569,-0.060021,0.003676,-0.057990
fluvastatin,-0.089228,0.047929,-0.043843,0.011559,0.133830,0.120076,0.112813,-0.002805,0.270390,0.101598,0.011345,-0.245424,-0.634060,-0.010935,-0.007920,-0.030800,-0.091234,-0.472652,-0.088946,0.164283,0.112119,0.147076,0.054667,0.181293,0.126703,-0.107251,0.060790,0.207428,0.117274,-0.116404,-0.173103,-0.532006,-0.673953,0.102319,-0.177505,-0.261704,0.092595,0.026501,-0.080439,-0.099736,0.060870,-0.136965,-0.116757,-0.019109,0.115936,-0.228941,-0.024933,-0.165809,0.014971,-0.077064
fluvoxamine,0.047248,-0.019081,0.075899,-0.115464,0.052320,0.115669,0.052529,0.016778,0.159412,0.004218,0.071140,-0.008196,0.079409,0.004273,-0.017146,-0.067610,0.065317,0.113071,-0.055930,-0.024384,-0.041201,-0.064786,-0.049339,-0.067714,-0.024525,-0.076342,-0.050808,0.057756,0.006029,0.049858,0.083898,0.086313,-0.017059,0.147009,-0.137811,0.052132,0.002905,0.013676,0.058859,0.058513,0.002132,-0.100868,0.054618,0.058784,-0.072715,0.076892,0.066904,-0.050856,0.085193,0.036973
formestane,-0.069116,-0.086274,-0.007762,-0.002533,-0.036882,-0.012864,-0.012370,-0.000724,0.006219,0.055037,-0.052080,0.005335,0.010146,-0.080212,-0.054192,-0.097784,-0.073418,0.034762,-0.082340,0.073879,-0.063417,-0.098872,-0.039828,-0.109918,-0.071348,0.085139,0.031906,0.094172,-0.052371,0.000156,-0.035296,0.100093,-0.085657,-0.075277,0.118018,-0.094823,-0.077682,0.163928,-0.059952,0.016622,-0.151331,-0.165923,-0.002018,-0.096441,-0.084000,-0.027638,-0.058916,-0.067152,0.114475,-0.068687
formoterol,0.103239,-0.067194,0.160320,0.092049,-0.090778,0.114660,-0.074892,0.072759,0.089563,-0.094095,0.033984,0.092029,0.069549,0.077603,0.102508,0.138968,0.123134,0.088333,0.108297,-0.114473,-0.057506,0.064829,0.053375,0.064403,-0.040914,-0.150723,-0.088876,-0.062128,0.058172,0.080059,0.218318,0.201384,0.138619,0.081606,-0.100723,0.135579,0.089481,-0.099092,0.114723,0.086416,-0.068733,0.173264,-0.085175,-0.090900,-0.058337,0.099524,0.059982,0.072349,0.095324,0.098528
forskolin,0.068219,-0.048857,-0.086389,0.139114,-0.079142,0.092272,-0.073793,-0.065156,-0.164071,-0.047047,-0.060301,-0.046611,-0.108959,-0.085910,0.075483,0.076132,0.049283,-0.087185,0.095399,-0.146685,0.053719,-0.054329,-0.044458,-0.064639,-0.057016,-0.056497,-0.050149,0.083830,0.052428,-0.090902,-0.102859,-0.048017,0.101054,0.080206,-0.143506,0.079909,-0.085043,0.097177,-0.073288,-0.060301,-0.094759,-0.127433,-0.070555,-0.116633,-0.081540,-0.038114,0.063477,0.062982,-0.114923,0.043762
fulvestrant,0.062474,0.038744,-0.119974,0.135897,-0.045554,-0.128750,0.053112,0.079037,0.091564,-0.064163,-0.040332,-0.114133,-0.194127,-0.037474,0.095944,0.080620,0.089589,-0.191768,0.063630,0.117663,0.084993,0.071892,0.070761,0.091538,0.063662,0.091420,0.089268,-0.062409,0.039801,-0.088497,-0.084349,-0.181513,-0.173697,0.062906,-0.168780,-0.121640,0.086030,-0.111113,0.076968,-0.049242,0.077570,-0.092716,-0.110083,-0.088392,0.079539,0.119447,0.095023,-0.071018,-0.092857,0.067102
gabazine,0.105862,-0.055219,0.087044,-0.095185,0.052772,0.018382,0.028711,0.077703,0.081484,-0.062824,0.060742,0.154026,0.222951,0.063862,-0.004241,0.069130,0.058501,0.183603,0.079751,-0.139204,0.000722,-0.003476,0.072156,-0.015569,0.004443,0.107026,0.006416,-0.127547,0.076449,0.087197,0.114738,0.255120,0.140253,-0.042495,-0.111911,0.129623,0.055194,-0.127320,0.130409,0.116835,0.109592,0.153026,0.103582,0.095084,0.020110,0.115158,0.106586,0.060228,0.007220,-0.050072
galantamine,-0.141688,0.060463,-0.157988,-0.166522,0.055208,0.050139,-0.069106,-0.079597,-0.158912,-0.076249,-0.025594,-0.097423,-0.118554,-0.053249,-0.068303,-0.108157,-0.131447,-0.119507,-0.138547,0.096609,0.056441,-0.083250,-0.078778,-0.068269,0.105494,0.174511,0.101773,0.107814,0.072386,-0.109602,-0.219196,-0.234242,-0.221577,-0.090077,-0.127503,-0.161909,-0.100003,0.121106,-0.121438,-0.068529,-0.131560,-0.234345,0.113890,-0.054859,-0.062433,-0.183874,-0.062370,-0.080509,-0.129312,-0.133172
garcinol,0.025319,-0.010755,0.028696,0.003118,0.017044,0.150807,0.116599,0.018005,0.100854,0.107966,0.032216,0.016556,-0.002834,0.017595,-0.015542,-0.006525,0.025572,-0.035911,-0.010249,0.107447,-0.064528,-0.011634,0.093484,0.000559,0.029155,0.047648,-0.004988,-0.079837,-0.017025,-0.007598,0.057140,0.060353,-0.016215,-0.150828,-0.003453,0.062619,0.136005,-0.158517,0.011072,0.101696,0.069008,-0.083387,-0.112408,0.098665,0.023620,0.038256,0.029075,0.005202,0.005459,0.049128
geldanamycin,-0.079472,0.042118,-0.035487,-0.115654,-0.050439,0.069288,-0.055192,0.063264,-0.096534,0.057025,-0.028596,-0.187689,-0.372420,-0.099779,-0.061372,-0.077440,-0.053430,-0.229719,-0.093260,-0.147523,0.051068,0.050960,-0.099654,-0.089892,0.053277,0.078977,-0.059509,0.108814,0.035503,-0.132290,0.077388,-0.245307,-0.305797,0.065971,-0.167412,-0.153242,0.087811,-0.109393,-0.054571,-0.124761,0.086474,-0.112751,-0.060771,-0.128887,-0.108370,0.139030,-0.072302,-0.072306,-0.095131,0.044445
genistein,-0.104245,-0.049037,-0.055815,0.096366,0.048489,-0.112217,-0.054547,-0.090380,-0.132571,-0.060513,-0.057324,-0.096601,-0.069822,0.043295,-0.084478,-0.084478,-0.098664,-0.084004,-0.065604,0.074789,0.076775,-0.107626,0.050465,0.064250,-0.074142,-0.063840,-0.066728,0.083783,-0.025181,-0.066079,-0.137495,-0.205598,-0.181212,0.040630,0.098487,-0.144114,-0.052209,-0.064406,-0.087937,-0.092207,-0.107190,-0.108858,-0.071979,-0.118149,-0.082524,-0.113148,-0.084432,-0.081439,-0.125141,-0.052417
gestrinone,0.120008,-0.103462,0.060600,-0.114640,-0.065954,-0.119458,-0.061405,0.059752,-0.107152,-0.002758,-0.010804,0.107093,0.106450,-0.082760,-0.004843,0.007518,0.056654,0.134100,-0.008481,-0.124680,0.120688,-0.021060,-0.076695,-0.067321,-0.116258,0.111296,0.007587,-0.029695,-0.072182,0.107279,0.013457,0.013325,-0.007313,0.018277,-0.108528,0.146932,0.063244,-0.173329,0.090579,0.072379,0.047118,0.165680,-0.093568,-0.102325,-0.101384,0.025788,-0.002675,-0.068313,0.106521,0.065922
glimepiride,0.018603,0.003380,-0.083041,0.085550,0.040415,0.015104,-0.076559,-0.071710,-0.145222,-0.082292,0.046993,0.062199,0.112814,0.007627,0.040107,-0.037682,-0.003525,0.095608,0.063437,-0.101706,-0.055364,-0.041488,-0.034141,0.095032,-0.051017,0.082517,0.058377,-0.072310,-0.052818,-0.008470,0.042798,0.120671,0.054993,-0.086009,-0.016015,0.096751,0.001995,-0.127523,0.003625,0.067858,-0.083665,0.115225,-0.084736,-0.095318,0.003194,0.069402,-0.066483,-0.009090,-0.088817,-0.061354
granisetron,-0.025806,0.018879,-0.116794,0.104730,-0.046723,-0.115800,-0.068980,0.047981,-0.153737,-0.055200,-0.047109,-0.014931,-0.018535,-0.101926,-0.095235,-0.074825,0.001005,-0.067903,-0.005009,-0.071297,-0.049233,-0.100558,-0.054420,0.088450,0.064967,-0.100366,-0.002582,0.082627,0.059456,-0.088418,-0.123558,-0.066636,-0.216550,0.057735,-0.001026,0.089778,-0.014786,0.138725,0.001142,-0.091725,-0.167279,-0.140899,-0.076090,-0.123780,-0.092045,-0.147912,-0.102231,-0.110141,0.081312,-0.053547
griseofulvin,0.137249,-0.042056,0.119946,0.111742,0.107320,-0.142087,0.091127,0.047323,0.106798,-0.087281,0.044906,-0.091826,-0.125874,0.097515,0.119552,0.091476,-0.053090,0.114697,0.092010,-0.114527,-0.082713,0.070039,0.065580,0.058993,-0.057424,0.083956,0.058751,-0.113623,-0.050715,0.069591,0.113950,0.045405,0.169315,0.081240,-0.100909,0.057950,0.086844,0.073426,0.053436,0.066100,0.089267,-0.073491,-0.126080,0.072767,0.063159,0.136014,0.086266,0.098554,-0.099544,-0.054976
guanaben-acetate,0.072385,0.033965,0.083190,-0.076799,-0.044451,-0.099854,-0.055869,-0.074585,0.129110,-0.050130,-0.083698,0.052014,0.153062,0.081123,-0.033608,0.068855,0.083543,0.148667,0.069371,-0.125433,-0.070263,-0.041830,-0.046854,0.054837,-0.052854,0.070975,-0.062428,-0.088920,-0.075302,0.047808,0.104840,0.170040,0.094167,0.082330,-0.089158,0.180055,-0.047834,0.104802,-0.058654,-0.061434,-0.073263,-0.081765,0.109436,-0.108727,0.046491,0.091961,-0.065101,0.091915,-0.138133,0.044050
guanadrel,0.017658,0.024807,0.008434,-0.053307,0.037822,-0.152484,0.001646,-0.114987,-0.168354,-0.081927,-0.050814,0.053706,0.117900,-0.091392,0.034838,0.011019,0.061271,0.160282,0.005840,-0.143796,-0.001891,-0.062691,0.012485,-0.094953,0.084635,0.030355,0.021042,-0.062590,-0.038481,0.104534,0.011665,0.055971,0.040774,0.096698,0.018668,0.095713,-0.012904,-0.188684,-0.000573,-0.085074,0.083639,0.047818,0.077612,-0.145326,0.083521,0.006337,-0.012465,0.023455,-0.087104,-0.024219
guanethidine,-0.013471,-0.088263,-0.053791,-0.087853,0.044186,-0.163690,-0.124127,-0.031550,-0.125465,-0.112103,-0.053521,-0.122970,-0.011136,-0.171067,-0.111082,-0.110349,0.005928,0.013471,-0.161598,0.091449,-0.153296,-0.083556,-0.104291,-0.087085,-0.110500,-0.237838,-0.147230,0.012559,-0.057444,0.020170,-0.118959,-0.107031,-0.211251,0.199619,0.000852,-0.025990,-0.096975,0.020320,-0.126971,-0.064770,-0.038140,-0.187500,-0.078988,0.038499,-0.162999,-0.111712,0.077609,-0.073684,-0.112625,-0.056538
guggulsterone,0.088498,0.042498,0.084898,-0.108506,-0.081664,-0.096311,-0.045875,0.050355,0.132141,-0.080062,0.054916,0.113951,0.166792,0.013232,-0.060475,0.053256,0.093845,0.149127,0.070961,-0.125712,0.063341,0.072051,-0.050550,-0.076415,-0.061555,-0.187281,-0.099755,-0.154646,-0.057926,0.069766,0.176308,0.202221,0.264014,-0.110901,-0.085143,0.110654,0.060776,-0.129648,-0.059975,0.112532,0.091841,0.222867,-0.063154,0.095321,-0.064278,0.180717,0.065851,0.091862,0.007237,0.093669
halcinonide,0.136321,-0.006265,0.078358,-0.146802,0.059242,0.003025,-0.099397,0.063461,0.117291,0.047737,-0.059473,0.014446,0.077861,-0.061265,0.022730,0.066866,0.118310,0.102366,0.094098,-0.141056,-0.071108,0.016030,-0.074039,-0.029406,-0.018237,-0.128832,-0.067730,-0.110695,-0.025479,0.031920,0.074689,0.124406,0.004849,0.058875,-0.011895,0.219877,0.029048,-0.026347,0.096134,0.055289,0.106275,0.108696,-0.033003,-0.077260,-0.109763,-0.003400,0.003162,0.045431,-0.142649,0.061273
hesperidin,0.056538,0.048421,0.040043,-0.014596,-0.074469,0.137840,-0.001189,0.071742,0.019303,-0.081197,-0.060229,0.020567,0.037250,-0.006349,-0.031322,-0.054100,0.116460,0.076654,0.015252,-0.127947,-0.060807,-0.062820,0.001923,-0.051283,0.078049,0.139962,0.098785,-0.099041,0.004150,-0.012937,0.044936,0.144400,0.126520,-0.126078,-0.136356,0.145671,-0.075738,-0.022128,-0.071508,0.100792,0.064929,-0.023037,-0.011604,0.092345,0.085032,0.011728,0.001966,0.007577,-0.102068,0.047154
homatropine,-0.096915,0.096707,-0.103701,0.105983,0.054817,0.122094,-0.064325,-0.122569,-0.136519,-0.072275,0.064446,-0.106375,-0.090780,-0.059733,-0.071119,-0.085146,-0.171141,-0.095886,-0.057628,0.119818,0.042487,-0.088930,0.064596,0.076491,0.056447,-0.121614,-0.064058,0.116983,0.067785,0.062991,-0.134686,-0.115306,-0.078577,0.069543,0.115706,-0.139073,-0.092747,0.081278,-0.119256,-0.096857,-0.138519,-0.150146,-0.061425,-0.085266,-0.055109,-0.148535,0.065201,-0.080983,-0.086147,-0.115504
huperzine-a,0.088796,-0.057520,0.053798,-0.109480,-0.032216,0.074885,-0.038791,0.039829,0.069452,-0.055483,-0.037940,0.120261,0.111154,-0.069796,0.049143,0.069481,0.064213,0.117657,0.087578,-0.118303,0.036659,-0.077137,0.050280,-0.104824,-0.077321,-0.067192,-0.054896,-0.092993,-0.057331,0.058785,0.064126,0.116115,-0.093822,-0.065910,-0.082229,0.129094,-0.045733,-0.148410,0.062514,0.092526,0.059567,0.091093,0.079787,0.091137,-0.064707,-0.051703,0.039830,-0.041276,-0.110414,0.054862
hydralazine,-0.058935,-0.050354,-0.129336,-0.104171,-0.074301,0.009961,-0.137411,0.001289,0.021109,0.004421,-0.060488,-0.000429,0.009578,-0.127919,-0.128803,-0.115563,-0.098019,0.000690,-0.077646,-0.016066,-0.164577,-0.089846,-0.109180,-0.089602,-0.053288,-0.083219,-0.082674,0.039093,-0.070418,-0.097920,-0.047074,0.030983,0.092815,0.010576,0.000382,-0.096164,-0.049155,-0.173434,-0.078906,-0.017260,-0.137392,-0.114860,0.099965,-0.193475,-0.134673,0.017417,-0.099500,-0.141966,0.052295,-0.085153
hydrocortisone,0.076509,-0.064791,-0.086620,-0.129759,-0.062549,-0.132725,-0.020758,-0.058633,-0.139285,-0.061202,0.035203,-0.062673,0.054518,-0.063646,0.000743,-0.024982,0.077324,-0.004255,-0.077254,-0.157924,0.000635,0.051582,-0.063715,-0.021499,0.002349,0.019031,-0.005393,0.004899,-0.064685,-0.034030,-0.047671,0.084352,0.004184,0.094747,0.021629,0.136766,-0.067793,-0.133379,-0.002200,-0.103311,0.081383,-0.114333,0.000179,-0.107070,-0.082892,-0.085842,-0.069060,-0.066231,-0.021421,0.011249
hyoscyamine,-0.075753,0.047508,0.073898,-0.107853,-0.018283,0.139262,-0.070946,0.000043,-0.087211,0.020522,-0.020898,-0.062597,0.013186,0.048371,0.009559,-0.050969,-0.071702,0.111896,0.003051,-0.104955,-0.089507,-0.011024,-0.051763,0.014417,-0.041723,0.059693,0.056657,0.009205,-0.061443,0.046374,-0.001672,0.135790,0.069185,0.046328,-0.126976,0.056299,-0.094491,-0.088271,-0.055930,-0.073702,-0.088126,-0.019346,-0.083533,0.002749,-0.075371,-0.019907,-0.001233,-0.062131,0.077057,0.045680
ibrutinib,0.063626,0.004977,0.026314,-0.166139,-0.063553,0.083127,0.010059,0.069927,0.108663,0.001338,0.048062,0.063545,0.035148,-0.073662,0.066418,0.014530,0.092168,0.019766,0.075977,-0.121755,0.088005,0.060292,-0.018198,0.080447,0.004480,0.107251,0.090820,0.002521,-0.056483,-0.061019,0.025132,0.006512,-0.122303,0.013806,0.074268,0.069956,0.074224,-0.088376,0.066928,-0.073457,0.091613,0.151971,0.076102,-0.106468,0.060651,0.075892,-0.072423,0.071073,-0.101643,0.071893
ibutilide,0.143511,-0.047905,0.126768,0.103045,-0.009976,0.118167,0.000063,-0.068474,0.143151,-0.110764,-0.071573,0.125352,0.237174,-0.005399,0.092818,0.128572,0.132266,0.208855,0.079600,-0.134022,0.010162,-0.025844,-0.088537,-0.128294,-0.109775,-0.003187,-0.048991,-0.133948,-0.109656,0.110283,0.151465,0.124312,0.193636,0.004490,0.128841,0.145830,0.055965,-0.141767,0.010582,0.074219,0.143329,0.078602,-0.030784,-0.021773,-0.055960,0.099413,0.015665,-0.028059,-0.072027,0.008629
icariin,0.023579,0.127775,0.137721,-0.159465,-0.079485,0.207665,0.099076,-0.025470,0.130767,-0.101233,0.015007,0.141166,0.302892,0.063605,-0.002873,0.021502,0.026357,0.267744,0.114397,-0.149294,-0.018814,-0.011810,0.075813,0.004136,-0.018068,-0.041472,0.004346,-0.180742,-0.012048,0.117888,0.188012,0.377099,0.357582,-0.123965,0.010678,0.089823,0.051986,-0.090047,0.017332,0.137184,0.132741,0.154972,-0.098424,0.004196,0.061517,0.172364,0.021098,0.053292,-0.098955,-0.036473
idarubicin,-0.118559,0.144479,-0.207502,0.129263,0.065553,-0.109917,-0.066305,0.085853,-0.249194,0.166937,0.077177,-0.169049,-0.404074,0.069796,-0.131473,-0.125032,-0.138242,-0.380901,-0.116014,0.098331,-0.043486,-0.070456,-0.056256,0.148093,0.123861,0.107493,0.112218,0.253441,0.104082,-0.270185,-0.274807,-0.378017,-0.442897,0.165231,0.101024,-0.215725,-0.109808,0.235610,-0.102238,-0.142893,-0.182332,-0.217229,-0.071065,-0.249619,-0.152301,-0.278420,-0.176500,-0.122065,-0.084323,-0.055457
iloprost,0.087690,-0.062661,0.113784,-0.063217,-0.074185,0.121665,0.091340,-0.061086,-0.057084,-0.098313,-0.084020,0.129691,0.108394,-0.075286,0.091110,0.101110,-0.044662,0.123872,-0.053201,-0.082747,-0.106276,0.091323,0.067754,-0.074272,-0.039016,-0.056172,0.077344,-0.138861,-0.076260,-0.046462,0.141558,0.243641,0.192928,-0.089114,-0.081487,0.137343,0.083328,-0.116126,0.035297,0.128292,0.102895,-0.089065,0.056022,0.146895,0.234532,0.111614,0.063438,0.107250,0.131957,-0.064260
indirubin,0.062177,-0.071045,-0.103314,-0.164576,-0.084744,-0.146880,-0.091206,-0.086573,-0.012738,-0.140047,-0.130651,-0.057044,-0.191877,-0.067552,0.063139,-0.052172,0.045849,-0.159899,-0.060398,-0.096150,-0.097036,-0.059510,-0.091099,-0.119440,-0.073669,-0.187338,-0.139485,-0.079675,-0.083839,-0.147764,0.103993,0.073111,0.160521,-0.092549,-0.182170,0.074377,0.050479,-0.013465,-0.077576,-0.070992,0.000580,0.004543,0.003388,-0.129181,-0.065898,0.252392,-0.089051,-0.063030,-0.112902,0.006041
ipratropium,-0.070062,-0.076203,-0.119103,-0.106118,0.039844,-0.098403,-0.060098,-0.045105,-0.142521,0.038774,-0.059181,-0.130828,-0.128648,-0.065050,-0.039173,-0.043228,-0.068653,-0.068444,-0.057073,0.104892,-0.083964,0.050230,-0.045440,-0.068898,-0.063778,-0.100467,-0.096764,0.105677,-0.048403,-0.035776,-0.122108,-0.144366,-0.139301,-0.092385,0.111732,-0.087080,-0.099683,-0.102109,-0.097983,-0.081883,-0.095064,-0.119484,0.059859,-0.104702,-0.053090,-0.104696,0.050659,-0.059934,-0.111709,-0.043721
isoxsuprine,0.061982,0.056633,0.137168,-0.009135,-0.069978,-0.074016,-0.053647,-0.048179,-0.099227,-0.006246,-0.037948,0.006570,0.082794,-0.058924,0.069542,0.089463,0.084338,0.060186,0.023934,0.016593,-0.065790,0.094131,-0.002312,-0.078191,-0.067246,-0.063093,-0.079613,-0.060570,-0.040431,-0.076334,0.024572,0.106584,0.113655,-0.076071,-0.124629,-0.059431,-0.018537,0.150795,0.023255,0.071548,0.009970,-0.084564,0.069568,-0.018211,-0.058743,0.081962,0.062224,0.082412,0.075428,0.016755
isradipine,-0.146197,0.099720,-0.136580,-0.167802,-0.056314,-0.105088,-0.096034,-0.032490,-0.207684,0.050130,-0.083567,-0.150228,-0.173084,-0.118201,-0.133929,-0.173988,-0.156130,-0.178195,-0.151684,0.129155,-0.059579,-0.116308,-0.076037,0.081120,0.067794,-0.091588,0.065441,0.176482,0.075464,-0.171001,-0.246555,-0.254242,-0.199687,-0.120881,0.077501,-0.170845,-0.140568,0.126525,-0.115961,-0.147876,-0.163483,-0.257868,0.099048,-0.161758,-0.049335,-0.196615,-0.132597,-0.097375,0.127034,-0.084443
itraconazole,0.097166,0.048587,0.127801,0.122395,-0.038055,0.098761,0.132598,0.077472,0.388179,0.063271,0.086102,-0.098066,-0.100761,0.133936,0.114143,0.117797,0.127232,-0.121177,0.147312,-0.096681,0.074237,0.127622,0.106464,0.095249,0.112424,0.166023,0.096628,-0.060131,0.069385,-0.060283,0.090958,-0.105442,-0.270648,0.124777,0.120040,0.130003,0.082191,-0.121739,0.108014,0.067603,-0.056811,0.130597,-0.081680,0.107847,0.201312,0.092447,0.075582,0.057950,-0.064618,0.065090
ivermectin,-0.197699,0.002835,-0.214638,0.135333,0.084060,-0.175249,-0.006499,-0.123066,-0.204824,0.096285,-0.095344,-0.249968,-0.570677,0.119744,-0.161259,-0.201056,-0.181571,-0.480487,-0.095192,0.185481,-0.022803,0.102074,0.069852,0.176041,0.159663,0.143419,0.050981,0.205408,0.138145,-0.183127,-0.271140,-0.518861,-0.463957,0.188094,-0.051138,-0.325076,-0.008847,0.220847,-0.165350,-0.185707,-0.157648,-0.209564,-0.087713,-0.052538,0.203274,-0.187102,0.064122,-0.147495,-0.007348,-0.097066
josamycin,-0.027565,0.018901,-0.005628,0.021302,0.097688,0.032525,-0.109270,-0.004189,-0.073064,-0.020928,-0.007017,-0.063509,-0.108564,0.006363,-0.096128,-0.093621,-0.022353,-0.084604,-0.027756,0.092198,0.023567,-0.016884,0.041755,0.111228,0.083374,0.020729,0.023844,0.035625,0.081913,0.049190,-0.077553,-0.199201,-0.227958,0.019439,0.151073,-0.061032,-0.115826,0.183728,-0.088247,-0.060163,-0.009249,-0.096812,-0.059882,-0.105317,-0.008028,-0.073827,-0.045131,-0.136725,-0.008917,-0.050422
ketoconazole,0.115697,0.073283,0.180379,0.095798,0.072792,0.203912,0.133927,0.085910,0.444024,0.064812,0.063870,0.085723,-0.064684,0.148148,0.141849,0.149419,0.168094,-0.082345,0.155529,-0.115699,0.056733,0.190478,0.129824,0.141810,0.094738,-0.070039,0.054091,-0.146273,0.091544,0.077469,0.180773,-0.068586,0.084110,0.115483,0.062309,0.094487,0.154583,-0.165915,0.139884,0.123564,0.171182,0.190298,-0.146041,0.118461,0.171432,0.121618,0.133559,0.086145,0.090544,0.123955
labetalol,0.070302,0.052980,0.082967,-0.099331,-0.057295,-0.134514,-0.053825,0.059598,-0.124108,0.085496,-0.056460,0.052275,-0.062098,0.063242,0.072313,-0.049770,0.048160,-0.081524,-0.064257,0.110552,-0.076317,-0.047682,-0.034807,-0.070497,-0.070427,0.113965,0.061579,-0.051749,-0.050514,-0.106639,-0.070306,-0.064946,-0.096537,-0.092983,0.080757,0.106301,0.043970,-0.141304,-0.078441,-0.081795,-0.068972,-0.064406,-0.081359,0.098444,0.051154,-0.071853,0.064040,-0.048853,0.131681,-0.053662
lacidipine,-0.107466,-0.061552,-0.111661,0.104117,0.063224,-0.120166,0.068919,-0.067477,-0.153020,-0.071504,0.010570,-0.210251,-0.362944,-0.007798,-0.062993,-0.071582,-0.130098,-0.275751,-0.086258,0.117488,0.088914,0.064891,0.039654,0.113925,0.091913,-0.126745,-0.028878,0.142685,0.048103,-0.145747,-0.168524,-0.255710,-0.235950,0.090002,-0.116813,-0.245352,0.003121,-0.005240,-0.106070,-0.155065,-0.137033,-0.111129,0.079428,-0.096825,0.067690,0.022068,-0.009080,-0.032520,0.002158,-0.059368
lapatinib,0.109669,-0.077953,0.099983,0.013064,-0.006146,0.156693,0.058789,0.116025,0.190472,0.088457,-0.040068,0.093769,-0.116621,0.075506,0.119080,0.110725,0.125832,-0.085736,0.103083,-0.005493,0.089568,0.067967,0.045519,-0.091477,-0.074345,0.096476,0.000070,-0.112302,-0.067488,0.066422,0.177617,-0.065537,-0.138936,0.079712,-0.007167,0.152277,0.107385,-0.177547,0.127932,0.112688,0.163052,0.184823,-0.119015,0.011880,0.011099,0.115973,0.105162,0.078236,0.140194,0.082880
lasalocid,-0.076894,0.081707,-0.075777,-0.159078,0.059932,-0.086780,-0.073795,-0.072467,0.263271,-0.068381,-0.040723,-0.129240,-0.349995,0.074279,-0.106058,-0.112077,-0.096376,-0.310922,0.118179,-0.064442,0.127870,0.123880,0.050479,0.096446,0.091651,-0.170858,-0.078084,0.072389,0.053400,-0.134211,0.163668,-0.302584,-0.166355,0.140246,-0.133958,-0.147499,0.048034,0.127839,-0.081436,0.046152,0.208634,-0.100746,-0.093681,-0.175629,0.176114,0.224814,-0.042846,-0.080532,-0.084885,-0.043916
lenalidomide,0.032214,0.015746,0.110407,-0.116866,-0.059708,-0.089960,0.061668,-0.055088,0.090769,-0.058525,-0.005970,0.101009,0.202542,0.060235,0.113835,0.144659,0.088338,0.156829,0.110130,-0.164751,0.000670,0.041890,0.060732,-0.064224,-0.079326,-0.121550,-0.066104,-0.144586,-0.045675,0.087114,0.134709,0.240919,0.260833,-0.089178,0.021252,0.178999,-0.001923,-0.175584,0.111768,0.067435,-0.004505,0.129340,-0.004897,0.006879,-0.071708,0.135154,0.012237,0.023985,-0.111926,0.062937
lestaurtinib,-0.063324,0.094336,-0.133924,-0.127677,-0.002232,-0.124881,-0.069024,0.103606,-0.224659,0.117375,0.003954,-0.236751,-0.383669,-0.107648,-0.103232,-0.124445,-0.087337,-0.377945,-0.136641,-0.000514,-0.017671,-0.118759,-0.091819,0.065895,0.054423,0.112800,0.108523,0.223069,0.085997,-0.212974,-0.266352,-0.380460,-0.475489,0.018934,-0.136629,-0.150089,-0.128414,0.222713,-0.061734,-0.195228,-0.133105,-0.248337,-0.083948,-0.259135,-0.089887,-0.251638,-0.106538,-0.110825,-0.090481,0.105588
levcromakalim,-0.107269,-0.085291,-0.094970,0.106361,-0.050063,-0.132711,-0.090148,-0.101871,-0.193673,0.080224,-0.079420,-0.086658,-0.071152,-0.047163,-0.100788,-0.076369,-0.150918,-0.083406,-0.077842,0.133346,-0.101703,-0.101916,-0.094137,-0.143223,-0.098119,-0.180624,-0.079031,0.114867,-0.059288,-0.059172,-0.134396,-0.100924,-0.122864,-0.069651,0.152185,-0.156540,-0.128064,0.150016,-0.097396,-0.132506,-0.116387,-0.097096,0.063759,-0.111616,-0.104677,-0.176614,-0.079501,-0.086657,-0.106416,-0.079581
levobunolol,0.069288,0.055212,-0.098788,0.066678,-0.102442,-0.048593,-0.071005,0.099427,0.071393,-0.157203,0.062697,0.064127,-0.046934,-0.059077,-0.098131,-0.088712,0.048690,0.070201,-0.072523,0.130867,-0.077568,-0.076142,-0.054833,0.083327,-0.038003,0.047478,-0.063272,0.091499,0.040515,0.075881,-0.132847,-0.156327,-0.122218,-0.074859,-0.144445,-0.089509,-0.080446,-0.075324,0.102739,-0.139905,-0.078239,-0.149173,0.079039,-0.115927,-0.057173,-0.098968,-0.039249,-0.061270,-0.087402,-0.066033
levonorgestrel,-0.094832,-0.070646,0.045612,-0.157681,-0.044297,-0.165687,-0.074069,-0.060334,-0.141277,0.072599,-0.070323,-0.148519,-0.083476,-0.131385,0.055149,-0.071862,-0.089752,-0.094781,-0.096588,-0.093121,-0.084119,-0.081499,-0.103514,0.068830,-0.044277,-0.114511,-0.087351,0.150095,-0.063114,-0.120994,-0.174284,-0.144843,0.105310,-0.065176,-0.138187,-0.196222,-0.112629,0.138043,-0.092057,-0.113085,-0.164286,-0.150227,0.112310,-0.079581,-0.105830,-0.157887,-0.126105,-0.086056,-0.132492,-0.058858
limonin,0.111474,-0.001175,0.104795,-0.130115,0.046614,-0.006403,0.083871,-0.040886,0.148889,-0.071301,0.007679,0.134580,0.190490,0.072439,0.008991,0.024650,0.111782,0.120221,0.006506,0.031311,-0.117852,0.017767,-0.061025,-0.019904,-0.056477,-0.162704,-0.111652,-0.081245,-0.003777,0.011152,0.155931,0.226230,0.184639,0.002395,-0.056648,0.129510,0.021644,-0.159117,0.032480,0.129282,0.112723,0.041613,0.095657,-0.019677,0.003455,0.068938,0.001918,0.083295,0.013871,-0.065183
linsitinib,0.082141,-0.045015,0.115435,-0.097862,-0.048154,-0.095416,0.063979,0.077572,-0.133328,0.069111,-0.039108,0.073419,-0.128091,0.074544,0.060707,0.045678,0.086464,-0.090036,-0.062508,-0.121818,0.060659,-0.051893,0.049778,0.080220,-0.051546,0.162168,0.084183,-0.099722,0.043819,0.038693,-0.112733,-0.078155,0.061505,0.098250,0.108163,0.083224,0.105517,-0.141531,0.085023,-0.060847,0.111088,0.090931,-0.126721,0.141541,0.077769,-0.096325,0.149439,-0.064144,0.146818,0.054264
lonidamine,0.048375,-0.047231,0.106277,0.075943,-0.054974,0.094190,0.081601,0.053840,-0.103623,-0.059701,0.068259,0.092742,-0.044759,-0.049425,0.042567,0.054555,-0.057235,-0.042005,-0.074041,-0.138673,0.044562,-0.102018,0.054777,0.076015,0.059536,0.071223,0.052587,-0.083796,0.034221,-0.100301,0.091827,0.141769,0.123591,-0.130775,-0.132161,0.092251,0.098639,-0.124594,0.060686,0.061930,0.060035,0.071058,0.036227,0.095068,0.112988,0.182180,0.049384,0.067975,0.081316,0.082245
losartan,-0.062367,-0.079179,-0.117774,-0.137952,-0.044157,0.047205,0.062395,-0.141684,-0.084701,-0.115753,-0.115450,-0.090735,0.137378,-0.092664,-0.062307,0.083215,-0.054012,0.070005,-0.068586,-0.112941,-0.060823,-0.063613,-0.068172,0.087592,-0.075236,-0.142367,-0.101578,0.041035,-0.053996,-0.045738,0.076935,0.151026,0.177336,-0.098130,-0.121616,-0.064706,-0.071531,0.114001,-0.068113,0.047798,-0.132584,-0.090526,0.049126,-0.145086,-0.130681,0.102029,-0.058461,0.057000,0.111104,-0.049460
lovastatin,-0.081105,-0.085134,0.067745,0.099602,0.077664,0.124337,0.056639,-0.049046,0.165753,0.062135,0.058427,-0.205692,-0.273926,0.044245,0.112638,0.088336,0.068033,-0.227788,-0.068159,0.104604,0.109314,0.102736,-0.051483,0.082708,-0.060830,-0.103264,-0.047855,0.115050,0.090540,-0.068691,-0.178717,-0.411418,-0.493481,0.156060,-0.128036,-0.285303,0.045860,0.121966,0.085541,-0.096124,-0.087225,-0.146739,-0.114345,0.081759,-0.091488,-0.212089,-0.045107,-0.089500,-0.095272,-0.063089
manumycin-a,-0.144079,0.072955,-0.125569,-0.126852,-0.060228,-0.132253,0.069870,-0.094660,-0.161535,-0.086186,0.003404,-0.157870,-0.320876,-0.079476,-0.141330,-0.145941,-0.158324,-0.267018,-0.109713,-0.095442,0.068865,0.042147,0.054523,0.109253,0.079559,-0.127114,0.057408,0.082135,0.057695,-0.158726,0.105344,-0.200752,-0.110044,0.016218,-0.159196,-0.191908,0.067405,-0.082414,-0.160104,-0.089760,-0.108498,-0.156554,0.121512,0.085771,0.121886,0.102195,-0.083862,0.079100,-0.003165,-0.056544
maprotiline,0.119292,0.060329,0.146703,0.152850,0.051077,-0.005082,0.098421,0.118779,0.418313,0.122607,0.075695,-0.102905,-0.160201,0.077017,0.051549,-0.055574,0.113666,-0.136564,0.023657,0.085789,0.009977,0.102854,0.078871,0.135055,0.101743,0.098991,0.103301,-0.067583,0.059233,-0.074926,0.143751,-0.183601,-0.202039,0.096348,0.004653,0.019151,0.132581,-0.006781,0.128498,0.061045,0.108862,0.144184,-0.088669,-0.076062,0.092275,-0.054526,0.073542,0.054010,0.005934,0.118664
medetomidine,-0.082897,0.106923,-0.052512,0.101431,-0.039264,0.122185,-0.071359,-0.072128,-0.132782,0.051347,-0.046257,-0.113373,-0.080894,-0.072937,-0.063488,-0.087846,-0.061006,-0.049892,0.042340,-0.062838,-0.105115,-0.048869,0.052833,0.056725,-0.041005,0.140892,0.109056,0.076932,-0.044510,-0.045525,-0.110219,-0.044802,-0.131272,-0.066356,-0.095335,-0.122203,-0.126204,0.101379,-0.088431,0.047163,0.068314,-0.077790,0.093039,-0.108964,-0.083868,-0.114915,-0.083393,0.056538,0.086077,0.046598
medrysone,0.097236,0.074859,0.112564,-0.101485,-0.049760,-0.084790,-0.047377,0.067114,0.078948,-0.052969,0.060599,-0.084594,0.048437,0.077605,0.076723,-0.047826,0.086352,-0.079279,-0.037398,-0.131093,-0.036193,0.081090,-0.053688,0.087343,0.078377,-0.097251,0.057609,-0.077185,0.043267,-0.086991,0.053873,-0.050881,0.084281,0.052108,-0.129438,0.117554,-0.075719,-0.071350,0.088711,-0.076742,-0.056913,0.090688,-0.085894,-0.111903,0.030858,0.066800,-0.061233,0.060791,-0.109058,0.048231
mefloquine,0.091647,0.055753,-0.108394,-0.097574,-0.081415,-0.100637,0.060909,0.105917,0.113011,-0.061567,-0.048020,-0.087022,-0.087845,0.061691,-0.055370,-0.048796,-0.041994,0.053926,-0.075774,-0.139240,0.067083,-0.079580,-0.051731,0.082778,-0.052477,-0.154453,-0.069090,-0.048683,-0.068955,0.048281,0.044170,-0.151495,-0.303948,0.053628,0.177656,0.077589,0.105610,-0.194371,-0.062598,0.059239,-0.110158,0.101233,-0.078895,-0.062135,0.103089,-0.108641,-0.060910,0.061268,-0.129742,0.064319
megestrol,-0.105416,-0.056161,0.019841,-0.068823,0.001777,-0.012912,-0.004985,-0.113863,0.001606,-0.003975,-0.013808,-0.057035,-0.026629,0.011291,0.001898,0.005221,-0.125150,0.002359,-0.039738,-0.018517,-0.080055,0.041418,0.013788,0.014439,-0.024316,-0.167075,-0.111923,0.039022,-0.020616,-0.014117,-0.006174,-0.021672,0.157351,0.025617,-0.106355,-0.104418,0.018260,-0.170498,-0.080393,-0.037768,-0.047952,-0.005475,0.013222,-0.001532,-0.078300,0.045372,0.064827,-0.026809,0.012387,-0.056445
megestrol-acetate,-0.001361,-0.049194,-0.003987,-0.128628,-0.017818,-0.121161,-0.016689,0.000306,-0.178780,-0.112954,-0.016820,-0.129265,-0.231947,-0.137173,0.010662,-0.007919,0.011044,-0.224845,0.079308,-0.150096,0.128332,0.071480,-0.015966,0.057393,0.059094,-0.064032,-0.007235,-0.010373,0.055218,-0.142096,0.006431,-0.144146,-0.037689,-0.031355,-0.110556,-0.033404,-0.049854,0.085715,-0.109085,-0.096821,-0.101300,0.023645,-0.009600,-0.041088,-0.006399,-0.009317,-0.098277,-0.085515,-0.182098,0.065894
memantine,0.134682,-0.082251,0.091415,-0.135843,-0.052333,0.126076,0.000205,-0.048681,0.144403,-0.106992,0.002187,0.187592,0.185374,-0.044130,0.110874,0.094779,0.131413,0.178575,0.112536,-0.133427,0.004106,0.069650,-0.004174,-0.113659,-0.076988,0.079199,0.055525,-0.191257,-0.079030,0.136804,0.162103,0.263488,0.349175,-0.015081,-0.133430,0.205712,0.123091,-0.164463,0.087653,0.110386,0.187308,0.161259,-0.102658,0.021274,0.060665,0.180949,0.071677,0.081894,-0.084013,0.083487
mephentermine,-0.118323,-0.116197,-0.103938,-0.167577,-0.068447,-0.151838,-0.141428,-0.014777,-0.089650,-0.115063,-0.096284,-0.149084,-0.030186,-0.119674,-0.020631,-0.040178,0.000824,-0.009731,-0.027991,0.127154,-0.031578,-0.112875,-0.111561,-0.030668,-0.075599,-0.153628,-0.093051,0.026525,-0.070082,-0.002293,-0.107109,-0.106434,-0.239955,-0.063643,-0.071127,-0.103047,-0.150595,0.127141,0.005433,-0.130463,-0.063476,-0.199100,0.109067,-0.041341,-0.184011,-0.122198,0.023892,-0.131344,-0.021994,-0.038301
meropenem,-0.085194,0.083864,0.008394,0.076822,-0.019215,-0.132935,0.005522,-0.037394,0.070320,0.028431,0.013698,-0.101929,-0.079673,0.021641,-0.082249,-0.036090,-0.091988,-0.093361,-0.089872,0.095334,0.012674,-0.072798,0.055388,-0.098496,-0.044302,0.011425,0.019145,0.133313,0.098372,-0.099448,-0.023494,-0.066748,-0.033044,-0.023113,-0.169724,-0.060956,-0.120962,0.127344,-0.082958,-0.156381,-0.152620,-0.150268,0.046456,0.104765,-0.010660,-0.101859,-0.058597,-0.069036,0.004384,-0.095586
mestranol,-0.066958,-0.028192,-0.084291,-0.092680,-0.082017,0.087014,-0.078458,-0.063878,-0.133220,-0.074951,0.041120,-0.063399,0.116354,-0.076872,-0.051324,-0.047602,-0.050616,0.090207,-0.057352,-0.078773,-0.032326,-0.067031,-0.030583,-0.062523,-0.057064,0.052890,0.051707,0.063588,0.043238,-0.067308,0.045435,0.043465,-0.046043,-0.113867,-0.135105,-0.066192,-0.079040,-0.057820,-0.052686,-0.100936,-0.073332,-0.105045,0.054770,-0.097009,-0.073924,-0.063237,-0.086773,-0.086634,0.085243,0.052949
metergoline,-0.036543,-0.045521,0.133446,-0.065434,0.052680,-0.099463,0.088777,0.124545,0.412562,0.089714,0.090327,-0.142625,-0.230684,-0.059117,0.098916,0.060574,0.127077,-0.182712,0.060515,-0.068913,0.064318,0.098918,0.071064,0.091780,0.083841,0.169198,0.100217,-0.053520,0.063613,-0.088955,0.123346,-0.280742,-0.287829,0.097220,0.109553,-0.098024,0.107406,0.051995,0.129529,0.072698,-0.078230,0.171236,-0.082447,-0.082851,0.034697,-0.124897,0.067900,0.052819,0.100403,0.074626
methotrexate,0.074100,-0.082820,-0.102614,0.136311,0.089203,0.109025,0.142850,0.080441,-0.129418,0.067570,-0.056190,0.146514,-0.238826,0.087994,0.065970,0.049432,0.084771,-0.343504,0.080184,-0.110030,0.053476,0.136757,0.068099,0.115061,0.084726,0.183649,0.202580,0.082468,0.056780,-0.143992,-0.128615,-0.262562,-0.405934,0.083121,-0.119403,0.164555,0.173310,-0.114228,-0.069508,-0.153912,0.083235,0.180159,-0.139061,-0.081503,0.201580,-0.130296,0.122977,0.069735,0.128996,-0.048221
methylprednisolone,-0.008705,-0.094038,0.039446,-0.121818,-0.061302,-0.094309,-0.083558,0.061633,0.019189,-0.111737,-0.055581,-0.028749,0.029700,-0.034235,0.010845,-0.072313,-0.001772,-0.006069,-0.101737,-0.154107,-0.026878,-0.016996,-0.075361,-0.151100,-0.025339,-0.076354,-0.068955,0.006003,-0.074309,-0.069813,-0.113273,-0.046836,0.007487,0.049774,-0.103365,-0.041395,-0.025202,-0.038068,-0.005869,-0.113467,-0.133254,0.010707,0.079162,-0.090395,-0.109376,-0.075070,-0.077703,-0.088749,-0.111038,-0.048805
methysergide,0.120526,-0.022693,0.101009,0.124775,-0.060845,0.097881,0.067849,0.004046,0.102872,-0.059580,0.064670,0.133898,0.206307,0.101105,0.088417,0.096992,0.119404,0.170480,0.108103,-0.130520,-0.075373,0.060050,0.053700,-0.088765,-0.082943,-0.090674,-0.079224,-0.133066,-0.063107,0.067191,0.163115,0.299703,0.216475,0.079024,0.102751,0.170500,0.048279,-0.196585,0.106691,0.108059,0.112205,0.119565,-0.056050,0.146075,0.059468,0.135839,0.089027,0.086415,0.113396,0.099524
metoprolol,-0.128442,0.125784,-0.020734,-0.216269,-0.026757,0.146894,-0.047636,-0.064166,-0.054169,-0.139358,-0.031660,-0.050904,-0.065982,-0.147415,0.051189,0.000991,-0.029185,-0.013086,-0.018854,0.064014,0.037575,-0.003098,0.076440,-0.081222,0.064890,0.066704,0.038027,-0.011927,-0.007113,0.097206,-0.072275,-0.141644,-0.043277,-0.007471,-0.118430,-0.179975,0.008685,-0.147145,-0.091364,0.111480,-0.036702,0.006246,-0.143446,-0.007793,0.010324,-0.064078,-0.036332,-0.079907,0.092665,-0.003344
mevastatin,-0.090356,0.054378,-0.005803,0.116289,0.012130,0.137764,-0.054803,0.064726,0.195103,0.094095,0.053552,-0.196533,-0.417147,0.074115,0.009012,0.066546,0.066967,-0.310902,0.002384,-0.012433,-0.070315,0.082367,-0.004889,0.086013,0.067238,-0.156598,-0.025669,0.162981,0.090773,-0.080986,-0.146559,-0.487299,-0.490817,0.111493,-0.029196,-0.219208,0.007823,0.167383,-0.019226,-0.009526,-0.006027,-0.138384,-0.109910,-0.151335,-0.000235,-0.139174,0.014594,-0.126399,-0.128130,0.003418
mibefradil,0.065962,0.067019,0.161407,-0.101467,-0.005261,-0.015715,0.133849,0.102886,0.347807,0.095920,0.093091,-0.105390,-0.280790,0.070120,0.107708,0.092594,0.085079,-0.234766,0.055801,0.011861,0.134136,0.092462,0.097171,0.144473,0.100510,0.087877,0.039199,-0.001232,0.081019,-0.077807,0.186374,-0.204152,-0.377056,0.050420,-0.005296,-0.066390,0.130079,-0.110229,0.128900,-0.005622,0.195720,0.127636,-0.104843,0.003594,0.170604,0.069404,0.112425,-0.082602,-0.005085,0.120865
mifepristone,-0.077772,0.046798,-0.111972,-0.099083,0.009119,-0.136094,0.005758,0.050489,-0.185080,0.000973,-0.052221,-0.126013,-0.146731,0.054373,-0.062797,-0.048991,-0.007054,-0.109064,-0.077173,0.108290,0.055931,-0.049974,0.054501,0.091953,0.053835,0.081612,0.009897,0.075996,0.072311,-0.096289,-0.034285,-0.154944,-0.152759,0.112011,-0.135302,-0.077914,0.000894,0.091410,-0.074651,-0.059993,-0.094878,-0.137492,0.063107,-0.100363,-0.001884,-0.016726,-0.015133,-0.066390,-0.079073,0.078467
miglitol,-0.110467,-0.003931,-0.105830,-0.007449,-0.053101,0.103235,-0.068206,0.005524,-0.000146,0.026606,0.085012,-0.071522,-0.076084,-0.064910,0.053016,0.008603,-0.097964,-0.115699,-0.082001,-0.142562,0.030687,0.000008,0.058132,-0.114667,0.041344,-0.034707,0.076069,0.141872,0.067898,-0.153582,-0.096749,-0.135795,-0.289889,0.006873,-0.067280,-0.142289,-0.095946,0.133168,-0.121284,-0.035876,-0.143059,-0.150592,0.047729,-0.099882,0.046804,-0.175540,-0.023169,-0.113690,0.077275,-0.011867
milnacipran,-0.031084,0.087349,-0.128860,-0.146149,-0.055282,-0.119367,-0.003025,0.087211,-0.117037,0.047615,0.056988,-0.134036,-0.161031,-0.056087,-0.104311,-0.088193,0.004651,-0.111084,-0.122495,0.120525,-0.063049,-0.075991,-0.003900,-0.071334,0.076268,0.081295,0.042629,0.133431,0.059516,-0.090355,-0.088922,-0.141843,-0.236285,0.108850,-0.114136,-0.005869,-0.089231,0.109174,0.015770,-0.077915,-0.129876,-0.201371,-0.088082,-0.001894,0.024347,-0.146040,-0.079271,-0.094220,-0.070977,-0.069034
minoxidil,-0.063787,0.132098,-0.075057,0.077853,-0.064258,0.118988,0.064934,-0.047157,-0.163114,0.090039,0.081304,0.102934,0.184536,-0.051310,-0.032103,0.091155,0.058171,0.152079,0.051565,-0.141034,0.082041,-0.063183,0.066724,0.083821,0.070972,-0.072029,0.071807,-0.074975,0.065855,0.066986,0.098450,0.103102,0.114382,-0.136630,0.075948,0.104236,-0.051951,-0.157771,0.097783,0.067303,0.042549,0.113563,0.064073,0.093976,-0.043210,0.045838,-0.077740,0.042124,0.094465,-0.053988
mirtazapine,-0.075903,-0.064727,0.079984,-0.141647,0.046117,-0.095240,0.065633,0.047130,0.144381,0.067651,-0.039835,-0.072796,0.121266,-0.056209,-0.081856,-0.059750,0.057899,0.114452,0.059463,-0.118691,-0.120178,-0.070017,0.078206,-0.075663,0.058128,-0.092677,0.040295,-0.119085,0.045852,0.086443,0.140142,-0.057875,0.232445,-0.039890,-0.112079,-0.050228,0.088100,-0.126184,0.079724,0.103681,0.094404,-0.112346,-0.059914,0.110193,-0.058645,0.114523,0.062656,0.056293,-0.113694,0.058784
mitomycin-c,-0.082777,0.131319,-0.029871,-0.000613,-0.085658,-0.182125,0.103107,-0.089401,-0.199865,0.128691,0.075897,0.097058,-0.166593,-0.000637,-0.011027,-0.015850,-0.110998,-0.272368,-0.082097,-0.142859,-0.071042,-0.066514,0.050492,0.139569,0.094643,0.184483,0.170558,0.105792,0.112210,-0.220773,-0.169684,-0.221173,-0.195690,0.107210,-0.194354,-0.124678,0.138732,0.010634,-0.076257,-0.102668,-0.123221,-0.127190,0.006681,-0.111185,0.090576,-0.120792,-0.150643,0.083569,-0.116003,0.057950
molsidomine,-0.104168,0.084682,-0.149884,-0.186085,-0.004103,-0.143948,-0.127083,0.042170,-0.187192,-0.083428,-0.044679,-0.135198,-0.185609,-0.090877,-0.107938,-0.110553,-0.122512,-0.148041,-0.117353,-0.008409,0.099588,-0.093209,-0.056599,0.072153,0.073287,-0.016807,-0.019973,0.126448,0.071036,-0.044185,-0.196213,-0.252476,-0.361761,-0.005660,-0.073427,-0.168130,-0.141447,0.085594,-0.081834,0.002243,-0.083755,-0.160042,0.090964,-0.115956,-0.118285,-0.215544,-0.078888,-0.136411,-0.098222,-0.106265
mometasone,0.213892,-0.038513,0.184578,-0.153125,0.052332,0.130499,0.020992,0.052195,0.251763,0.016750,-0.001834,0.084882,0.011897,0.007874,0.166937,0.140868,0.123765,0.102464,0.115285,0.102193,0.137660,0.111570,-0.004466,-0.099555,-0.104903,-0.182799,-0.060278,-0.182023,-0.116234,0.104866,0.199047,0.204214,0.218851,-0.169959,0.029967,0.180864,0.117781,-0.181749,0.036693,0.129567,0.177491,0.225543,-0.094974,0.124089,0.010672,0.221747,0.085412,0.093604,-0.024127,0.122158
montelukast,-0.082702,-0.058918,-0.149727,-0.139777,-0.056885,0.004936,-0.110257,0.074248,-0.186332,-0.078723,0.050535,0.000829,-0.046155,-0.097948,-0.082278,-0.058689,-0.084332,-0.092394,-0.090566,-0.094883,0.020472,-0.117942,-0.084005,-0.085137,-0.081087,-0.085154,-0.060031,0.094960,-0.063264,-0.080092,-0.117815,-0.081863,-0.060396,-0.106244,-0.003494,-0.031426,-0.071482,0.098524,0.066557,0.073621,-0.103963,-0.161462,-0.076093,-0.093309,-0.117777,-0.164321,0.009090,-0.089069,-0.136017,-0.046010
nadolol,0.127433,0.094184,-0.079386,-0.094906,-0.078036,0.113539,-0.072427,-0.079304,0.126276,-0.095798,-0.043185,0.081169,0.127937,-0.116951,-0.089504,0.048037,0.114174,0.122898,0.053925,-0.093094,0.076324,-0.046857,-0.045294,-0.054471,-0.042472,0.117363,0.088294,-0.085571,-0.070426,-0.039337,0.093510,0.193435,0.171719,-0.146735,-0.104118,0.103875,-0.044177,-0.148378,0.074263,0.061313,0.077788,0.099205,0.050872,-0.108246,-0.066823,0.105396,-0.083218,0.079406,-0.044475,-0.052157
nalbuphine,-0.082502,0.036030,0.061307,-0.126253,-0.043369,0.110614,-0.070012,-0.046455,-0.157674,-0.047128,-0.037175,-0.104606,-0.080209,-0.095154,-0.060299,-0.079335,-0.091506,0.040528,-0.081246,0.115861,-0.066319,-0.047353,-0.055754,0.050751,-0.056227,-0.137618,-0.094549,0.069013,-0.045232,-0.108227,-0.116857,-0.058656,-0.105245,-0.036348,0.144132,-0.136049,-0.075355,-0.109036,-0.063304,-0.071573,-0.163990,-0.103180,-0.062480,-0.076486,-0.061641,-0.136075,-0.082699,-0.100133,-0.106337,-0.068980
naloxone,0.115200,0.050560,0.082386,-0.098980,-0.079168,0.078769,0.067008,-0.058372,-0.119814,0.051590,0.073852,0.103955,0.107852,0.081369,0.050925,0.062969,0.070983,0.088319,0.045089,0.046317,-0.046160,0.071246,0.041371,-0.072716,-0.064078,0.102843,0.035580,-0.071325,-0.040159,0.057666,0.075647,0.138263,0.094096,0.072362,0.130157,0.149954,-0.053646,-0.157333,0.068603,0.072977,0.122349,0.128488,-0.054441,0.119035,-0.039727,-0.051341,0.059695,0.047503,0.116886,0.050147
naltrexone,-0.045691,-0.050564,-0.060778,-0.155716,-0.058915,-0.095445,-0.091861,-0.073684,-0.181111,-0.065055,-0.063825,-0.061037,0.054964,-0.094184,-0.091012,-0.076119,-0.080811,-0.075456,0.063709,-0.127785,0.041392,-0.108358,-0.072999,-0.074787,-0.091369,-0.093209,-0.040890,-0.065525,-0.075175,-0.057771,-0.150134,-0.161124,-0.140751,-0.084209,-0.077002,-0.077260,-0.066908,0.077790,-0.045223,-0.072505,-0.067965,-0.100584,0.064932,-0.082707,-0.083933,-0.130812,-0.074956,-0.086657,-0.083227,-0.032137
naltriben,-0.036484,-0.133895,0.031495,-0.142602,-0.037369,0.123857,0.013973,-0.093400,0.012086,-0.104153,-0.008364,-0.043238,-0.015727,-0.019825,0.011898,0.018796,-0.093910,0.040032,-0.055802,0.113436,-0.056775,-0.033983,-0.048791,-0.096375,-0.024585,-0.004013,-0.102435,-0.033873,0.065547,0.011580,-0.005973,-0.060871,-0.036438,-0.062750,0.175489,-0.071133,-0.014934,-0.129981,-0.034847,0.012263,-0.012517,-0.045506,0.134598,-0.022947,-0.002293,-0.011650,0.015516,-0.031895,0.008587,-0.143077
naltrindole,-0.118361,0.070694,-0.006559,0.096348,0.018595,0.095438,-0.071101,0.082125,0.079207,0.008071,0.000639,-0.139394,-0.150279,-0.074883,-0.074836,-0.082304,-0.105165,-0.121782,-0.086203,0.107380,0.008556,0.040649,0.066471,0.118438,0.077342,0.062144,0.085865,0.108554,0.067569,-0.073581,-0.119907,-0.320262,-0.239416,0.098589,-0.139039,-0.217265,-0.077251,0.122258,-0.086813,-0.132611,-0.153575,-0.124189,0.033395,-0.175401,-0.089782,-0.145026,-0.053657,-0.008351,-0.173232,-0.055333
naproxen,-0.070593,-0.108835,-0.093941,-0.138060,-0.060677,-0.080906,-0.051471,0.038228,-0.119636,-0.072437,-0.062225,0.147512,0.124770,-0.068220,0.090146,0.039030,-0.055542,0.074519,0.050416,-0.109399,0.044210,-0.061054,-0.080688,-0.101970,-0.071986,-0.116220,-0.099147,-0.128488,-0.046265,0.088061,-0.062791,0.075054,-0.090758,-0.133529,-0.101372,-0.055097,-0.053550,-0.083371,0.063166,0.050599,0.068226,0.107236,-0.064127,-0.080879,-0.074597,-0.115725,0.081525,-0.089725,-0.134778,0.079834
naringenin,-0.125712,-0.064779,-0.141894,-0.122008,-0.036954,-0.152708,-0.119053,-0.110842,-0.103028,-0.122810,-0.070199,-0.170438,-0.085557,-0.090339,-0.142158,-0.128994,-0.140809,-0.106198,-0.088099,-0.107722,-0.132180,-0.090716,-0.058827,-0.100623,-0.058896,-0.124446,-0.093505,0.202351,-0.048303,-0.123908,-0.210890,-0.180770,-0.173843,0.047672,0.094535,-0.214749,-0.176529,0.138060,-0.122378,-0.173188,-0.156540,-0.267521,0.137996,-0.184633,-0.170044,-0.169804,-0.117916,-0.131897,-0.124372,-0.101041
nateglinide,-0.036325,-0.084465,-0.063079,0.117384,0.041039,0.108156,-0.062941,-0.055468,-0.152953,-0.068300,-0.044233,-0.081067,-0.054159,0.091295,0.067696,0.098355,0.076591,0.060773,-0.104951,-0.111967,0.065263,-0.049150,-0.041890,0.144059,-0.049775,-0.101219,0.067072,0.083813,-0.056712,0.060318,-0.096172,-0.076788,0.107860,0.067189,-0.076875,-0.101268,0.056197,-0.183225,-0.058284,-0.131925,-0.111895,-0.257463,0.065217,0.054572,-0.053348,-0.091285,0.045605,-0.054543,-0.105451,0.058944
nelfinavir,-0.144424,-0.089784,-0.099928,0.086632,0.069002,-0.140970,-0.074458,-0.075001,-0.164471,0.035123,-0.054508,-0.161360,-0.288822,0.148893,-0.049981,-0.079338,-0.141186,-0.265047,-0.072743,0.099385,0.065914,0.107746,-0.044106,0.089737,0.081373,0.067308,-0.060301,0.105116,0.072356,-0.117754,0.120802,-0.195808,-0.253935,0.072841,-0.130041,-0.241793,0.070702,0.097907,-0.110015,-0.054973,0.153962,-0.105127,-0.073207,-0.096347,0.124936,0.248903,0.103786,-0.088531,-0.075184,-0.043347
nemonapride,0.062777,0.042434,0.111873,-0.087916,0.000904,-0.101951,-0.049445,0.075407,-0.149300,-0.022591,-0.030756,-0.074174,0.100077,-0.005530,-0.010399,0.043014,0.054601,0.096479,-0.080170,0.109759,-0.081960,-0.067003,-0.056693,-0.006545,-0.088071,0.122015,0.105809,-0.077926,-0.057045,0.067173,0.075301,0.095330,0.097074,-0.081887,-0.108991,0.009678,0.073588,-0.115161,0.075699,0.080641,0.063000,-0.066840,0.004603,0.005603,-0.096600,0.062219,0.078545,-0.006067,-0.145068,0.061128
niacin,0.117484,-0.073998,-0.073542,-0.082608,-0.080485,-0.115655,-0.065617,-0.008886,0.002631,-0.008801,0.052965,0.133237,0.114810,-0.000959,0.053589,0.058048,0.093221,0.134747,0.017216,-0.084654,-0.056981,-0.089050,-0.008584,-0.045692,-0.053858,0.076099,0.063823,-0.094713,0.003428,-0.081497,0.018174,0.128521,0.090622,-0.001161,0.114414,0.076771,-0.052304,-0.118292,0.073677,-0.085622,0.022094,-0.112792,0.068725,-0.138949,0.004938,-0.065444,-0.052540,0.001034,0.093816,-0.014384
nicardipine,-0.163091,0.110358,-0.090171,0.077556,0.059738,-0.210668,-0.110857,-0.046488,0.078001,-0.075600,0.074646,-0.144046,-0.085942,-0.047398,-0.080668,0.044656,-0.114004,-0.112388,-0.050429,-0.118375,-0.136167,-0.084344,-0.052460,0.109720,0.105096,-0.150797,0.048211,0.112079,0.088929,-0.081166,-0.070243,-0.066120,-0.055481,-0.115896,0.100480,-0.204142,-0.061579,0.079640,0.088279,-0.073851,-0.091870,-0.239293,-0.070342,-0.100646,0.049808,-0.154423,-0.089737,-0.098307,-0.080014,-0.094849
nicergoline,0.114206,-0.084002,0.021816,-0.026056,0.068813,0.012437,-0.045390,0.103391,0.039863,0.094379,-0.007751,0.009428,0.046377,-0.021770,0.058344,0.057678,0.113175,0.029416,-0.000682,0.003821,-0.025695,-0.026346,-0.000815,-0.103906,-0.094603,-0.010986,-0.013688,0.039294,-0.056334,-0.018829,-0.011827,-0.018994,-0.045005,0.211007,-0.141188,0.011958,-0.001039,-0.006311,0.125817,0.007725,-0.024837,-0.061364,-0.097208,-0.058887,-0.000720,-0.025469,0.052505,-0.002016,-0.150484,0.055712
nifedipine,-0.088052,-0.073505,-0.130829,-0.175364,-0.099432,-0.120329,-0.115472,-0.052916,-0.197275,-0.107317,-0.079224,0.124444,-0.044756,-0.153834,-0.046755,0.042748,-0.102779,-0.089994,-0.071172,-0.122567,-0.072315,-0.158749,-0.060399,-0.118760,-0.088171,-0.098932,-0.039510,-0.086632,-0.055044,-0.139837,-0.112233,0.137031,0.286212,-0.062752,-0.178873,-0.114093,-0.071920,-0.152758,0.065371,-0.116729,-0.123967,-0.064325,0.041673,-0.132531,-0.098513,0.192865,-0.092298,0.047898,-0.108186,-0.046094
niguldipine,-0.126427,-0.041738,0.109388,0.091670,0.059523,-0.085940,0.091713,0.086984,0.426671,0.117375,0.099638,-0.198797,-0.420197,0.112056,0.085058,-0.050234,-0.077147,-0.378577,0.090520,0.126018,0.061245,0.131239,0.074638,0.106979,0.140817,0.103023,0.091885,0.131155,0.112843,-0.161337,0.184807,-0.376440,-0.395080,0.110522,-0.095960,-0.194518,0.126379,0.120441,0.092264,-0.107181,0.155621,0.092310,-0.124335,-0.106668,0.176913,0.138057,0.098203,-0.094511,0.067699,0.104490
nimodipine,-0.078143,-0.049758,-0.113842,-0.009766,-0.066408,0.078621,-0.007698,0.014871,-0.115580,-0.063838,0.009662,0.077856,0.008415,-0.057885,0.060235,0.054536,-0.060050,0.007096,0.008214,-0.114207,0.080725,-0.045651,-0.007855,0.010981,-0.057952,-0.017536,0.014779,-0.006172,-0.007507,-0.052699,-0.019463,-0.012541,-0.098627,0.078395,0.081991,0.014964,-0.055284,0.025365,-0.050791,-0.085185,-0.099980,-0.086389,-0.051608,-0.120726,-0.059261,-0.065441,-0.080104,0.054482,-0.126197,-0.053411
nisoldipine,-0.071721,-0.043116,-0.147100,0.155337,0.108610,-0.128087,0.068023,-0.091679,-0.075644,0.053861,-0.053742,-0.115261,-0.274257,0.102781,-0.045526,-0.057343,-0.072451,-0.265973,0.062567,0.180501,0.130190,0.113870,0.048672,0.162716,0.058881,-0.102396,0.051730,0.057072,0.076171,-0.054604,-0.115246,-0.143375,-0.210849,0.100728,0.088660,-0.183227,-0.039664,-0.129299,-0.101673,-0.105799,-0.100245,-0.116077,-0.095316,-0.071925,0.082232,0.087378,0.046229,-0.113165,0.129952,-0.053767
nitrendipine,0.049864,0.059740,0.104213,-0.107984,0.039172,0.122027,-0.059274,0.062410,0.090845,0.047534,0.059567,-0.100482,0.056666,-0.052663,0.120224,0.068767,-0.064041,0.079936,0.047986,-0.063388,-0.065686,0.039856,0.047760,0.070895,0.058122,-0.112063,-0.042532,0.047720,0.069249,0.070347,-0.050512,-0.148062,0.128418,-0.069379,0.125220,-0.117632,0.062726,-0.111194,0.063396,0.064142,0.099615,-0.089877,-0.088663,0.122641,0.070768,-0.063495,0.083545,-0.062451,0.108003,0.038100
nitrofural,0.200626,0.043929,0.217006,0.154986,0.046237,0.000353,0.130165,0.114330,0.143167,0.118795,0.030933,0.049436,0.127855,0.128526,0.174911,0.161158,0.146177,0.120189,0.159955,-0.053510,0.151912,0.207511,0.136048,0.104962,0.021057,0.108046,0.128154,-0.211279,0.059105,0.093763,0.212856,0.200982,0.148961,0.004964,-0.119855,0.084237,0.224099,-0.182219,0.128116,0.164683,0.183249,0.209442,-0.104719,0.135452,0.185377,0.195109,0.058348,0.091571,-0.143629,0.199764
nizatidine,-0.152740,0.065996,-0.169800,-0.008427,-0.055275,-0.007489,-0.088570,-0.078865,-0.220503,-0.073897,-0.050502,-0.147891,-0.112863,-0.080085,-0.002936,-0.067949,-0.146781,-0.089931,-0.090607,0.107470,0.047510,-0.087103,-0.012636,0.000477,0.011712,-0.095993,-0.002613,0.109740,0.053002,-0.006709,-0.177397,-0.206664,-0.204520,0.077202,0.000568,-0.224131,-0.118111,0.126184,-0.105022,-0.097748,-0.175145,-0.142440,0.007056,-0.107538,-0.057868,-0.133459,-0.094183,-0.084945,-0.008914,-0.090584
norethindrone,0.071906,-0.058302,0.098732,-0.118065,-0.007246,-0.003805,-0.022659,-0.061090,0.120301,-0.078602,0.014576,0.029148,0.165632,-0.054396,0.077768,0.066564,0.027482,0.147828,-0.006033,-0.153828,-0.012026,0.063758,-0.043341,-0.070920,-0.077129,-0.006505,-0.072109,-0.115001,0.044450,-0.002275,0.124282,0.125833,0.103548,-0.059934,-0.125452,0.059727,0.010495,-0.124521,-0.057967,0.075242,0.066371,0.134612,0.071859,0.035544,-0.052352,0.063058,-0.069333,-0.045838,-0.128788,0.055826
noretynodrel,-0.142116,0.054974,-0.138139,-0.098944,-0.042527,-0.160438,-0.083554,-0.086092,-0.182728,-0.068624,-0.063110,-0.187845,-0.201648,-0.119060,-0.097855,-0.115571,-0.158885,-0.177483,-0.143195,0.112211,-0.082867,-0.123687,-0.089326,0.078170,0.065592,0.057749,-0.053178,0.162445,0.064568,-0.134257,-0.211167,-0.309878,-0.156225,-0.045429,0.097432,-0.252589,-0.146863,0.131554,-0.123416,-0.137142,-0.172654,-0.205467,0.098130,-0.116539,-0.121197,-0.199996,-0.112506,-0.145450,-0.070274,-0.072342
norgestrel,-0.062500,0.090661,0.100877,-0.009964,0.005783,-0.115364,-0.101753,-0.114685,-0.158971,-0.078885,-0.068233,0.072602,0.048868,-0.042315,0.003031,-0.004682,-0.096155,0.039839,-0.049892,-0.167712,-0.085407,-0.019139,-0.053766,0.009140,-0.002511,-0.140697,-0.112237,-0.060068,-0.062845,0.003775,0.093726,0.199132,0.096086,0.009087,-0.093591,0.018137,-0.077538,-0.140485,-0.091239,-0.004844,-0.063559,-0.023321,0.046341,-0.147067,-0.088648,0.097690,0.022213,-0.099662,-0.074913,-0.078118
noscapine,0.101351,-0.007846,0.102972,0.008265,-0.052649,0.083552,0.007894,-0.053374,-0.089463,-0.055970,0.056943,0.094576,0.117789,-0.047309,0.066559,0.087242,0.002448,0.107474,0.057244,-0.082558,-0.012265,0.036442,0.012752,-0.079550,0.051727,-0.018511,0.002297,-0.110473,-0.047427,0.115687,0.067607,0.130874,0.168478,0.062393,0.128870,0.170440,0.086700,-0.121780,-0.066605,0.014178,0.098687,0.093811,-0.057748,0.087253,0.007861,0.086674,0.047524,-0.000492,0.008878,-0.032824
nutlin-3,-0.189207,0.093404,-0.024646,0.076610,0.002296,-0.129552,-0.025461,-0.071011,-0.213230,0.096325,0.072504,-0.213615,-0.474688,-0.077418,-0.080631,-0.109520,-0.174814,-0.377208,-0.090651,0.125050,0.067963,-0.026188,0.058270,0.202443,0.102229,0.084847,0.073883,0.194860,0.108053,-0.180142,-0.241923,-0.469912,-0.315108,0.110150,-0.109084,-0.279400,0.001703,0.106287,-0.113366,-0.175962,-0.126434,-0.231019,-0.081618,-0.144103,0.104925,-0.199955,-0.101616,-0.138429,-0.070796,0.008266
oligomycin-a,-0.102553,0.057500,-0.066509,0.112796,0.073070,-0.124976,0.120157,-0.092900,-0.131116,-0.058728,0.044381,-0.119629,-0.307044,0.110442,0.046016,-0.041051,-0.086655,-0.306627,0.096135,0.099602,0.091097,0.099978,0.111854,0.098602,0.119606,0.071378,0.055361,-0.061212,0.084258,-0.105616,-0.121803,-0.141224,-0.121656,0.082248,-0.198132,-0.174373,0.092396,0.086957,-0.116438,-0.099479,-0.087847,-0.084036,-0.097560,0.142209,0.239265,0.159685,0.090869,-0.094342,0.088071,0.060150
olopatadine,-0.142186,-0.093758,-0.126818,0.134446,-0.002282,-0.170396,0.006176,-0.032691,-0.162722,-0.031230,-0.104977,-0.149771,-0.094373,0.087413,-0.111189,-0.109434,-0.151856,-0.111060,-0.008325,0.111129,-0.038784,-0.000557,-0.004735,0.115899,0.069938,0.145130,0.039187,0.098183,0.008351,0.074449,-0.179402,-0.229456,-0.182292,0.133940,0.022718,-0.180919,-0.092313,-0.009848,-0.098307,-0.145188,-0.138773,-0.206765,-0.011817,-0.139885,-0.041371,-0.169862,-0.089131,-0.073074,-0.011379,-0.069091
orantinib,0.035595,-0.073639,0.138177,-0.125446,-0.081806,-0.087761,-0.000922,0.014662,-0.023378,-0.100665,-0.009846,0.182559,0.216210,-0.077178,0.079181,0.107682,0.142217,0.191578,0.107068,-0.129268,0.072564,-0.060180,0.040187,-0.092769,-0.083042,0.095738,0.073521,-0.163954,-0.015478,0.108480,0.156094,0.236340,0.176241,-0.152740,0.086985,0.158434,0.066050,-0.128975,0.130496,0.102823,0.130274,0.260261,-0.077441,0.108412,-0.003100,0.138271,0.076824,0.117578,-0.136744,0.043383
orciprenaline,-0.017263,-0.001463,0.023240,-0.143377,-0.100199,-0.011948,-0.145755,0.037932,-0.076825,-0.060472,-0.061618,-0.035657,0.218586,-0.128003,0.082021,0.066144,0.031275,0.160620,-0.097792,0.131115,-0.053748,-0.126326,-0.086914,-0.078972,-0.111792,-0.038848,-0.018833,-0.004412,-0.024211,0.034659,-0.018467,0.030184,0.135093,0.078736,0.069401,-0.039162,-0.167367,-0.165534,0.089830,0.071387,-0.156382,-0.168438,0.172998,0.018544,-0.183803,-0.019609,0.069842,-0.129806,0.099384,0.031307
orteronel,0.020050,-0.124999,0.016709,-0.134207,-0.065412,-0.087112,-0.097336,0.086021,-0.005940,0.013790,-0.078672,0.081018,0.145389,-0.074662,-0.001045,0.017047,0.088974,0.142536,0.066716,-0.128443,0.007456,-0.056143,-0.061330,-0.124016,-0.113760,-0.084929,-0.098510,-0.090319,-0.094646,0.097041,0.070169,-0.085133,0.200566,0.081600,-0.167615,0.010890,-0.077196,-0.136551,0.098080,-0.068136,0.082772,-0.002880,-0.018574,-0.090591,-0.083781,-0.006594,-0.000567,0.061943,-0.126177,0.022482
ouabain,-0.199868,0.081462,-0.144386,0.015655,-0.004829,-0.112212,0.092005,-0.110834,-0.173229,0.059985,0.013760,-0.135538,-0.166368,-0.040009,-0.126687,-0.149124,-0.235431,-0.100035,-0.157228,0.090972,0.070227,0.070887,0.007603,0.120299,0.131662,-0.134826,-0.067594,0.182567,0.101920,-0.121510,-0.177418,-0.284839,-0.231978,-0.117884,-0.147411,-0.270800,-0.080264,0.116256,-0.193784,-0.109258,-0.114625,-0.179591,0.097048,0.128011,0.287362,-0.139775,-0.082480,-0.051972,0.053496,-0.088500
oxandrolone,0.115128,-0.074435,0.007704,-0.126226,0.060291,-0.030163,0.017453,0.000317,0.135164,0.123743,0.038537,0.114715,0.004879,0.060267,0.009315,-0.015597,0.049757,0.000188,0.116916,-0.090449,0.045832,-0.052050,-0.026063,-0.131803,-0.085064,-0.035135,-0.051257,-0.117488,-0.005394,0.016215,0.070192,0.201084,0.087598,-0.116079,-0.048855,0.187342,0.080722,0.101549,-0.010187,0.076873,0.109526,0.113522,0.109021,0.021324,-0.079740,0.090579,-0.088491,0.072474,-0.170321,0.030533
oxantel,-0.131082,-0.013995,-0.122623,-0.086042,-0.007145,-0.008894,-0.092447,-0.065782,-0.205554,0.000284,-0.068189,-0.105991,-0.088486,-0.044344,-0.011690,-0.084856,-0.145986,-0.065197,-0.068210,-0.127821,0.040479,-0.076944,-0.018904,-0.003913,0.003063,-0.181348,-0.078296,0.117314,-0.035717,-0.005204,-0.160835,-0.148854,-0.189611,-0.023581,0.173994,-0.183559,-0.097714,0.048532,-0.088568,-0.107259,-0.169963,-0.163490,0.137341,-0.014152,-0.149059,-0.163183,-0.022409,-0.095091,0.006929,-0.035789
oxiconazole,-0.093359,0.048793,-0.109148,0.158713,0.005252,-0.001582,-0.076310,0.042927,-0.028491,0.067813,-0.002193,-0.162085,-0.169740,0.064269,0.005642,-0.011512,-0.094724,-0.148986,-0.091968,-0.014641,-0.076639,-0.066088,-0.083197,0.103371,0.105065,0.122551,0.078577,0.103217,0.069659,-0.033407,-0.183848,-0.229263,-0.260487,0.074781,-0.090775,-0.230473,-0.014464,-0.016588,-0.080014,-0.113124,-0.201647,-0.169857,-0.076169,-0.080617,0.065262,-0.183373,0.024936,-0.105363,-0.030224,0.033518
oxymetholone,0.117475,-0.072568,0.128336,0.102891,0.002909,0.022281,0.124204,0.077807,0.201971,-0.016426,0.084659,0.066967,0.163846,0.009834,0.134760,0.126371,0.137517,0.171005,-0.059427,-0.139141,0.146355,0.012713,0.070753,-0.088598,-0.024181,0.194077,0.124828,-0.175872,-0.068990,0.140186,0.159685,0.117122,-0.044328,-0.140796,-0.033657,0.171213,0.124815,-0.219687,0.113572,0.088056,0.180193,0.255313,0.019464,0.107460,0.098879,0.139338,0.117761,0.116791,-0.004577,0.093926
ozagrel,0.091823,-0.088163,0.075559,-0.108344,-0.048865,0.168540,0.063468,0.087807,0.066002,0.084523,-0.037716,0.083978,0.199655,0.066128,0.094581,0.089468,0.104838,0.146712,0.065786,-0.146820,0.067142,-0.046020,0.053774,-0.080634,-0.081401,0.095578,-0.051169,-0.115493,-0.076958,0.107630,0.104352,0.260308,0.302410,-0.137295,0.088034,0.142097,0.080639,-0.166061,0.084857,0.091863,0.138154,0.078764,-0.101158,0.107916,-0.070854,0.127855,0.054153,0.060209,-0.094677,-0.032481
paclitaxel,-0.144055,-0.002044,-0.075741,-0.104252,0.079711,-0.107639,0.060465,-0.068852,0.014003,-0.051793,0.037597,-0.134894,-0.230839,0.005609,-0.087093,-0.078947,-0.176649,-0.112813,-0.113994,-0.108736,-0.054344,-0.087429,-0.022825,0.095795,0.056064,-0.018023,0.088323,0.106386,0.061800,0.054179,-0.206220,-0.157681,-0.120004,-0.071473,-0.114466,-0.187335,0.085077,-0.008834,-0.119876,-0.117016,-0.178719,-0.131286,0.106882,0.108540,0.067785,-0.120314,-0.013192,-0.077312,-0.005774,-0.079488
paroxetine,0.095219,-0.093989,0.099855,-0.108934,0.054806,0.111346,0.054165,0.060081,0.293313,-0.022388,-0.073640,-0.087121,-0.043002,0.049117,0.058553,0.063386,0.082776,-0.050185,-0.002735,-0.145432,0.012984,0.057691,-0.007372,-0.087605,0.065402,-0.009470,-0.053901,-0.087981,0.002894,0.069484,0.121167,-0.084483,-0.219976,0.000306,0.122184,0.072244,0.069195,-0.001630,0.069647,-0.029226,0.144338,0.087078,-0.095804,0.014554,-0.077325,0.101296,0.094530,-0.069818,0.135099,0.067215
parthenolide,-0.081301,0.055351,-0.097927,-0.156653,-0.062442,-0.106448,0.065786,-0.084171,-0.103472,-0.062703,0.038653,-0.066226,-0.074725,-0.098657,-0.098968,-0.088254,-0.102538,-0.073228,-0.049664,-0.181520,0.043148,-0.046612,-0.042648,0.109055,0.073155,-0.129850,0.030495,-0.051029,-0.049027,-0.086367,0.097980,-0.118662,-0.141948,-0.106400,-0.090120,-0.137461,0.080141,-0.096269,-0.097022,0.075839,-0.091520,0.094338,0.086476,0.085303,0.083678,0.087694,-0.060937,-0.029965,-0.111861,-0.051212
pemetrexed,0.110751,0.067109,-0.020075,0.144283,0.034220,0.239987,0.179910,0.106103,0.200341,0.100584,0.100981,-0.000586,-0.202574,0.071928,0.104542,0.125183,0.027299,-0.262986,-0.070211,-0.112337,0.083396,0.103342,0.088918,0.082005,0.075806,0.134890,0.144550,-0.000708,0.089339,-0.171095,-0.022353,-0.241555,-0.289910,0.140212,0.029914,0.012553,0.234128,-0.162395,0.084612,0.007339,-0.120789,0.006854,-0.018725,0.026029,0.088661,-0.050446,-0.013865,0.087236,0.009579,0.080270
phentolamine,0.130081,-0.046514,0.109043,-0.102215,-0.047761,0.113090,0.066468,0.078370,0.191077,-0.047534,0.055786,0.123519,0.212838,0.046774,0.094796,0.120568,0.125376,0.179349,0.087893,-0.134716,0.086201,0.038781,0.061957,-0.080515,-0.076112,0.074318,0.065054,-0.142528,-0.061377,0.074172,0.157180,0.322990,0.268285,-0.060340,0.100816,0.138994,0.099712,-0.135221,0.113061,0.112405,0.142150,0.156473,-0.097692,-0.061293,0.069414,0.206252,0.082808,-0.049279,-0.104311,0.047253
physostigmine,-0.109083,0.056358,-0.081843,-0.089678,-0.047630,-0.089485,-0.059756,0.042011,-0.054050,-0.062622,-0.047014,-0.074724,0.054384,-0.062408,-0.099328,0.041434,-0.102231,0.075680,-0.074289,-0.088543,-0.122663,-0.064770,-0.063641,0.050179,0.070059,0.105147,0.082438,0.045868,0.085858,0.078481,0.034234,0.058262,0.129022,-0.109098,-0.078729,-0.073290,-0.046864,-0.122145,-0.067843,-0.061381,0.084203,-0.096285,-0.076646,-0.108808,0.042561,0.057435,-0.060855,0.054190,-0.155250,-0.061692
piceatannol,0.062765,-0.047367,0.055131,0.149326,0.033899,0.102798,0.089432,0.120890,0.169371,0.079494,0.062283,0.068878,-0.147726,0.106847,0.061911,0.067427,0.111424,-0.181300,0.084396,-0.076502,0.108679,0.072869,0.084400,0.112158,0.056084,-0.061419,0.049827,-0.088251,0.053527,-0.130316,0.124460,-0.110177,-0.172526,0.062745,0.073074,0.054074,0.106161,0.088984,0.057237,-0.072881,0.068234,0.131408,-0.105266,-0.127309,0.077055,0.086109,-0.062005,0.051542,0.061719,0.131967
picrotoxin,-0.099301,0.006148,-0.050803,0.005971,-0.010386,0.059940,-0.066041,-0.079482,-0.182757,0.065339,0.034023,-0.043621,-0.067636,-0.051377,-0.064012,-0.085204,-0.121263,-0.037479,-0.139339,0.001708,0.069983,-0.067043,0.007108,-0.001975,-0.001226,-0.139329,-0.075738,0.069481,0.069145,-0.083326,-0.162052,-0.029749,-0.035836,-0.087678,0.001147,-0.179455,-0.090080,-0.004177,-0.131228,-0.110456,-0.231551,-0.175576,0.076831,-0.163000,-0.115619,-0.124820,-0.079218,-0.099422,-0.118344,-0.084900
pinacidil,-0.074166,0.068217,-0.097693,-0.101048,-0.057511,-0.101775,-0.084468,0.055275,-0.207506,-0.049724,-0.048725,-0.080352,-0.040494,-0.066964,-0.044442,-0.051536,-0.091354,-0.047420,-0.056240,-0.109894,-0.053789,-0.077887,-0.061074,-0.076631,0.056346,0.092227,0.065692,0.087519,0.004335,-0.004211,-0.138496,-0.114707,0.067871,0.087132,0.105190,-0.075515,-0.098249,-0.087646,-0.092467,-0.058279,-0.131904,-0.164544,0.068855,-0.154729,-0.053676,-0.100115,-0.070155,-0.092010,0.089695,-0.091286
piperacillin,-0.179910,0.148707,-0.030203,-0.017264,-0.089519,0.093210,0.015295,-0.055004,-0.226333,-0.003853,0.047502,-0.156928,-0.196183,-0.052490,-0.102581,-0.107980,-0.170090,-0.122772,-0.021888,-0.023226,-0.160641,-0.016112,0.012129,0.140959,0.146199,-0.127882,0.018789,0.103144,0.034774,0.017321,-0.151792,-0.271328,-0.321497,-0.052414,0.026195,-0.303337,-0.005042,-0.021828,-0.118743,-0.093061,-0.015748,-0.170587,0.051885,-0.126276,0.037459,-0.192671,-0.006370,-0.198490,-0.003656,-0.116161
pitavastatin,-0.086899,0.044258,-0.134435,0.088034,0.058191,-0.009672,0.100466,0.064740,0.012708,0.004948,0.065481,-0.173821,-0.414676,-0.064968,-0.076507,-0.020045,-0.100477,-0.282585,-0.099667,0.096983,0.126695,0.049774,-0.052905,0.114974,0.059492,-0.134245,0.042496,0.158214,0.016705,-0.109302,-0.175669,-0.400966,-0.447225,0.146835,-0.164753,-0.287495,0.130154,0.151330,-0.072064,-0.074694,-0.112039,-0.160286,-0.077025,-0.165898,0.081659,-0.182070,-0.104111,-0.093089,-0.082972,-0.050578
pivmecillinam,0.002164,-0.033967,-0.055143,-0.142809,0.026717,0.010237,-0.052485,-0.015502,-0.018159,-0.082576,0.000055,-0.038942,-0.007884,0.067888,-0.002471,-0.025651,0.056695,0.010822,0.061244,0.030757,-0.069179,0.024955,0.020186,-0.018850,-0.022344,0.255932,0.123476,-0.047078,0.026514,0.078055,0.001117,0.020681,0.059978,0.028787,0.205004,0.002511,-0.006159,-0.227044,0.028260,0.079930,-0.012836,0.121593,-0.042341,0.124382,-0.000928,-0.021323,0.113062,-0.086713,0.084313,0.029086
potassium-canrenoate,-0.093896,-0.062896,-0.085572,-0.123680,-0.002109,-0.116397,-0.105598,0.067531,-0.096623,-0.002190,-0.046432,-0.111901,-0.107932,-0.058697,-0.065485,-0.073920,-0.102721,-0.103925,-0.080207,0.116974,-0.112188,-0.103256,-0.069671,-0.124795,-0.073445,-0.140245,-0.081762,0.118330,-0.044473,-0.061663,-0.143120,-0.265139,-0.156309,-0.005968,0.088758,-0.084045,-0.098731,0.019127,0.003976,-0.090161,-0.144511,-0.223232,0.078388,-0.116686,-0.121480,-0.136106,-0.098060,-0.092892,0.061987,-0.011203
pravastatin,0.073823,-0.052691,0.070340,-0.105753,0.002395,0.080985,-0.000869,-0.050286,0.106979,-0.080670,0.048693,0.120579,0.144371,-0.046124,0.074710,0.057073,0.105926,0.122967,0.066355,-0.116623,-0.067210,-0.009907,0.069089,0.051121,0.041614,0.083209,0.097173,-0.130068,-0.071002,0.097847,0.084370,0.156979,0.114350,-0.083688,0.099477,0.034471,0.000118,-0.103496,0.068412,0.069636,0.080404,0.082536,-0.093684,0.003422,-0.000376,0.082125,0.065810,0.057815,0.065334,-0.009355
prednicarbate,-0.025745,0.015881,-0.117881,-0.194395,-0.004881,0.084712,-0.093896,0.002776,-0.025525,-0.035610,-0.086712,0.041705,-0.173383,0.017241,0.069075,0.022677,-0.091801,-0.126745,0.094697,-0.111057,0.114053,0.045789,0.003235,-0.009767,-0.060019,-0.058374,-0.018236,0.128429,-0.088424,-0.017809,-0.101416,-0.033989,0.018553,0.005538,0.135794,-0.083763,0.020307,-0.137516,0.018566,0.022180,-0.076701,0.122891,-0.013582,-0.140702,-0.089249,-0.089329,-0.124511,-0.026341,0.189208,-0.047875
prednisolone,-0.023140,-0.010510,0.099655,-0.109227,-0.017407,-0.007694,-0.078099,-0.024903,0.008582,-0.008396,0.007817,0.073254,0.036712,0.039337,-0.006994,-0.014061,-0.005800,0.027554,0.071297,-0.004362,0.001492,0.028209,-0.046292,-0.035616,-0.059368,-0.131819,-0.054062,0.021854,-0.085045,-0.000025,0.028839,0.143272,0.194689,0.116348,-0.159874,-0.035216,-0.064516,0.020165,-0.118037,0.003337,-0.083278,-0.143697,0.092011,-0.074474,-0.118175,0.098768,-0.091621,-0.006173,-0.155411,0.005817
prednisone,0.069579,0.070262,-0.082772,0.105257,-0.059347,-0.140341,-0.076083,-0.076548,-0.128572,-0.002433,0.006284,-0.070249,0.099161,-0.014330,0.007255,-0.020359,-0.087878,0.023292,-0.096170,-0.011537,0.013529,-0.082876,0.011969,0.088244,0.071012,-0.200701,-0.045767,0.098678,0.063339,-0.021465,-0.093565,-0.038644,0.057506,-0.092814,-0.100057,0.070782,-0.112916,0.033379,-0.050371,-0.140897,-0.095078,-0.036178,0.014449,-0.107679,-0.008251,-0.118143,0.073558,-0.050844,0.087926,0.015665
pregnenolone,0.098007,0.066136,0.116211,-0.074375,0.033621,0.139601,0.063507,0.067415,-0.025314,0.088011,0.006057,0.104827,0.122724,0.083068,0.046274,0.067883,0.065911,0.104993,0.086223,-0.094541,0.054108,0.054939,0.081625,0.016113,0.050255,0.081230,0.073254,-0.132441,0.051161,0.111384,0.109961,0.131180,0.223203,-0.052916,-0.117589,0.121713,0.064078,-0.182982,0.102347,0.104796,0.115602,0.154810,-0.099200,0.107719,0.063575,0.093955,0.075968,0.051453,-0.062321,0.071407
progesterone,-0.097763,-0.087711,0.059289,-0.104333,-0.029537,-0.103080,0.055372,-0.064293,0.076011,0.073978,0.059109,-0.121986,-0.075077,-0.042560,0.063848,0.069023,-0.053142,-0.120194,-0.066513,-0.078773,0.079537,-0.087316,-0.111602,-0.088686,-0.046837,-0.112378,-0.095091,0.070277,-0.046408,-0.096249,-0.028401,-0.149826,-0.209671,0.064979,-0.107236,-0.161759,-0.045231,0.132949,0.071501,-0.119672,-0.100806,-0.103099,0.071119,-0.098712,-0.113281,-0.115931,-0.054966,0.070230,-0.105083,-0.034763
pterostilbene,-0.094039,-0.020282,-0.031980,-0.140272,-0.063440,-0.154841,-0.068819,-0.060987,-0.134023,0.019752,-0.058474,-0.089485,-0.207359,-0.049158,0.059301,0.042367,-0.085180,-0.266054,-0.076067,0.104460,0.084185,0.001804,-0.047464,0.003367,-0.011778,0.036332,0.055165,0.110935,0.047164,-0.193126,-0.090777,-0.247206,-0.312334,0.089087,-0.014468,-0.224269,-0.092207,0.020855,-0.095465,-0.088698,-0.091517,-0.167708,0.123233,-0.075223,-0.089581,-0.126048,-0.061884,-0.065385,0.104629,0.070528
puromycin,-0.189347,0.053038,0.093088,-0.127641,-0.073597,-0.131475,0.115253,-0.064391,0.056998,-0.083793,0.066991,-0.162612,-0.309879,-0.054278,-0.087005,-0.099987,-0.169686,-0.224758,-0.140433,-0.069453,0.087012,0.129514,0.077789,0.167630,0.154290,0.069274,0.078260,0.124713,0.101126,-0.065232,0.101559,-0.229912,-0.299284,-0.097283,-0.149798,-0.291423,0.097667,-0.100925,-0.120837,-0.073700,0.107376,-0.203034,0.141180,0.155113,0.371027,0.174391,-0.048382,0.126527,0.113176,-0.081335
quinidine,0.069882,0.043319,0.086124,-0.119980,-0.045875,-0.056824,0.046202,0.046406,-0.088325,0.046398,0.050613,0.071592,0.051623,0.068364,0.063696,0.070396,0.101831,0.109004,-0.031211,-0.130047,0.058028,0.058448,-0.040453,0.047554,-0.062113,-0.088586,-0.054571,-0.108702,-0.025909,0.076421,0.100433,0.066194,0.097675,-0.044412,0.122926,-0.034875,0.058078,-0.134539,0.083007,0.095548,0.069931,0.134247,0.048775,0.096160,-0.065917,0.063176,-0.052378,-0.032598,-0.161142,0.062199
quinine,-0.040294,0.016206,-0.024681,0.015516,-0.052406,-0.095996,-0.027776,0.095131,-0.112987,0.056741,0.067632,0.072590,0.046028,0.024268,-0.057550,-0.069020,-0.010927,0.041720,0.089252,-0.000063,-0.065551,0.011433,-0.005040,-0.089760,-0.009973,-0.000285,0.067901,0.033643,-0.059278,0.068378,-0.009962,0.029999,0.003074,0.027234,0.168878,-0.046874,-0.116460,-0.106132,0.044075,0.101120,-0.008517,0.223475,-0.006373,-0.124513,-0.060466,-0.124608,0.066305,-0.073657,-0.082362,0.063860
radicicol,-0.108183,-0.042248,0.075319,-0.106659,-0.085398,-0.101868,0.060886,0.048950,0.113892,-0.050860,-0.057648,-0.130914,-0.181507,-0.066093,-0.060737,-0.067459,-0.082391,-0.139245,-0.077253,-0.151453,0.130213,0.088044,0.068966,0.066980,0.080163,-0.105064,-0.064692,0.086669,-0.056517,-0.086839,0.217555,-0.115148,-0.107331,0.092365,-0.160065,-0.209971,-0.061623,-0.152709,-0.074023,0.085161,0.158836,0.095068,0.062451,-0.111491,0.053268,0.274426,-0.063645,0.095910,-0.093198,0.092490
ramipril,0.087569,0.046835,0.072082,-0.069706,-0.044971,0.165892,0.050879,0.077076,-0.090012,0.071139,-0.057631,0.113928,0.086419,-0.046667,0.055831,0.087586,0.074977,0.120846,0.052640,-0.119241,0.050322,0.080332,0.062303,-0.075019,-0.070946,-0.083323,0.057087,-0.032142,0.058372,0.066922,-0.063211,-0.058628,0.115478,0.041445,-0.088150,0.116176,0.085194,-0.074010,-0.071399,-0.058039,-0.098345,-0.105451,-0.048391,0.062247,0.067386,0.075382,-0.049626,0.083527,-0.103427,0.082489
ranitidine,0.088088,0.060312,0.106621,-0.138393,-0.062925,0.082786,0.013147,0.005140,-0.008304,-0.061892,0.038354,0.099488,0.110086,-0.062067,0.069322,0.092579,0.101171,0.079754,0.084106,-0.103689,-0.037040,0.071261,0.070413,-0.011829,0.000045,-0.071535,0.046053,-0.124797,-0.042073,0.111337,0.123242,0.114968,0.173021,-0.047358,-0.004884,0.106228,0.068577,-0.195547,0.071157,0.112463,0.135410,0.141669,-0.116385,0.009257,0.058488,0.067020,0.090144,-0.061811,-0.093820,0.073371
reboxetine,0.135331,0.053919,0.156079,0.084902,0.065216,-0.084890,0.098554,0.035722,0.213573,-0.128001,0.045667,0.121372,0.203568,0.057147,0.065662,0.088167,0.094578,0.200742,0.104088,-0.106515,-0.064465,0.092600,0.077728,-0.101329,-0.062275,0.070932,0.031625,-0.163740,-0.055786,0.143885,0.136199,0.154398,0.230771,-0.038433,0.102195,0.073967,0.086159,-0.081992,0.116172,0.100503,0.166478,0.146252,-0.029200,0.150988,0.060486,0.112542,0.119292,0.106479,0.094702,0.056622
reserpine,-0.123156,-0.013036,-0.038679,0.134234,0.021299,-0.120603,0.021006,-0.092910,0.030405,-0.127271,-0.054319,-0.108779,-0.229663,-0.014113,-0.068542,-0.076384,-0.098038,-0.232787,-0.082239,-0.020009,0.099890,-0.001142,-0.010447,0.032377,0.091112,-0.075011,-0.021679,0.020220,0.079812,-0.004015,-0.119924,-0.261549,-0.278921,0.093792,-0.071278,-0.185499,0.008071,0.154259,-0.061607,-0.146483,-0.093790,-0.157163,0.040951,0.027236,0.078612,-0.096933,0.026414,-0.083206,0.130570,-0.103050
resorcinol,0.099205,-0.057149,-0.089537,-0.111760,-0.064154,-0.100331,-0.055693,-0.070455,0.078109,-0.072031,-0.052284,0.078100,0.157359,-0.057359,0.079601,0.047541,0.081598,0.110995,0.060213,-0.146901,0.080962,-0.055195,-0.044961,-0.082086,-0.054264,0.141311,0.087171,-0.092625,-0.050135,-0.058845,-0.075254,0.124078,0.194340,-0.100280,-0.123818,0.135300,0.061816,-0.117813,-0.079535,0.051510,-0.054408,-0.114130,-0.078807,-0.058447,-0.089164,-0.071738,0.059518,-0.071503,-0.136394,-0.047450
resveratrol,0.147082,0.044178,0.074819,0.064199,-0.061188,0.075662,0.118145,0.120479,0.216002,0.093527,0.121690,0.159856,0.184591,0.055818,0.124523,0.116606,0.156106,0.088915,0.091857,-0.144378,0.052568,0.057772,0.078775,0.047501,0.064582,0.134546,0.112429,-0.066623,0.046763,-0.097085,0.193055,-0.045308,-0.086229,0.060383,-0.071602,0.224113,0.128223,-0.099043,0.141149,-0.049708,0.171714,0.189812,-0.088695,0.114530,0.060364,0.112119,0.087272,0.145809,0.137669,0.100626
retinol,0.069225,0.027887,0.063439,0.084947,-0.064072,0.094233,0.069974,0.075134,-0.122004,0.049238,0.051717,-0.061186,0.127157,0.056730,0.077816,0.054637,0.080106,0.079736,0.052347,-0.131192,0.072560,0.071219,0.066388,-0.068850,0.043012,0.063742,0.054821,-0.098958,0.041613,0.100995,0.059154,0.107622,-0.115921,-0.089820,-0.113435,0.051706,0.072733,-0.206668,0.087771,0.058957,-0.039019,0.085253,-0.102175,0.088055,0.063607,0.064771,0.071338,0.073154,-0.092088,0.078089
ribavirin,-0.069872,-0.006853,-0.004306,-0.155730,-0.042641,0.135185,0.062915,0.010215,-0.021937,-0.001176,0.054801,0.068329,0.024469,0.061061,-0.002411,0.044075,-0.072843,0.086559,-0.008760,-0.144337,-0.057401,-0.081532,-0.066592,-0.032535,-0.096118,0.118767,0.059812,0.005496,-0.062945,-0.012944,-0.078179,-0.082204,-0.027547,-0.033090,-0.155337,0.069511,-0.052337,-0.117326,0.065139,0.013810,-0.089949,-0.022226,0.103691,-0.001816,-0.097856,0.061435,-0.021203,-0.033613,-0.110068,-0.070285
rifabutin,-0.134240,0.066898,-0.120707,-0.086884,0.058680,-0.100589,-0.075688,0.081792,-0.096463,0.056132,0.074232,-0.067176,-0.181217,-0.082181,-0.101217,-0.091129,-0.149963,-0.113997,-0.079961,0.049977,0.065775,-0.088229,0.039122,0.092462,0.067714,0.088081,0.082861,-0.056359,0.043734,-0.040562,-0.107404,-0.204907,-0.107487,-0.110903,-0.041300,-0.185599,-0.053148,-0.109280,-0.086834,0.079343,-0.121728,0.135302,-0.072606,-0.139214,-0.059516,-0.070443,-0.131307,-0.067566,-0.096252,-0.081737
rifampicin,-0.100221,0.006479,-0.089946,0.005624,-0.045852,-0.084948,-0.094623,-0.109261,-0.016172,-0.093040,-0.046042,-0.001364,0.098719,-0.001290,-0.045467,-0.044680,-0.010717,0.086463,-0.084283,0.102058,-0.054855,-0.061179,-0.002591,0.072557,-0.058387,-0.084548,-0.062425,-0.077855,-0.061812,-0.012461,0.080318,-0.008057,-0.075401,0.095043,-0.085126,-0.120207,-0.055651,0.008444,-0.088420,-0.068960,0.112290,-0.188960,0.092386,-0.105548,-0.048890,-0.072342,0.007152,-0.024035,0.001009,-0.075653
rifapentine,0.063927,-0.046049,0.069454,-0.183485,-0.053114,0.093179,-0.088049,0.055344,0.061318,-0.096366,-0.047395,-0.065925,-0.114106,-0.074367,0.045448,0.056249,0.068864,-0.080354,0.055792,-0.089696,0.045512,0.038217,0.060781,-0.039700,-0.039602,-0.076773,-0.070205,-0.089434,-0.047869,0.052053,0.144327,0.049514,0.092727,-0.111149,-0.163565,-0.058707,0.077939,-0.127628,-0.101322,0.079847,-0.070333,0.071382,-0.086350,-0.066983,0.079228,0.118379,-0.043057,0.056451,-0.092791,0.063877
rifaximin,-0.087683,0.055828,-0.042565,-0.124094,-0.015663,0.096862,-0.013618,-0.089435,-0.126706,-0.076614,-0.059050,-0.084662,-0.020064,0.023017,-0.048657,-0.045269,-0.135231,-0.012119,-0.043994,0.123184,-0.022128,-0.006056,-0.058942,-0.009351,0.038126,-0.134920,-0.082791,0.021455,0.045155,-0.041692,-0.025027,-0.008988,-0.133783,-0.136936,-0.126750,-0.110177,-0.008781,0.130435,-0.102635,-0.073090,0.010692,-0.097623,0.101262,0.025533,0.055862,-0.001816,-0.048348,0.054171,0.098952,-0.125899
rilmenidine,0.100947,-0.051856,0.010144,-0.152278,-0.067677,-0.125964,-0.055627,-0.006053,0.134428,0.010505,-0.054113,0.065916,0.110584,-0.082392,0.075775,0.066441,0.099788,0.086348,-0.089338,-0.110633,-0.081299,-0.105579,-0.038972,-0.102721,-0.089128,0.071523,-0.050797,0.057309,-0.018361,0.003391,0.048599,0.128941,0.188432,-0.012893,-0.101992,0.113202,-0.068581,-0.007244,0.068262,-0.094272,-0.072791,-0.088984,-0.060637,-0.062874,-0.105917,0.002119,-0.012850,-0.060176,-0.097433,0.065090
rimantadine,0.007857,0.051566,-0.000675,-0.168920,-0.081739,-0.098344,0.001436,0.109493,0.138906,0.145238,0.062698,0.064555,0.073286,-0.002885,-0.023577,0.070827,0.081821,0.006133,0.005420,-0.129561,-0.122359,-0.069571,-0.028665,0.021646,-0.067636,-0.154627,-0.069334,0.008857,0.032552,-0.040367,-0.060501,-0.099849,-0.009682,-0.007648,-0.174469,-0.085839,-0.077951,-0.014147,0.062051,0.075716,-0.085956,0.009977,0.128577,-0.118698,-0.096358,-0.106968,-0.103451,-0.126370,-0.069415,0.131742
rimcazole,0.078598,-0.090779,0.075365,-0.092256,-0.033516,-0.097234,-0.045870,0.112307,0.370106,0.131246,0.060210,-0.171021,-0.321161,-0.092327,-0.052745,0.050587,0.086046,-0.265855,-0.101072,0.067317,0.076815,0.057411,-0.049275,0.087056,0.049483,-0.103308,-0.085574,0.156331,0.073575,-0.141124,0.107413,-0.303346,-0.375262,0.064220,0.113412,-0.135397,0.050186,0.142408,0.100920,-0.111167,-0.167482,-0.227774,0.049195,-0.071925,0.056354,-0.185477,-0.099121,-0.118303,0.088065,0.098395
rimexolone,0.026440,-0.008812,0.033717,-0.138952,0.077006,0.109631,0.007621,-0.081245,0.014517,-0.008598,0.049723,-0.052358,-0.012307,0.035998,0.014413,-0.014797,-0.029574,-0.000600,0.000682,-0.207306,0.004500,0.029993,0.108885,0.001072,-0.008463,0.009304,0.051632,-0.026528,-0.021538,0.131654,0.000989,-0.013643,0.098647,0.023478,0.005701,-0.017505,-0.004211,-0.008241,-0.088417,-0.013335,-0.041597,-0.117740,-0.113706,-0.089864,0.011385,-0.004964,0.005649,-0.065789,-0.026763,-0.079796
ritodrine,0.069037,0.052482,0.114629,-0.081738,-0.058491,-0.112279,0.065853,-0.084756,-0.168040,-0.060594,-0.072600,0.128466,-0.075102,-0.036555,-0.044079,0.037333,-0.063239,-0.115233,0.061093,-0.099647,-0.045397,-0.063340,-0.056500,-0.085346,-0.101783,-0.055520,0.044349,-0.155682,0.036430,-0.078225,0.096535,0.198200,-0.096930,-0.103958,-0.103342,-0.088789,-0.034494,0.121934,0.065242,-0.057351,-0.065043,0.165315,-0.048381,-0.057405,-0.067522,0.100428,-0.073831,-0.065945,-0.071823,0.059977
ritonavir,0.031407,0.067840,0.065472,-0.087777,0.060123,0.082920,0.056478,-0.047324,0.140807,-0.038855,0.059832,-0.177931,0.063097,-0.083245,-0.046077,-0.068556,0.084271,-0.091594,-0.086223,-0.082171,0.104478,-0.041149,-0.040766,0.085885,0.067174,-0.096775,-0.052393,0.122877,0.049161,-0.060263,0.111536,-0.105992,0.097173,0.084912,-0.082252,-0.085761,-0.055679,0.120052,-0.091535,-0.078503,-0.047619,0.084117,0.070622,-0.109357,-0.068659,0.101711,-0.041934,-0.061933,0.091112,-0.059902
rivaroxaban,0.099710,-0.012580,0.109291,-0.103365,-0.050901,0.096729,-0.041556,-0.091488,0.080859,-0.001298,0.052932,0.152571,0.190455,-0.058990,0.077187,0.007328,0.076915,0.179735,-0.065388,-0.004822,-0.089063,-0.104447,0.054616,-0.121517,-0.095824,0.068249,-0.052912,-0.180754,-0.055794,0.069992,0.096913,0.183132,0.230851,-0.093403,-0.118302,0.145070,-0.040905,-0.089755,0.074703,0.035292,0.118483,0.127068,-0.006369,-0.000240,-0.079769,0.141204,0.083933,0.012661,0.010727,0.000441
rottlerin,-0.114599,-0.069914,-0.100481,-0.077660,0.054896,-0.161328,-0.056281,-0.058128,0.002763,-0.064812,-0.051196,-0.196623,-0.231072,-0.057738,0.015680,-0.056982,-0.128220,-0.200311,-0.089919,0.117582,0.078619,0.073362,-0.046235,0.053048,0.066977,-0.114367,-0.059016,0.089686,0.081371,-0.110058,-0.108156,-0.298350,-0.162269,0.060316,-0.147411,-0.188041,0.058285,0.119281,-0.114750,-0.103353,-0.061367,-0.151849,-0.005616,-0.128959,0.061215,0.138333,-0.075229,-0.057824,0.018628,0.048367
roxithromycin,-0.147250,0.044169,-0.104788,-0.111156,-0.028747,-0.140877,-0.084589,-0.114759,-0.212470,0.011478,-0.000413,-0.152561,-0.155559,-0.037292,-0.109495,-0.139377,-0.189748,-0.163712,-0.120192,0.033149,-0.041028,-0.116700,-0.016239,0.123132,0.066840,0.106155,0.082089,0.167069,-0.061474,-0.137438,-0.183017,-0.189447,-0.191274,-0.064863,-0.136275,-0.272442,-0.112122,0.022372,-0.104345,-0.190699,-0.185038,-0.188027,-0.029016,-0.111678,0.004617,-0.107460,-0.032308,-0.076791,-0.020745,-0.110351
rutin,-0.128200,0.034047,-0.150187,-0.105505,-0.037927,-0.132153,-0.088090,-0.087111,-0.174789,-0.130597,-0.075780,-0.118039,0.081455,-0.086197,-0.062391,-0.092781,-0.149465,0.072648,-0.073143,-0.059738,-0.065680,-0.081428,-0.051333,0.070537,-0.029215,-0.086845,-0.072118,0.121745,0.064032,-0.068522,-0.157589,-0.161385,-0.062125,-0.079667,-0.106297,-0.144615,-0.095840,0.076752,-0.100248,-0.115043,-0.127311,-0.190947,-0.072447,-0.106587,-0.110393,-0.152562,-0.073728,-0.096888,-0.140246,-0.063667
safinamide,0.076688,0.037048,0.131499,0.003511,0.045056,0.020446,0.100189,0.093931,-0.067913,-0.009896,0.075784,0.107399,0.231422,0.092251,0.071395,0.098942,0.088943,0.197523,0.069789,-0.081756,0.085354,-0.026935,0.056198,0.003554,-0.055977,0.102793,0.081287,-0.158420,-0.010129,0.117797,0.101293,0.088177,0.237779,-0.098046,0.122155,0.088730,0.027174,-0.195766,0.097508,0.086432,0.186719,0.032568,-0.089527,0.023489,0.067194,0.123915,0.097205,0.074291,-0.001732,0.055910
salubrinal,0.073327,0.059318,0.083939,0.195990,0.088518,0.016204,0.137170,0.045516,0.134447,0.058444,0.034512,-0.145733,-0.211659,0.195659,0.082893,0.063885,-0.005614,-0.167719,0.122677,-0.099381,0.169391,0.190886,0.043119,0.164925,0.134214,0.089062,0.008229,-0.081060,0.080159,-0.096276,0.120320,-0.210429,-0.330230,0.081980,-0.144694,-0.121354,0.153535,0.099594,0.004301,0.089551,0.030733,0.050333,-0.024083,-0.028241,0.173925,0.184189,0.100367,0.002064,0.009968,0.101091
saquinavir,0.049584,0.069771,0.093297,-0.090390,-0.062743,-0.094286,0.017316,0.065641,0.191034,0.075479,0.060253,-0.013197,-0.103005,0.020181,0.066022,0.103665,0.078661,-0.099711,0.056959,-0.162561,0.112427,0.048880,0.009020,0.081901,0.074256,0.074500,0.068090,-0.007380,0.077155,-0.047180,0.091745,-0.118251,-0.255227,0.083423,-0.100138,0.057148,0.003831,0.114731,0.089623,-0.066365,0.078149,0.112305,0.084106,-0.103651,0.015842,0.079556,-0.049790,-0.057054,-0.127797,0.070819
saracatinib,-0.092891,0.001907,-0.105861,0.123783,-0.041915,-0.142607,0.052228,0.093977,0.102617,0.104315,0.043594,-0.125010,-0.242301,-0.056277,-0.006147,0.002232,-0.056993,-0.187497,-0.080504,0.091143,0.068373,0.037063,-0.008261,0.007911,0.048760,0.072821,0.061472,0.101965,0.062270,-0.117896,-0.114991,-0.249096,-0.249222,0.092007,-0.138720,-0.184206,0.000563,0.037995,0.051565,-0.087463,-0.029371,-0.106546,0.056822,-0.141750,0.002183,-0.114161,-0.089429,-0.072344,-0.097017,0.069730
saxagliptin,0.073617,0.009188,0.152890,-0.114996,-0.040526,-0.108166,0.078752,-0.039761,-0.130762,-0.065461,0.018859,0.049482,0.216351,0.047309,0.075949,0.079278,0.081784,0.203171,-0.062812,0.126735,0.104500,-0.133888,-0.050692,0.003181,-0.087964,0.078924,0.123706,-0.141184,-0.056441,0.161046,-0.037451,0.116995,0.258699,0.026081,-0.172621,0.065734,0.081387,-0.154129,-0.006528,0.008487,0.144854,-0.073572,0.027493,-0.026463,-0.009868,0.014488,0.078205,0.005888,-0.029721,-0.062490
scopolamine,0.057360,-0.046267,0.108092,-0.070787,-0.049146,-0.087920,0.057338,0.018329,-0.103415,-0.065826,0.000359,0.094713,0.129571,0.071525,0.063872,0.080013,0.079799,0.137099,0.045872,-0.095334,-0.041717,-0.046305,-0.068065,-0.087952,-0.078716,-0.111890,-0.056084,-0.128038,0.036971,0.071965,0.083646,0.133340,0.190690,0.079753,0.116129,0.068833,-0.041363,-0.106011,0.079230,0.063216,0.027616,-0.104762,0.002058,0.107504,-0.047913,0.122732,0.074881,0.050488,-0.081956,0.069849
selegiline,0.192511,-0.057478,0.172893,0.136176,0.055836,0.136199,0.114316,0.063251,0.200227,-0.072275,0.055043,0.147565,0.212975,0.093487,0.094702,0.113443,0.130006,0.197576,0.103846,-0.133202,0.121795,0.039069,0.076701,-0.068661,0.053836,0.185405,0.085654,-0.183035,0.060046,0.124229,0.193712,0.204377,0.173197,-0.088411,0.126112,0.221185,0.093543,-0.176525,0.112045,0.123632,0.207692,0.072842,-0.057420,0.201299,0.123431,0.126217,0.095247,0.077060,0.143781,0.086369
sericetin,0.120738,-0.008520,0.101362,-0.115595,-0.020924,-0.109461,0.085803,-0.111537,-0.072788,-0.110602,-0.071099,0.144866,-0.018011,0.090656,0.099262,0.069296,0.091262,-0.077725,0.094604,-0.140272,0.032355,0.124880,0.001364,-0.092955,-0.075256,0.122940,0.068972,-0.145456,-0.038923,0.002236,0.002716,0.139264,0.259822,-0.008460,-0.114495,0.220798,0.117637,-0.159669,-0.012722,0.005816,0.013520,0.108493,-0.081743,0.018644,0.148395,0.099319,-0.097929,0.102784,-0.111472,-0.000864
serotonin,0.016692,0.111421,0.118756,-0.023794,-0.090495,-0.034849,0.025803,0.073027,0.110191,-0.002799,-0.053006,0.060456,0.109506,-0.073071,-0.003402,-0.031463,0.004391,0.108149,0.007128,0.022974,-0.044593,-0.008525,-0.037393,0.004145,-0.002793,-0.180489,-0.094656,-0.151430,-0.007332,0.095871,0.039680,0.119257,-0.031910,-0.115067,0.104130,0.024917,-0.056759,0.028869,0.143649,-0.008235,0.078431,0.022185,0.077529,0.073625,-0.024587,0.077812,0.077450,-0.045925,-0.115315,0.084952
sertraline,0.008289,-0.069829,0.037129,0.169483,0.070981,-0.006191,0.091623,0.090516,0.404661,0.111332,0.083506,-0.139751,-0.271757,0.082806,0.081183,0.088538,0.066797,-0.279012,0.003789,0.124126,0.102153,0.115936,0.046754,0.132567,0.087496,0.001800,-0.005306,0.082213,0.087322,-0.097899,0.141615,-0.273667,-0.307935,0.094403,0.027979,-0.135016,0.106095,0.140169,0.123773,-0.089411,-0.090514,-0.106708,-0.124539,-0.012551,0.102281,-0.150105,-0.070930,-0.015482,0.125740,0.074353
siguazodan,-0.064380,0.077668,-0.088666,0.098416,0.055150,0.016436,0.011792,0.005485,-0.101393,0.067732,-0.001055,-0.076104,0.041949,0.116428,0.062375,0.035423,-0.051494,0.073610,-0.006735,0.103153,0.014328,-0.012398,0.004743,0.069621,0.059832,-0.058662,0.078923,0.076400,0.069477,-0.051435,-0.056299,0.008063,-0.076341,0.071334,0.017469,-0.048730,-0.070540,-0.107244,-0.066566,-0.000165,-0.065241,-0.118713,0.062399,-0.060048,-0.049727,-0.070653,0.077104,0.054949,-0.071525,0.000486
sildenafil,-0.046397,0.060960,-0.113149,0.022456,-0.000643,-0.065594,-0.071028,-0.089470,-0.162678,-0.079859,-0.057568,-0.105140,0.072983,-0.051168,-0.082176,-0.047336,-0.057821,-0.063467,-0.093711,-0.004948,-0.070241,-0.113666,-0.090695,-0.004875,-0.052967,-0.109601,-0.062369,0.076932,0.007810,-0.077426,-0.093375,-0.095388,-0.109602,0.088944,0.002387,-0.004290,-0.091926,0.150300,-0.075241,-0.129009,-0.169607,-0.199018,0.055092,-0.147550,-0.111814,-0.095583,-0.105583,-0.050448,-0.112745,-0.044614
simvastatin,-0.025592,-0.061610,0.080908,0.108551,0.068532,0.165243,0.094264,0.106637,0.229629,0.096042,0.051382,-0.192557,-0.497604,-0.057374,0.076937,0.054046,0.063790,-0.320365,-0.056410,0.105703,0.073942,0.072885,0.038481,0.076343,-0.067276,-0.101274,-0.059553,0.124219,0.058288,-0.069021,-0.148833,-0.344417,-0.516067,0.142397,-0.112218,-0.152132,0.107838,0.152871,0.091911,-0.072399,0.066062,-0.120701,-0.121683,-0.090139,0.064989,-0.136747,0.093604,-0.106959,-0.103300,0.061406
sirolimus,-0.122565,-0.039575,-0.126660,0.113342,0.064116,-0.010755,0.012032,0.072340,-0.172650,0.072396,-0.000621,-0.123013,-0.214295,0.060216,-0.062211,-0.048778,-0.114973,-0.182398,-0.094911,0.116221,0.056690,-0.059182,-0.051115,0.093118,0.064418,-0.047146,0.053986,0.109806,0.054707,-0.068164,-0.247843,-0.328536,-0.426282,0.058828,-0.095294,-0.159277,-0.062536,0.105281,-0.080040,-0.126462,-0.112696,-0.117456,-0.065036,0.071629,-0.056154,-0.209924,0.060874,-0.132960,0.143927,-0.041188
sorafenib,-0.063154,0.052343,-0.125867,-0.071044,-0.039205,-0.123232,0.066656,-0.088199,-0.170103,-0.059620,0.053997,0.001453,-0.188922,0.072755,-0.077883,-0.085088,-0.087596,-0.173470,-0.042275,-0.012623,0.109251,0.063846,0.060045,0.069927,0.085412,0.090213,0.070085,-0.107438,0.053725,-0.069865,0.001763,-0.055613,-0.010729,0.071872,-0.159706,0.004719,0.063026,-0.077474,-0.085257,-0.055065,0.130260,0.084117,-0.070024,0.057873,0.081109,0.142870,0.068885,0.065335,0.011048,0.049109
sparfloxacin,-0.031998,0.011002,-0.062201,0.007855,0.123023,0.169771,-0.025324,0.005682,-0.004653,0.130151,0.055431,-0.131361,-0.081468,0.128005,0.013292,0.038478,-0.014168,-0.045457,-0.007204,0.188856,0.046125,0.068804,-0.018555,0.074611,0.040427,-0.140200,-0.068032,0.109928,0.083022,0.054639,-0.020335,-0.108615,-0.100146,0.049171,0.226679,-0.070560,-0.020277,0.047112,0.003416,0.013161,0.008370,-0.051995,-0.210126,0.055908,0.086718,-0.085793,0.041976,-0.035043,0.085081,0.025065
spironolactone,-0.072684,-0.057510,-0.106378,-0.063658,-0.061246,-0.052520,-0.061866,-0.094328,-0.118262,-0.087849,-0.085147,-0.123737,-0.114977,-0.087567,-0.076207,-0.068089,-0.110712,-0.108909,-0.103284,-0.074311,-0.116494,-0.072928,-0.061622,-0.111434,-0.069486,0.092184,0.047174,0.087318,-0.055063,-0.073027,-0.114132,-0.130214,-0.189618,0.086846,-0.107560,-0.096109,-0.071157,0.108095,-0.053926,-0.089597,-0.136084,-0.173507,-0.075437,-0.146777,-0.102716,-0.118888,0.039801,-0.075034,-0.114538,-0.076768
staurosporine,-0.176761,0.100407,-0.255396,0.143377,0.081307,-0.187650,-0.129005,0.083456,-0.248548,0.140290,-0.050993,-0.248315,-0.399683,-0.097902,-0.163131,-0.141869,-0.164898,-0.376127,-0.168853,0.157888,-0.085356,-0.128825,-0.110368,0.086784,0.072697,-0.096405,-0.053615,0.274825,0.079904,-0.245739,-0.305008,-0.442063,-0.469939,0.115115,-0.130168,-0.298535,-0.192350,0.242732,-0.150831,-0.193581,-0.264790,-0.295871,0.105370,-0.258158,-0.204678,-0.330276,-0.163542,-0.160574,-0.110708,-0.080313
streptozotocin,-0.104190,-0.071502,-0.092471,-0.092982,-0.038256,0.027904,-0.113235,0.010119,-0.149740,-0.123459,-0.077343,-0.086011,-0.033621,-0.021151,-0.113211,-0.093577,-0.107215,-0.001639,-0.077015,0.003948,-0.042923,-0.081341,-0.048966,0.002334,0.019420,0.147869,0.106402,0.069800,-0.075419,-0.016598,-0.116748,-0.089286,-0.134377,-0.015392,0.155795,-0.095770,-0.149164,0.014577,-0.106562,-0.115249,-0.139327,-0.158623,0.127977,-0.096594,-0.073747,-0.121355,-0.078307,-0.121593,-0.095487,-0.055903
sulindac,0.124934,-0.098069,0.099829,-0.152390,0.040828,0.108829,-0.047799,-0.070971,0.143511,-0.105694,-0.075271,0.127007,0.093651,0.074504,0.072648,0.080490,0.086899,0.076002,0.043012,0.150525,-0.056054,-0.077565,-0.072231,-0.125193,-0.089341,-0.130247,-0.140005,-0.107459,-0.082171,0.100411,0.137692,0.223795,0.164031,0.048556,-0.124687,0.206041,0.075741,-0.091499,0.062471,0.098917,0.085543,0.181376,-0.099156,-0.087967,-0.097665,0.150153,0.081571,0.049903,0.131479,-0.099635
sulmazole,-0.158715,-0.066997,-0.165273,-0.131291,-0.060448,-0.174801,-0.131917,-0.055421,-0.266050,0.073572,-0.067817,-0.121378,-0.181255,-0.110773,-0.104753,-0.101207,-0.130189,-0.128151,-0.120089,0.110687,-0.159790,-0.132369,-0.110299,0.053015,-0.079542,-0.148917,-0.066008,0.104440,-0.056987,-0.106504,-0.211594,-0.298115,-0.120893,0.133576,-0.086099,-0.215522,-0.121111,0.159783,-0.127372,-0.129479,-0.236276,-0.259328,0.101256,-0.169595,-0.187283,-0.131028,-0.111826,-0.085625,-0.126450,-0.084233
suloctidil,-0.090828,0.033575,0.123330,-0.119791,0.036446,-0.111215,0.114093,0.091037,0.339920,0.090850,0.071480,-0.134277,-0.166279,0.093004,-0.055655,-0.075565,0.080078,-0.108264,0.080651,-0.139249,0.159561,0.120094,0.053212,0.168288,0.142500,-0.056726,0.086071,-0.084131,0.061075,-0.109302,0.219611,-0.272277,-0.185813,0.083337,0.083086,-0.091742,0.124488,-0.130581,0.097377,-0.063269,0.093401,0.155905,-0.087601,0.150277,0.216120,0.153787,0.077074,0.056332,0.081037,0.094587
sulpiride,-0.146230,0.103820,-0.093724,0.108705,-0.037016,0.112437,-0.071330,-0.100812,-0.228953,-0.061892,0.059865,-0.176068,-0.145864,0.071778,-0.091502,-0.074429,-0.189553,-0.198886,-0.098149,0.048679,0.052810,-0.074136,-0.047743,0.132027,0.075830,0.078627,0.076814,0.217638,0.043192,0.039213,-0.181864,-0.278873,-0.342511,0.090341,0.202686,-0.319173,-0.083694,-0.187768,-0.123085,-0.106350,-0.203000,-0.254137,0.114533,-0.112483,-0.056669,-0.230783,0.041547,0.049029,0.083895,-0.095300
sunitinib,-0.001947,0.000005,0.062510,-0.077074,0.052756,-0.085819,0.063500,0.098785,0.222967,0.080224,-0.054957,-0.187256,-0.459984,-0.084819,0.057159,-0.054474,0.079344,-0.373545,-0.138313,-0.131742,0.129793,0.047644,-0.012795,0.081097,0.002134,0.096771,0.038606,0.077307,0.050448,-0.147135,-0.219019,-0.396294,-0.436227,0.074978,-0.136716,-0.139705,0.110548,0.019379,0.072642,-0.133833,-0.091712,-0.143089,-0.049382,0.068375,0.080253,-0.180313,0.001428,-0.078922,0.142527,0.091370
tacrolimus,-0.069011,-0.044702,0.002790,-0.106379,-0.006241,0.015431,0.065256,0.063455,-0.092429,0.066759,0.059018,-0.083190,-0.068524,0.071408,0.067143,0.075251,0.071974,-0.013523,0.078671,0.076907,-0.007826,0.097439,0.066105,0.091934,0.041519,0.104105,0.082446,-0.018109,0.048146,0.071834,0.008344,-0.075498,-0.108247,0.070508,-0.086267,-0.098139,0.062035,-0.005062,0.008075,-0.004681,0.087349,0.114658,-0.077505,0.003766,-0.050397,0.121207,0.096812,0.065407,0.093410,0.071765
tamoxifen,0.048725,-0.058932,-0.080997,-0.122431,0.063433,-0.090278,0.034728,0.082640,0.295122,0.077304,-0.038689,-0.102063,-0.260815,0.049534,0.039234,0.056885,0.091966,-0.268252,0.067883,-0.081783,-0.058111,0.049541,0.060774,-0.083125,0.045197,-0.071833,-0.103933,0.072673,0.046860,-0.111063,0.092517,-0.165876,-0.220505,-0.040505,-0.066272,-0.081685,0.058770,0.118478,0.069685,-0.084210,-0.096283,0.082657,-0.073553,-0.133093,0.054063,-0.057734,0.049949,-0.071617,-0.100314,0.059135
tanespimycin,-0.145419,-0.044629,-0.081500,-0.161655,-0.069207,0.067303,-0.111720,-0.054213,-0.194549,-0.060026,-0.058827,-0.218704,-0.352370,-0.148888,-0.111522,-0.111905,-0.120873,-0.262950,-0.111896,-0.113418,0.053412,-0.100143,-0.106797,-0.089473,-0.069299,-0.154048,-0.106052,0.184894,-0.092424,-0.132007,-0.191255,-0.310442,-0.389516,0.083868,-0.156149,-0.229244,-0.084521,0.097534,-0.070927,-0.111735,-0.117265,-0.235967,0.084666,-0.161708,-0.165373,-0.126018,-0.090101,-0.113301,-0.081959,-0.054223
targinine,0.046996,0.054848,-0.143263,0.077926,0.051383,0.080959,-0.048286,0.059034,-0.138043,0.061080,0.084887,-0.112134,-0.202128,0.123965,0.061700,0.067956,-0.093699,-0.153914,-0.046726,0.104721,-0.045939,0.048988,0.058311,0.145081,0.129261,0.065659,0.093569,0.144431,0.082533,-0.113592,-0.142993,-0.307241,-0.377092,-0.062071,-0.081336,-0.186954,-0.089797,0.138011,-0.082124,-0.097187,-0.087784,-0.220149,0.078195,-0.092310,0.060464,-0.132287,0.063870,-0.075594,0.113066,-0.087180
taxifolin,0.079892,-0.023096,0.050751,-0.124874,0.043486,-0.019053,0.066596,0.072099,0.010645,0.091661,0.075096,-0.028080,-0.072443,0.081513,0.073348,0.063332,0.094447,-0.047006,0.082088,0.036002,0.072195,0.080739,0.043805,-0.074951,0.073604,-0.162121,-0.083501,-0.104778,0.062916,-0.016461,0.116951,-0.132040,-0.100909,-0.083562,-0.116570,0.070569,-0.019864,0.105832,0.107527,0.015019,0.066284,0.014358,0.002241,0.185229,0.071026,0.128852,0.061362,0.088478,0.014658,0.081069
tazobactam,-0.102221,0.092605,-0.114153,0.024862,-0.026307,-0.123671,-0.089057,0.096637,-0.121536,0.115672,0.037799,-0.113923,0.027948,0.022545,-0.089794,-0.032683,-0.103864,0.027240,0.001534,0.097520,-0.090621,-0.074843,-0.082804,0.013989,-0.003918,0.124745,0.090545,0.074537,-0.000742,0.010766,-0.116316,-0.005245,-0.023761,0.035128,-0.210566,-0.118846,-0.053097,0.192521,0.081326,0.007259,-0.173910,-0.123459,-0.015277,-0.005831,-0.032271,-0.104514,-0.076464,-0.073824,0.116517,0.081182
temsirolimus,-0.116623,-0.049334,-0.179815,0.130867,0.060235,0.133894,-0.063309,0.077112,-0.283923,0.111940,-0.049668,-0.155336,-0.159464,0.068177,-0.101009,-0.111830,-0.125002,-0.168337,-0.102811,0.126415,-0.119411,-0.090895,-0.073024,0.076872,-0.043225,0.086196,-0.064251,0.140730,0.057222,-0.078297,-0.369827,-0.260944,-0.276199,0.089094,-0.101673,-0.198940,-0.096533,0.162833,-0.087562,-0.178651,-0.149768,-0.172453,-0.047456,0.090083,-0.080777,-0.206784,0.085476,-0.143713,0.133827,-0.041421
terbutaline,-0.002896,-0.127161,-0.037528,0.027480,0.056837,0.026840,-0.011288,0.060483,-0.199481,0.005435,0.037649,-0.055233,-0.026258,0.054813,-0.018911,-0.015931,-0.063327,0.026319,-0.008768,0.127740,0.046981,0.011869,-0.024369,-0.130127,-0.114144,-0.166541,-0.117691,-0.002559,-0.019807,0.084767,-0.058890,-0.035237,0.010422,0.006484,-0.019792,-0.040335,0.020113,0.114950,-0.004662,0.002124,0.076451,-0.009126,-0.031906,0.043413,-0.100893,-0.022742,0.047840,-0.024885,0.021834,-0.017248
testosterone,0.048338,0.056795,0.141809,0.064505,0.059173,-0.066167,0.076085,-0.040662,0.126487,-0.062703,0.049441,-0.052903,0.094699,0.059702,0.053498,0.067761,-0.062617,0.111260,0.078732,-0.123549,-0.051276,0.067980,-0.040334,-0.068864,-0.066853,-0.146774,-0.054049,-0.104603,0.046688,0.069153,0.126844,0.158015,0.192188,-0.080776,-0.103504,-0.110876,0.049585,-0.097648,0.046728,0.082244,0.086085,0.069517,0.123008,0.092616,-0.057879,0.091441,0.043300,0.045841,-0.069635,-0.053416
tetrabenazine,0.153905,-0.142454,0.016939,-0.084969,-0.061308,0.011347,0.070931,0.020799,0.161940,0.013587,-0.060800,0.200320,0.204912,0.033689,0.079629,0.083538,0.118894,0.165098,0.107249,-0.120994,0.117537,0.061208,-0.005043,-0.218074,-0.150981,0.014410,-0.088589,-0.181420,-0.112233,0.094420,0.189470,0.389586,0.252147,-0.076328,0.143373,0.311664,0.088848,-0.195247,0.078106,0.121248,0.162078,0.173142,-0.081634,0.022894,-0.054102,0.208096,0.100573,0.112335,0.015234,0.010508
tetracycline,-0.002782,-0.003390,0.109069,0.010306,-0.057517,0.096042,0.010416,0.094827,-0.141978,-0.023970,0.002671,0.023521,0.015828,0.024106,0.174004,0.110268,-0.021087,0.008182,0.012703,0.005624,0.159066,0.001166,0.079881,0.043482,0.061991,0.177198,0.139859,-0.127891,0.023041,0.135115,-0.000485,-0.028939,-0.033651,-0.030089,-0.144653,-0.027456,0.103936,-0.149554,0.111189,-0.021877,0.134216,0.065907,-0.084167,0.059723,0.111794,0.044913,0.123921,-0.007708,0.019288,0.057755
thapsigargin,-0.163888,-0.040694,-0.123232,0.067011,-0.035466,-0.158458,0.091475,-0.091940,0.132327,-0.063352,0.065903,-0.191420,-0.561841,-0.056776,-0.078829,-0.123313,-0.134529,-0.400205,0.077866,0.120710,0.109363,0.095293,0.059267,0.118031,0.136465,0.052897,0.052575,0.091702,0.104191,-0.202660,0.164810,-0.292237,-0.198679,-0.100690,-0.172047,-0.226551,0.079919,0.125324,-0.132282,-0.121790,0.167577,-0.199059,-0.051342,-0.117531,0.217324,0.280452,-0.067729,-0.150741,-0.086642,0.044313
thioperamide,0.062647,-0.044071,0.081917,0.074519,0.049594,-0.050220,0.036426,0.083863,-0.092370,-0.053537,0.049986,0.083715,0.081278,0.061069,-0.055071,0.056768,0.077142,0.076118,0.030594,-0.095861,0.082443,-0.067999,0.042015,-0.094531,-0.063125,-0.112104,0.062420,-0.110446,0.041084,-0.035716,0.078772,0.171674,0.074808,0.124446,-0.081487,0.093862,0.099640,-0.104818,0.067992,-0.078444,0.110745,-0.093689,-0.066044,0.090438,-0.031177,-0.062455,0.093788,0.039331,-0.117250,-0.065956
thiostrepton,0.020946,0.086149,0.110770,-0.074073,-0.005173,-0.128540,0.177234,-0.075087,0.155919,0.046236,0.080609,-0.172390,-0.290611,0.014560,-0.101768,-0.085036,0.015430,-0.247898,-0.123827,-0.047985,0.149406,0.103223,0.012050,0.094649,0.107042,-0.077651,0.013748,0.024740,0.095990,-0.159867,0.161743,-0.176654,-0.206024,0.023262,-0.196272,-0.110969,0.104585,0.044849,-0.073524,-0.092141,0.100799,0.128853,-0.008660,0.127876,0.203692,0.153730,-0.125726,0.142468,-0.098926,0.015552
thiothixene,-0.095901,0.043240,0.182889,-0.064109,0.069645,0.105480,0.120570,0.089157,0.388103,0.107398,0.090618,-0.176736,-0.169648,-0.033460,0.083971,0.079893,-0.079416,-0.137638,-0.066901,0.074077,0.061799,0.113059,0.089826,0.101788,0.047499,-0.036437,0.068798,0.105779,0.073833,0.042540,0.111644,-0.269220,-0.341890,0.089104,0.174944,-0.251373,0.125609,0.158485,0.078547,-0.044380,-0.106377,-0.103423,-0.068771,0.085159,0.078765,-0.183694,0.073422,-0.065022,0.088745,0.063963
tibolone,-0.034375,0.046567,-0.019769,-0.136667,-0.049376,0.013582,-0.068412,0.055376,-0.105989,-0.012411,0.086011,0.007304,0.076553,0.075618,0.001871,0.018021,-0.014995,0.044784,-0.005607,-0.151417,-0.107019,-0.088411,0.000329,-0.094287,-0.077162,-0.019738,-0.056551,0.087088,0.064384,0.066372,-0.060156,-0.018792,-0.046349,0.079477,0.026270,0.037995,-0.118555,-0.106952,-0.023510,-0.075431,-0.096880,-0.124594,0.050603,0.082033,-0.093730,-0.114713,0.068221,-0.088520,-0.130910,0.015748
timolol,0.091055,-0.003964,0.073890,0.003867,0.047833,0.092143,0.060663,-0.005895,0.032314,-0.080183,0.052352,0.075862,0.119545,0.096499,0.096071,0.104059,0.115696,0.084457,0.090477,-0.079922,-0.004748,0.023404,-0.000770,0.005756,-0.059128,0.113945,0.025078,-0.088619,-0.049204,0.064635,0.093677,0.064583,0.048870,0.058633,0.130945,0.053588,0.071270,-0.010594,0.025393,0.066776,0.110172,0.082292,-0.097146,0.131315,0.004473,0.092648,0.068907,0.066982,0.083208,-0.064979
tobramycin,-0.092648,-0.088173,0.018910,-0.027841,0.009167,-0.115812,-0.011173,0.016580,0.136613,0.015939,0.006395,0.064944,0.196285,0.039041,-0.077098,-0.044612,0.029046,0.154768,-0.002648,0.098344,-0.028779,0.001833,-0.015723,-0.117842,-0.159722,-0.074102,-0.124376,-0.055311,0.016901,0.019799,0.019136,0.081736,0.139575,0.063100,-0.006906,-0.063708,-0.026753,-0.212070,0.089610,0.079961,-0.009918,-0.044979,-0.031092,-0.019808,-0.166458,0.012592,0.058726,-0.058982,-0.027430,0.005440
tofacitinib,-0.121556,0.080467,-0.104563,-0.115703,0.049014,0.151107,-0.098753,0.070889,-0.156286,-0.081684,-0.062050,-0.144614,-0.150084,-0.057422,0.054614,0.002541,-0.102500,-0.100178,-0.079776,-0.094640,0.001997,-0.002481,0.035527,0.074523,0.080963,-0.107164,-0.043886,0.119281,0.037385,0.015851,-0.146542,-0.142272,-0.144509,0.109583,0.162794,-0.142809,-0.107697,-0.001006,-0.071447,0.118250,-0.148352,-0.097704,-0.016445,-0.104967,-0.088954,-0.163823,0.003145,-0.097729,0.020896,-0.051359
topotecan,-0.075663,0.152987,-0.179042,-0.057322,-0.041848,-0.108300,0.069426,-0.088210,-0.193386,0.109345,0.058470,-0.160252,-0.471296,-0.073625,-0.108640,-0.095360,-0.136944,-0.455869,-0.134026,0.079241,-0.086645,-0.051434,0.045904,0.138090,0.111898,0.138530,0.143033,0.238434,0.124212,-0.329620,-0.248717,-0.445837,-0.315928,0.120646,-0.151409,-0.222949,0.113376,0.184783,-0.152556,-0.174535,-0.280534,-0.231424,0.089574,-0.140668,0.122961,-0.210591,-0.201791,0.053508,0.088150,0.064505
toremifene,0.077199,-0.071926,0.099825,-0.139705,-0.056429,0.117869,0.004093,0.130381,0.359647,0.073288,0.047542,-0.124430,-0.088538,0.067706,-0.015188,0.055284,0.112101,-0.129417,-0.052739,0.006097,0.061819,0.072953,0.051497,-0.102362,-0.055435,0.014810,0.002646,0.054709,0.054157,-0.057619,0.113013,-0.215616,-0.282360,0.068651,-0.101360,0.038423,0.060844,0.020101,0.116936,0.067913,0.092029,0.144711,-0.002400,-0.074009,-0.006312,-0.152143,0.094927,-0.057604,-0.009333,0.061954
tozasertib,0.098014,-0.088102,0.079527,-0.134409,0.056939,0.146112,0.085404,0.064656,0.271717,-0.022023,-0.077255,-0.062939,0.153241,-0.102307,-0.013116,0.000094,0.083369,0.194953,-0.084572,-0.181786,0.078749,-0.050319,-0.073050,-0.084634,-0.061724,0.145523,-0.002617,0.098228,-0.089555,0.136506,-0.099565,-0.158935,-0.387650,0.055631,-0.124826,0.002569,-0.069205,-0.166978,0.128581,-0.107900,-0.066401,0.075357,0.104268,-0.085674,-0.141915,-0.133803,0.062662,-0.134090,-0.009608,-0.058396
tramadol,-0.094349,0.043996,-0.083017,-0.145793,-0.071135,-0.131986,-0.100254,-0.079964,-0.195474,-0.059053,-0.043107,-0.113920,-0.113749,-0.099122,-0.072197,-0.049192,-0.088717,-0.134200,-0.114543,-0.094500,-0.067429,-0.097154,-0.087699,-0.082396,-0.055603,-0.136517,-0.086640,0.159147,-0.047704,-0.070145,-0.101544,-0.199011,-0.201352,-0.079084,-0.104084,-0.088627,-0.085222,0.166580,-0.079126,-0.085376,-0.130356,-0.165234,0.070899,-0.128469,-0.086780,-0.145036,-0.150877,-0.079215,-0.110133,-0.066071
tranilast,-0.060148,-0.060635,-0.096793,-0.165180,-0.054217,0.085530,-0.073090,-0.081602,0.039033,-0.059458,-0.102963,0.056809,0.109502,-0.081984,0.064212,0.045230,-0.146914,0.057574,0.070105,-0.096483,-0.056002,0.047963,0.046971,-0.095000,-0.052280,-0.076444,-0.078114,0.066590,0.022284,-0.049746,0.051002,0.129218,0.091832,-0.185160,-0.106668,-0.068705,0.067489,-0.096820,-0.080848,0.058362,-0.098661,0.088660,-0.062749,-0.070970,0.065301,0.097609,-0.104760,-0.045573,-0.100559,-0.046328
tranylcypromine,0.045915,-0.038469,0.077103,-0.105208,0.025995,0.134968,0.065431,0.087188,0.093549,-0.091012,-0.071317,0.136890,0.203194,0.058116,0.144630,0.122103,0.091473,0.202872,0.079043,-0.127713,0.094343,0.081172,0.060607,-0.079468,-0.044311,0.128411,0.075016,-0.166738,-0.063551,0.104629,0.147552,0.180278,0.207780,-0.070641,-0.107884,0.097686,0.068904,-0.115623,0.075076,0.097355,0.142524,0.119727,-0.081335,0.098824,0.086540,0.175525,0.116294,0.077283,-0.071488,0.077616
tretinoin,0.044057,0.081788,-0.107840,-0.119592,-0.068085,-0.057988,-0.048131,-0.065265,-0.157571,-0.048589,0.052018,-0.050601,0.073967,-0.073865,-0.064718,-0.068417,0.051027,0.080331,-0.058600,-0.131859,-0.041072,-0.063319,0.057069,0.085875,0.067682,0.148331,0.121251,-0.064538,0.060491,0.081562,-0.060920,0.099400,0.204236,-0.064292,0.144966,0.026661,-0.063098,-0.097550,-0.078431,-0.057710,-0.088992,0.083712,-0.052882,0.093621,0.068144,0.074019,-0.068844,-0.071883,-0.116770,0.088813
triamcinolone,0.090924,-0.082998,0.104425,-0.119921,-0.054585,-0.122423,-0.028236,-0.010862,-0.009250,0.056903,0.054672,-0.115265,-0.136786,-0.084963,0.094353,0.119043,0.049787,-0.182372,-0.004050,-0.149312,-0.040214,0.010883,-0.080679,0.074724,0.063573,-0.114534,0.071378,0.089094,0.043143,-0.116288,-0.097402,-0.094370,-0.041549,0.075479,0.096354,-0.073358,0.010805,0.103845,-0.001507,-0.121700,-0.001286,-0.097786,-0.069326,0.006514,-0.011022,-0.089990,-0.086216,-0.032324,-0.123813,-0.044997
tribenoside,-0.175976,-0.064010,-0.134360,-0.158487,-0.084511,-0.181142,-0.106766,-0.079042,-0.187040,-0.005800,-0.067358,-0.137725,-0.174148,-0.113563,-0.168694,-0.165200,-0.143132,-0.145021,-0.114340,0.000563,-0.021222,-0.151760,-0.128838,-0.005366,-0.036452,-0.167700,-0.115202,0.144682,-0.070971,-0.116011,-0.205283,-0.220146,-0.145838,-0.081165,-0.226221,-0.220106,-0.097803,0.133663,-0.104887,-0.148471,-0.233701,-0.232438,0.075007,-0.076043,-0.130490,-0.201333,-0.137699,-0.128010,-0.209370,-0.101032
triciribine,-0.098103,-0.064386,0.059354,-0.091039,0.057113,-0.056295,0.144018,-0.085064,-0.134853,-0.091580,0.062304,-0.064410,-0.210804,0.046311,0.103037,0.054497,-0.123349,-0.055831,-0.049807,-0.098691,0.060574,0.102108,0.093729,0.117204,0.119995,0.065243,0.072987,-0.090590,0.061214,0.091069,-0.117554,-0.156249,0.118038,0.055800,0.129960,-0.133204,0.102825,-0.154591,-0.100700,0.073466,0.075285,0.164666,-0.084722,0.147450,0.183276,0.056744,0.133150,0.084714,0.164198,-0.071435
trifluridine,0.119943,0.077833,0.092724,0.140957,0.086980,0.002829,0.152908,0.117541,0.140134,0.098678,0.093232,0.147125,-0.103465,0.155030,0.024280,0.115633,0.131684,-0.232452,0.093826,-0.124770,0.083493,0.101238,0.075326,0.115425,-0.004040,0.301874,0.196582,-0.103577,0.077131,-0.154201,0.097047,-0.098382,-0.240159,0.144803,-0.076243,0.102769,0.205793,-0.128764,0.133651,0.065339,0.081082,0.103991,-0.088615,-0.000259,0.123958,-0.074468,-0.025384,0.124837,0.079774,0.099713
triprolidine,0.060614,-0.083127,0.116990,-0.110845,-0.058109,0.083826,0.073781,0.069747,0.098789,-0.045019,0.020197,0.008798,0.197278,0.055819,-0.055788,0.049294,0.087383,0.183440,-0.053953,-0.135852,-0.063693,-0.054947,-0.036825,-0.111899,-0.074989,0.094577,0.068520,-0.006425,-0.004908,-0.017079,0.083301,0.196741,0.252486,0.047842,0.092843,0.033596,-0.001491,-0.168365,-0.014940,-0.053289,-0.084852,-0.076614,0.090070,-0.006052,0.014097,0.159434,0.060917,-0.007100,-0.000482,0.068217
triptolide,-0.134468,0.112069,-0.221909,0.152372,0.077817,-0.135030,-0.069996,0.086670,-0.225195,0.164422,0.065105,-0.203164,-0.418538,0.064314,-0.149948,-0.104367,-0.100100,-0.395466,-0.073640,0.119764,-0.109325,-0.060800,-0.069466,0.117301,0.075221,-0.069404,0.086367,0.228535,0.076759,-0.218451,-0.282963,-0.491038,-0.479379,0.153659,-0.149543,-0.181105,-0.126874,0.241888,-0.085645,-0.153036,-0.137845,-0.270198,0.108580,-0.198822,-0.190706,-0.279778,-0.131111,-0.129967,0.101092,0.036980
tropisetron,0.126010,-0.040926,0.119795,-0.124793,-0.028746,0.135746,-0.044031,-0.064555,0.130451,0.052401,0.037491,0.127253,0.144432,0.075895,0.072826,0.076720,0.065252,0.138679,0.063559,-0.129245,0.034226,0.056432,-0.035568,-0.092209,0.052685,0.147219,0.097546,-0.165308,-0.072142,0.061048,0.140237,0.157573,0.206919,-0.054820,-0.075774,0.125772,0.085263,-0.122729,-0.045117,0.067166,-0.058602,0.111697,-0.087128,0.082901,0.079823,0.132678,0.091416,0.049695,-0.085080,-0.038345
tubaic-acid,-0.100101,0.075255,-0.128374,-0.127812,-0.044917,0.025277,-0.115058,-0.068231,-0.209115,-0.009247,-0.059058,-0.145334,-0.190589,-0.078312,-0.077948,-0.105200,-0.095282,-0.142855,-0.107011,0.171718,-0.123315,-0.111830,-0.009055,0.096511,0.031997,-0.099362,0.049291,0.142242,0.041792,-0.110769,-0.202384,-0.192904,-0.135956,0.095198,-0.013419,-0.134969,-0.110201,0.042213,-0.080269,-0.121316,-0.178050,-0.213498,-0.101796,-0.160385,-0.056361,-0.156192,-0.098605,-0.111409,-0.009633,-0.087152
tubocurarine,0.051472,0.064176,0.084013,-0.117573,-0.093996,0.099587,0.057820,-0.058606,-0.119803,-0.104964,-0.034349,0.086052,0.122739,-0.062708,0.041074,0.075052,0.078516,0.100423,-0.064849,-0.126974,0.062419,-0.042219,0.036392,-0.068710,0.077531,0.078188,0.066944,-0.099786,0.038439,0.073859,0.091555,0.144024,0.092134,-0.073347,0.131547,0.122151,-0.057212,-0.134426,0.041825,-0.061683,-0.073642,-0.109588,0.091937,0.090919,0.048997,-0.045369,0.081818,-0.060573,0.103354,-0.048348
tunicamycin,-0.171633,0.086174,-0.208512,-0.161665,-0.108628,-0.195826,-0.061331,-0.129761,-0.268987,-0.067367,0.003876,-0.190489,-0.303357,-0.056569,-0.062928,-0.094787,-0.217160,-0.238839,-0.033553,-0.135374,0.026266,-0.005858,-0.017413,0.044256,0.030054,-0.016524,0.032717,0.069718,0.015365,-0.178760,-0.007599,-0.322960,-0.148417,0.093610,-0.215694,-0.239318,-0.011241,0.018065,-0.205759,-0.056074,0.024450,-0.076046,0.067085,-0.239988,-0.002985,0.258463,-0.109534,-0.081111,-0.118563,0.071749
ursolic-acid,-0.142809,0.056664,-0.099679,-0.099746,-0.054554,-0.162228,0.086482,0.045803,-0.092916,0.084766,0.082404,-0.234645,-0.307913,0.055474,-0.064607,-0.059315,-0.156313,-0.241336,-0.104529,0.155509,0.035646,0.092103,0.090587,0.139793,0.166614,-0.148938,-0.079803,0.175251,0.113287,-0.127302,-0.118312,-0.375827,-0.196063,0.090523,-0.130134,-0.316476,-0.081373,0.173280,-0.113594,-0.121943,-0.111606,-0.153147,0.115563,-0.107130,0.176474,-0.046540,-0.075320,-0.088955,0.111298,0.049450
valsartan,-0.055865,-0.033840,0.003993,-0.113166,0.000564,-0.081510,-0.002566,-0.052500,-0.124332,-0.083063,0.000405,-0.062723,0.064046,0.077891,-0.063712,0.007636,-0.088452,0.059305,0.053232,0.099872,-0.001713,-0.067533,-0.000646,0.070580,-0.060223,-0.131213,-0.080734,-0.002783,0.010485,0.000429,-0.152508,-0.096362,0.001560,0.069383,0.003036,-0.160697,-0.072482,-0.173467,-0.067583,-0.130498,-0.079836,-0.164666,-0.107612,-0.051231,-0.067796,-0.102421,0.077944,-0.041735,-0.073140,-0.048945
varenicline,-0.095208,0.088114,-0.094852,-0.102233,-0.062403,0.005785,-0.053347,0.007145,-0.164355,0.051914,0.067648,-0.088385,-0.020580,0.001923,0.054539,0.043616,-0.120865,-0.076109,-0.102971,-0.121174,-0.000720,-0.102661,0.002269,0.101922,0.090025,0.094448,0.060779,0.093524,0.009621,-0.058071,-0.114514,-0.078303,-0.192716,-0.076528,0.151351,-0.171063,-0.082157,0.089049,-0.089793,-0.079751,-0.082416,-0.162435,0.093257,-0.007378,-0.086071,-0.104694,0.010768,-0.114795,-0.009036,-0.075867
vecuronium,-0.097404,-0.046587,-0.080200,0.078827,0.012294,0.079646,-0.080286,-0.068364,-0.181349,-0.100381,-0.052897,-0.080448,0.163635,-0.085653,-0.009202,0.044521,-0.118002,0.162221,-0.082651,-0.011181,-0.073463,-0.095470,-0.080624,-0.084125,-0.071498,-0.064689,-0.011823,0.015348,-0.054073,0.062267,-0.095774,-0.162040,0.055535,-0.087252,0.157105,-0.166631,-0.095603,-0.097623,-0.024484,-0.087218,-0.141199,-0.174805,0.048012,-0.116885,-0.082017,-0.095437,0.055339,-0.080008,0.006438,-0.081499
veliparib,0.092694,0.057410,0.076858,-0.122476,-0.042956,-0.088452,-0.049535,0.047124,-0.002039,-0.049968,-0.004746,0.161373,0.163329,-0.033835,0.070320,0.085391,0.055301,0.140676,0.054678,-0.095875,0.067735,-0.063166,-0.038289,0.083447,-0.068457,-0.008344,-0.010408,-0.116555,0.047673,0.082703,0.097620,0.141768,0.174003,-0.086077,0.012081,0.169924,0.090658,-0.099392,0.076425,0.096151,0.075419,0.026160,0.070935,0.087980,-0.073923,0.090378,-0.052127,0.071433,-0.093474,-0.039989
verteporfin,-0.115839,0.058025,-0.121080,0.145410,0.068105,-0.144339,0.116069,-0.004632,0.102847,0.063960,0.032476,-0.184600,-0.426709,0.120072,0.019273,-0.070006,-0.118452,-0.319484,-0.141449,0.189190,0.176196,0.105494,0.086350,0.144307,0.096927,-0.003504,0.082494,0.016326,0.123020,-0.118293,-0.162563,-0.340069,-0.117434,0.066425,-0.183844,-0.238814,0.128124,0.143592,-0.081805,-0.148524,0.002717,-0.128529,-0.142985,0.011231,0.211848,0.171233,0.108645,-0.026246,0.217433,0.085794
vicriviroc,-0.209084,-0.051973,-0.105648,-0.116825,-0.044079,-0.122249,-0.123842,-0.103491,-0.180551,-0.085740,-0.077562,-0.212400,-0.209359,-0.135119,-0.150999,-0.136392,-0.204977,-0.179261,-0.137593,0.141354,0.038961,-0.037284,-0.061997,-0.112400,-0.060014,-0.113447,-0.066444,0.159268,0.000468,-0.090443,-0.271442,-0.302401,-0.198469,-0.113856,-0.126611,-0.267699,-0.014427,0.125333,-0.138165,-0.131808,-0.169119,-0.196423,0.075433,-0.073079,0.005338,-0.174881,-0.120391,-0.022434,0.093619,-0.105815
vinblastine,-0.166683,0.044971,-0.076004,0.111463,0.147165,-0.093260,0.077438,-0.159596,0.118576,-0.086389,0.049912,-0.199255,-0.279591,0.092769,-0.064562,-0.066642,-0.184663,-0.147136,-0.125938,-0.096591,-0.043376,0.077164,0.084943,0.134202,0.138705,-0.111446,-0.054505,0.078534,0.086428,-0.079861,-0.090728,-0.204515,-0.209463,0.068003,-0.148999,-0.211208,0.107073,-0.084588,-0.136389,-0.083219,0.076091,0.131003,0.081177,0.101389,0.197969,0.108236,0.071454,-0.059806,-0.099767,-0.109243
vincamine,-0.125494,-0.046382,-0.065308,-0.088759,-0.059489,-0.107956,0.048945,0.051870,-0.143630,-0.063514,0.040775,-0.206884,-0.125005,-0.049398,-0.086126,-0.069377,-0.079448,-0.108831,-0.096351,-0.155626,-0.098254,-0.065525,0.069132,0.057916,0.083295,0.054542,0.059423,0.152522,0.052836,-0.107589,-0.162587,-0.150886,-0.258315,-0.091399,-0.165477,-0.165945,-0.151368,0.089406,-0.106855,-0.149505,-0.113657,-0.170749,0.109431,-0.129530,0.066625,-0.184994,-0.052166,-0.089477,-0.150111,0.036419
vincristine,-0.115742,0.070859,0.092219,0.094320,0.120922,0.114398,0.118976,-0.144742,0.134388,0.051265,0.059098,-0.175115,-0.186399,0.110690,0.071999,0.043975,-0.169078,-0.087882,-0.106989,-0.077150,0.071017,0.126584,0.082247,0.117687,0.128281,-0.155163,-0.050157,0.082809,0.076444,0.085544,0.081838,-0.100493,-0.107463,0.067420,-0.135835,-0.180598,0.091648,-0.118430,-0.141973,0.085003,0.075015,0.125081,-0.076743,0.129137,0.198234,0.085240,0.082481,0.086522,0.070816,-0.135023
vinorelbine,-0.086866,0.052843,0.139975,-0.120696,0.105045,-0.081937,0.089342,-0.106692,0.245593,0.006287,0.059522,-0.135170,-0.077186,0.099753,0.065409,0.003666,-0.144752,0.094605,-0.047784,-0.118569,-0.070225,0.087527,0.064662,0.072557,0.093839,-0.155388,-0.061066,-0.074789,0.049484,0.114542,0.092374,0.105852,0.161299,0.110139,-0.104466,-0.135916,0.091756,-0.136973,-0.120888,0.083097,0.019060,0.072761,-0.073775,0.126688,0.181721,0.121706,0.066216,0.066797,0.087161,-0.092354
vinpocetine,-0.002551,-0.007147,-0.112153,-0.105902,-0.059796,-0.131628,-0.086897,-0.070078,-0.133655,-0.058728,-0.086577,-0.070534,0.067417,-0.080114,-0.047132,-0.008514,0.010191,-0.021176,-0.063039,-0.116731,-0.047009,-0.076139,-0.068010,-0.120788,-0.066912,-0.101368,-0.073665,0.091168,-0.003046,-0.080155,-0.115800,-0.010473,-0.084652,0.077677,-0.162342,0.121528,-0.079802,-0.090688,-0.076777,-0.092053,-0.140509,-0.115793,0.072436,-0.012823,-0.117509,-0.115353,-0.071486,-0.082385,-0.123520,-0.003605
voriconazole,0.029250,0.012312,0.123638,-0.221145,-0.053298,0.014880,0.010243,-0.075977,-0.045687,-0.111697,0.001293,0.131303,0.178814,-0.082052,0.058357,0.017367,0.015857,0.123315,0.090356,-0.145252,0.001166,0.074544,-0.053064,-0.043086,-0.006491,0.118991,0.017964,-0.094397,-0.024021,-0.001079,0.127722,0.214446,0.172620,0.122014,0.092136,0.088252,-0.072416,-0.104932,-0.060682,0.108028,0.129529,0.136681,0.079815,-0.077107,0.001809,0.093076,-0.001941,-0.089027,-0.120462,-0.077563
warfarin,-0.053354,-0.022059,-0.020349,-0.109065,-0.076327,0.109314,-0.049285,-0.093044,-0.105711,-0.110034,-0.072253,0.008762,0.137376,-0.086935,-0.055964,0.062278,-0.059861,0.140736,-0.081010,-0.102427,-0.066895,-0.094794,-0.048521,-0.041483,-0.088356,-0.095892,-0.015083,-0.014388,-0.061743,0.091812,0.003612,0.041486,0.169050,-0.083730,-0.146849,-0.004957,-0.068348,-0.136997,-0.069698,-0.008493,-0.069776,-0.002799,0.008572,-0.083855,-0.083947,0.036845,-0.071240,-0.043489,-0.123528,-0.066082
withaferin-a,-0.205364,0.051514,-0.199862,-0.148298,-0.027240,-0.103781,-0.080093,-0.099032,-0.147274,0.053456,-0.070951,-0.188413,-0.266141,-0.093909,-0.093164,-0.094783,-0.229460,-0.243301,-0.151897,0.115176,-0.142618,0.060078,0.070941,-0.096409,0.060420,-0.204203,-0.107810,0.282896,0.070666,-0.197880,-0.198005,-0.374836,-0.111680,0.108616,-0.118499,-0.376198,0.063598,0.086291,-0.151157,-0.153332,-0.335192,-0.229883,0.092294,-0.130129,0.113003,-0.100274,-0.098328,0.054612,0.085981,-0.060396
wortmannin,-0.088708,0.053100,-0.092655,0.086893,0.090636,0.113243,0.089298,0.079263,0.071544,0.140250,0.075948,-0.207104,-0.327255,0.032268,0.048199,-0.062849,-0.094657,-0.197959,-0.126066,-0.084541,0.060756,-0.049179,0.040037,0.132563,0.080598,0.119774,0.108885,0.083519,0.110650,-0.112663,-0.202019,-0.283731,-0.289911,0.049074,-0.106621,-0.157940,0.052858,0.117051,0.087860,-0.132278,-0.112386,-0.126298,-0.123654,0.131907,0.105237,-0.232578,0.073424,-0.107843,0.098049,0.057672
yohimbine,0.051199,0.030554,0.074781,-0.129065,-0.071722,-0.084237,-0.086860,0.077215,-0.123059,-0.058323,-0.059484,0.096639,0.077032,-0.070417,-0.072284,-0.066525,0.088377,0.062244,-0.051299,-0.083396,-0.048589,-0.067057,-0.046170,-0.076576,-0.056020,0.131142,-0.045805,-0.053121,-0.059454,-0.045646,-0.059278,0.168306,0.103292,-0.091789,0.080954,0.159906,-0.072981,-0.079689,-0.063105,0.048565,0.069446,-0.078602,-0.069932,-0.098001,-0.077354,-0.057014,-0.057986,-0.086033,0.070392,0.054520
zaprinast,0.130868,0.057454,0.151722,-0.080332,0.002615,0.098389,0.117000,0.044548,0.020379,0.045019,0.098849,0.140994,0.258753,0.093638,0.118509,0.103352,0.125720,0.220803,-0.010537,-0.137798,0.065509,-0.074276,0.042243,0.097572,0.006349,0.165103,0.087896,-0.160360,-0.052250,0.094910,0.155656,0.288287,0.253975,-0.083889,0.001831,0.160796,0.017273,-0.049164,0.072287,0.077695,0.153257,0.188798,-0.007728,0.130847,0.071905,0.095929,0.013892,0.088784,-0.101026,0.066285
zidovudine,0.071557,0.053986,0.141336,0.005043,0.007788,-0.116018,0.093442,-0.005701,-0.119500,0.015128,-0.020819,0.060117,0.101148,0.063919,0.004210,0.049729,0.002261,0.013347,0.098549,0.079435,-0.003998,0.097157,0.005593,0.097517,0.031221,0.027003,0.020274,-0.075173,0.059852,-0.021387,0.103868,0.150616,0.178246,0.087992,0.103093,-0.070510,0.066356,0.088295,0.015198,0.068354,-0.005574,0.116604,-0.139263,-0.004586,0.052781,0.152184,0.113367,0.008764,0.005107,0.078393
zimelidine,0.026346,-0.100404,0.007357,-0.227080,-0.028395,0.025521,-0.008676,-0.015319,0.035732,0.007463,-0.062080,0.092531,0.089545,-0.082949,0.010198,0.026155,0.021918,0.110906,-0.023062,-0.166581,0.043782,-0.124295,-0.011172,-0.094631,-0.041200,0.148317,0.016871,-0.055541,0.016828,0.040578,-0.005942,0.036128,0.029298,-0.063910,-0.086968,0.036865,-0.001461,-0.058314,-0.007069,0.013048,-0.000786,-0.009856,0.009875,0.014841,-0.072405,-0.003970,-0.046644,-0.004032,0.020306,0.025369
zonisamide,-0.018596,0.128969,-0.031983,-0.031013,0.000604,-0.034007,0.021519,0.076343,-0.223589,0.013952,0.012665,-0.030009,0.017960,0.000094,0.012717,-0.062588,-0.049450,0.009621,-0.089854,-0.010275,0.063028,-0.070865,0.016300,0.131823,0.012938,0.054205,0.085892,-0.069662,0.043522,0.056215,-0.025244,0.016530,-0.005042,0.005788,-0.189424,-0.037506,0.000536,-0.056003,-0.031245,-0.070933,0.061749,-0.027052,-0.081954,0.126045,-0.016106,0.044824,-0.014698,0.008564,0.149760,0.040710
