drug,median_score,mean_score,min_score,max_score,std_score,n_signatures,n_cell_lines,frac_negative,moa,target,pval_reversal,fdr_reversal,pval_mimicking,fdr_mimicking
apicidin,-0.31488390266895294,-0.31488390266895294,-0.4701312184333801,-0.15963658690452576,0.15524731576442719,2,2,1.0,HDAC inhibitor,HDAC6,0.0001,0.02555,0.9999,1.0
rimexolone,-0.2073058784008026,-0.2073058784008026,-0.20787370204925537,-0.20673805475234985,0.0005678236484527588,2,2,1.0,Glucocorticoid receptor agonist,NR3C1,0.0211,0.6893679245283019,0.979,0.9970087475149105
brefeldin-a,-0.19676977396011353,-0.1948246183720502,-0.28643012046813965,-0.08492861688137054,0.06553891330358466,11,11,1.0,,,0.0002,0.03406666666666667,0.9998,1.0
MMPX,-0.18447616696357727,-0.15916492541631064,-0.24463734030723572,-0.048381268978118896,0.08209590162276842,3,3,1.0,,,0.0433,0.6893679245283019,0.9569,0.9970087475149105
dydrogesterone,-0.18272767961025238,-0.18272767961025238,-0.18808135390281677,-0.177374005317688,0.005353674292564392,2,2,1.0,Progesterone receptor agonist,PGR,0.0516,0.6893679245283019,0.9484,0.9970087475149105
tozasertib,-0.18178581446409225,-0.1110462173819542,-0.24570083618164062,0.17827528715133667,0.13419548986022828,10,10,0.8,JAK inhibitor,FLT3,0.0012,0.1533,0.9988,1.0
parthenolide,-0.18151992559432983,-0.15025463857148824,-0.3604351580142975,0.14643269777297974,0.13581068692650974,19,19,0.8421052631578947,,,0.0001,0.02555,1.0,1.0
CG-930,-0.17469266057014465,-0.1092048853635788,-0.2840598225593567,0.13257083296775818,0.14963485988536807,10,10,0.7,JNK inhibitor,MAPK8,0.0025,0.21291666666666667,0.9975,1.0
acitretin,-0.1728224754333496,-0.1728224754333496,-0.2504326105117798,-0.09521234035491943,0.07761013507843018,2,2,1.0,Retinoid receptor agonist,RARA,0.0691,0.6893679245283019,0.9309,0.9970087475149105
GW-4064,-0.1711280643939972,-0.1711280643939972,-0.21073979139328003,-0.13151633739471436,0.03961172699928284,2,2,1.0,FXR agonist,NR1H4,0.0732,0.6926888888888889,0.9268,0.9970087475149105
talampicillin,-0.17055124044418335,-0.17055124044418335,-0.17055124044418335,-0.17055124044418335,0.0,1,1,1.0,,,0.1589,0.7857830188679246,0.8417,0.9970087475149105
BMS-509744,-0.1686810553073883,-0.1686810553073883,-0.2157239317893982,-0.12163817882537842,0.04704287648200989,2,2,1.0,,,0.0783,0.7019526315789474,0.9217,0.9970087475149105
norgestrel,-0.16771218180656433,-0.12257552643616994,-0.21320027112960815,0.14808204770088196,0.12471523218593165,6,6,0.8333333333333334,,,0.0186,0.6893679245283019,0.9814,0.9970087475149105
zimelidine,-0.16658103466033936,-0.16658103466033936,-0.16873061656951904,-0.16443145275115967,0.0021495819091796875,2,2,1.0,Serotonin reuptake inhibitor,SLC6A4,0.0835,0.7136966666666668,0.9165,0.9970087475149105
lenalidomide,-0.16475144028663635,-0.13763789534568788,-0.23447978496551514,0.16681987047195435,0.10907840673804609,10,10,0.9,Anti-cancer agent,CRBN,0.0067,0.48910000000000003,0.9933,1.0
saquinavir,-0.162561297416687,-0.1360002557436625,-0.25699400901794434,0.07806980609893799,0.10400609696203802,6,6,0.8333333333333334,,,0.026,0.6893679245283019,0.9741,0.9970087475149105
asiatic-acid,-0.16235849261283875,-0.16235849261283875,-0.19430923461914062,-0.13040775060653687,0.03195074200630188,2,2,1.0,,,0.0922,0.7248338461538462,0.9078,0.9970087475149105
atovaquone,-0.16225934028625488,-0.147730553150177,-0.21060454845428467,-0.08400934934616089,0.04360901594628574,5,5,1.0,,,0.0457,0.6893679245283019,0.9543,0.9970087475149105
dolasetron,-0.16035762429237366,-0.11115437150001525,-0.18672940135002136,0.07369852066040039,0.09496356453911046,5,5,0.8,Serotonin receptor antagonist,HTR3A,0.0501,0.6893679245283019,0.95,0.9970087475149105
hydrocortisone,-0.15792414546012878,-0.09596267342567444,-0.24463734030723572,0.19037961959838867,0.15529978784438547,8,8,0.75,Glucocorticoid receptor agonist,NR3C1,0.019,0.6893679245283019,0.981,0.9970087475149105
clofarabine,-0.15733829140663147,-0.10825601799620523,-0.2671695947647095,0.0886419415473938,0.11226349570609642,9,9,0.7777777777777778,Ribonucleoside reductase inhibitor,POLA1,0.0205,0.6893679245283019,0.9795,0.9970087475149105
etoposide,-0.15695977210998535,-0.11635252833366394,-0.2613832950592041,0.17921265959739685,0.13467055445932635,11,11,0.8181818181818182,Topoisomerase inhibitor,TOP2A,0.0117,0.6893679245283019,0.9883,1.0
amcinonide,-0.15682005882263184,-0.10612809658050537,-0.21103721857070923,0.08865997195243835,0.10971310256335594,8,8,0.75,Glucocorticoid receptor agonist,NR3C1,0.0199,0.6893679245283019,0.9801,0.9970087475149105
ascorbic-acid,-0.15671642124652863,-0.17468815545241037,-0.2186891734600067,-0.1486588716506958,0.03128682593521794,3,3,1.0,Antioxidant,SLC23A1,0.1087,0.7306083333333333,0.8915,0.9970087475149105
HG-5-88-01,-0.15595481544733047,-0.05289524048566818,-0.17934781312942505,0.18745943903923035,0.15918181569415116,6,6,0.6666666666666666,,,0.0385,0.6893679245283019,0.9615,0.9970087475149105
vincamine,-0.1556258201599121,-0.04281490445137024,-0.2123260498046875,0.19752684235572815,0.17297195933556905,5,5,0.6,,,0.0615,0.6893679245283019,0.9389,0.9970087475149105
MK-801,-0.15482820570468903,-0.15482820570468903,-0.1575816571712494,-0.15207475423812866,0.0027534514665603638,2,2,1.0,,,0.1134,0.7306083333333333,0.8866,0.9970087475149105
dexamethasone,-0.15463441610336304,-0.13237208167189046,-0.25609269738197327,0.3254289925098419,0.13676277806354795,19,19,0.8947368421052632,Glucocorticoid receptor agonist,NR3C1,0.0021,0.21291666666666667,0.9979,1.0
methylprednisolone,-0.15410716831684113,-0.054705336689949036,-0.19886979460716248,0.18793711066246033,0.16785904895780823,6,6,0.6666666666666666,Glucocorticoid receptor agonist,NR3C1,0.0418,0.6893679245283019,0.9582,0.9970087475149105
norethindrone,-0.15382777899503708,-0.1557775760690371,-0.20937883853912354,-0.10343211889266968,0.04106234234251767,6,6,1.0,Progestogen hormone,PGR,0.042,0.6893679245283019,0.958,0.9970087475149105
cefotaxime,-0.15278679132461548,-0.15278679132461548,-0.2067650854587555,-0.09880849719047546,0.053978294134140015,2,2,1.0,,,0.1201,0.7306083333333333,0.8799,0.9970087475149105
crotamiton,-0.15253445506095886,-0.15253445506095886,-0.15253445506095886,-0.15253445506095886,0.0,1,1,1.0,,,0.2168,0.8302817518248174,0.7833,0.9970087475149105
radicicol,-0.15145286917686462,-0.15892056789663103,-0.28522244095802307,-0.10209822654724121,0.05276645208781176,9,9,1.0,,,0.0307,0.6893679245283019,0.9696,0.9970087475149105
tibolone,-0.1514168381690979,-0.12094118446111679,-0.23848149180412292,0.11023688316345215,0.10849190511383094,6,6,0.8333333333333334,Androgen receptor agonist,ESR1,0.0487,0.6893679245283019,0.9513,0.9970087475149105
megestrol-acetate,-0.15009644627571106,-0.17481883615255356,-0.29555121064186096,-0.10353124141693115,0.0725625191383949,4,4,1.0,DNA inhibitor,PGR,0.081,0.7136379310344827,0.919,0.9970087475149105
emetine,-0.14942046999931335,-0.08248251080513,-0.27866101264953613,0.1721915602684021,0.1461181577751738,10,10,0.7,Protein synthesis inhibitor,RPS2,0.0226,0.6893679245283019,0.9774,0.9970087475149105
triamcinolone,-0.149312324821949,-0.05654585361480713,-0.17304778099060059,0.1340039074420929,0.1360175462221874,8,8,0.625,Glucocorticoid receptor agonist,NR3C1,0.0341,0.6893679245283019,0.9659,0.9970087475149105
icariin,-0.14929430186748505,-0.14929430186748505,-0.14977648854255676,-0.14881211519241333,0.0004821866750717163,2,2,1.0,,,0.1303,0.7653252873563218,0.8697,0.9970087475149105
geldanamycin,-0.14752328395843506,-0.11547336253252896,-0.28971990942955017,0.1352837085723877,0.12439559822274777,11,11,0.8181818181818182,HSP inhibitor,HSP90AA1,0.023,0.6893679245283019,0.9772,0.9970087475149105
resorcinol,-0.14690136909484863,-0.08818485055650983,-0.24200555682182312,0.16651344299316406,0.1357568431850576,7,7,0.7142857142857143,,,0.0582,0.6893679245283019,0.942,0.9970087475149105
ozagrel,-0.14682024717330933,-0.11463257244655065,-0.2240518033504486,0.08477538824081421,0.09053038607644204,7,7,0.8571428571428571,Thromboxane synthase inhibitor,TBXAS1,0.0582,0.6893679245283019,0.9418,0.9970087475149105
forskolin,-0.14668503403663635,-0.06889534913576566,-0.19715732336044312,0.2485489547252655,0.14705702313421043,13,13,0.7692307692307693,Adenylyl cyclase activator,ADCY2,0.0199,0.6893679245283019,0.9802,0.9970087475149105
paroxetine,-0.1454322636127472,-0.11209803260862827,-0.20748615264892578,0.11757338047027588,0.09574361820117674,8,8,0.875,Selective serotonin reuptake inhibitor,SLC6A4,0.0439,0.6893679245283019,0.9561,0.9970087475149105
voriconazole,-0.1452520191669464,-0.1860098789135615,-0.30671823024749756,-0.11372485756874084,0.07657716662770159,6,6,1.0,Cytochrome P450 inhibitor,CYP2C19,0.0674,0.6893679245283019,0.9326,0.9970087475149105
resveratrol,-0.14437776803970337,-0.07672031901099464,-0.2974799871444702,0.21820247173309326,0.16140846642080994,11,11,0.7272727272727273,SIRT activator,SIRT1,0.0282,0.6893679245283019,0.9718,0.9970087475149105
ribavirin,-0.14433719217777252,-0.12402810156345367,-0.25627297163009644,0.11019182205200195,0.116465496019521,6,6,0.8333333333333334,Antiviral,IMPDH1,0.0703,0.6893679245283019,0.9297,0.9970087475149105
guanadrel,-0.1437964141368866,-0.1437964141368866,-0.19491314888000488,-0.09267967939376831,0.051116734743118286,2,2,1.0,Adrenergic inhibitor,SLC6A2,0.1472,0.769080808080808,0.8528,0.9970087475149105
BIX-02188,-0.14370179176330566,-0.14370179176330566,-0.15119153261184692,-0.1362120509147644,0.00748974084854126,2,2,1.0,,,0.1475,0.769080808080808,0.8525,0.9970087475149105
sulbactam,-0.143350288271904,-0.143350288271904,-0.143350288271904,-0.143350288271904,0.0,1,1,1.0,,,0.248,0.8504499999999998,0.7521,0.9970087475149105
mitomycin-c,-0.14285908639431,-0.0933932512998581,-0.3264564871788025,0.1552022099494934,0.17294014487993647,6,6,0.6666666666666666,,,0.077,0.7019526315789474,0.923,0.9970087475149105
miglitol,-0.142561674118042,-0.08981813862919807,-0.1771937608718872,0.1030445545911789,0.11247271661348013,4,4,0.75,Glucosidase inhibitor,GAA,0.1092,0.7306083333333333,0.8909,0.9970087475149105
NVP-AUY922,-0.14247150719165802,-0.10485614910721779,-0.2545515298843384,0.13537386059761047,0.13182766771606302,10,10,0.8,HSP inhibitor,HSP90AA1,0.0373,0.6893679245283019,0.9627,0.9970087475149105
halcinonide,-0.14105648547410965,-0.08054834355910619,-0.20087063312530518,0.09488785266876221,0.12561815781527413,6,6,0.6666666666666666,Glucocorticoid receptor agonist,NR3C1,0.0838,0.7136966666666668,0.9162,0.9970087475149105
minoxidil,-0.14103400707244873,-0.08865596188439263,-0.33662307262420654,0.151678204536438,0.15005722567039073,9,9,0.6666666666666666,Vasodilator,ABCC9,0.0538,0.6893679245283019,0.9463,0.9970087475149105
sericetin,-0.1402723491191864,-0.16035084426403046,-0.26284337043762207,-0.09801530838012695,0.0631594798384504,4,4,1.0,,,0.1192,0.7306083333333333,0.8808,0.9970087475149105
capecitabine,-0.1399524211883545,-0.08761596928040187,-0.2699635922908783,0.12823563814163208,0.15812430149731851,6,6,0.6666666666666666,DNA synthesis inhibitor,TYMS,0.0881,0.7248338461538462,0.9119,0.9970087475149105
diltiazem,-0.1397225558757782,-0.09793810759271894,-0.25430813431739807,0.14088976383209229,0.12567362427320097,14,14,0.7857142857142857,Calcium channel blocker,CACNA1C,0.0219,0.6893679245283019,0.9781,0.9970087475149105
suloctidil,-0.13924938440322876,-0.05877617167101966,-0.21082091331481934,0.20406121015548706,0.1484527150442084,9,9,0.6666666666666666,,,0.0607,0.6893679245283019,0.9394,0.9970087475149105
mefloquine,-0.13924038410186768,-0.15057503581047058,-0.23488536477088928,-0.09289604425430298,0.046377517976759555,5,5,1.0,,,0.1216,0.7310305882352941,0.8786,0.9970087475149105
gabazine,-0.13920432329177856,-0.08316997438669205,-0.1748233437538147,0.111660897731781,0.11018476485486163,8,8,0.75,GABA receptor antagonist,GABRA1,0.0633,0.6893679245283019,0.9367,0.9970087475149105
oxymetholone,-0.1391412541270256,-0.1391412541270256,-0.15435504913330078,-0.12392745912075043,0.015213795006275177,2,2,1.0,Androgen receptor agonist,AR,0.1617,0.7857830188679246,0.8383,0.9970087475149105
lonidamine,-0.13867256045341492,-0.08457410418325001,-0.2176796793937683,0.13102063536643982,0.11621616841585365,9,9,0.7777777777777778,,,0.0649,0.6893679245283019,0.9355,0.9970087475149105
zaprinast,-0.13779833912849426,-0.14223869144916534,-0.18622466921806335,-0.09413081407546997,0.030248043226765615,6,6,1.0,Phosphodiesterase inhibitor,PDE5A,0.0961,0.7306083333333333,0.9039,0.9970087475149105
XMD-1185H,-0.1377442330121994,-0.10356730719407399,-0.21382218599319458,0.10247671604156494,0.09923174820622246,6,6,0.8333333333333334,,,0.0963,0.7306083333333333,0.9037,0.9970087475149105
NSC-693868,-0.13649597018957138,-0.04097943256298701,-0.2282969355583191,0.24764764308929443,0.16176297638099002,12,12,0.6666666666666666,CDK inhibitor,CDK5,0.0439,0.6893679245283019,0.9561,0.9970087475149105
triprolidine,-0.13585154712200165,-0.05933760851621628,-0.2104063332080841,0.202429860830307,0.14483326323440004,8,8,0.75,Histamine receptor antagonist,HRH1,0.0768,0.7019526315789474,0.9232,0.9970087475149105
ambrisentan,-0.13577494025230408,-0.13577494025230408,-0.17772549390792847,-0.09382438659667969,0.04195055365562439,2,2,1.0,Endothelin receptor antagonist,EDNRA,0.1734,0.7957,0.8266,0.9970087475149105
tunicamycin,-0.13537386059761047,-0.13537386059761047,-0.15533745288848877,-0.11541026830673218,0.019963592290878296,2,2,1.0,GLCNAC phosphotransferase inhibitor,GNPTAB,0.1744,0.7957,0.8256,0.9970087475149105
phentolamine,-0.13471591472625732,-0.12294763539518629,-0.2723880708217621,0.11025488376617432,0.11134582536508959,7,7,0.8571428571428571,Adrenergic receptor antagonist,ADRA1A,0.1043,0.7306083333333333,0.8962,0.9970087475149105
ibutilide,-0.13402192294597626,-0.13402192294597626,-0.1975899636745453,-0.07045388221740723,0.06356804072856903,2,2,1.0,Potassium channel blocker,KCNH2,0.1786,0.8005666666666666,0.8214,0.9970087475149105
memantine,-0.13342708349227905,-0.06323755780855815,-0.24835962057113647,0.1532464623451233,0.1561912195329731,6,6,0.6666666666666666,Glutamate receptor antagonist,GRIN1,0.115,0.7306083333333333,0.885,0.9970087475149105
HG-5-113-01,-0.1332603543996811,-0.09932975222667058,-0.26216742396354675,0.2013663500547409,0.1436962991073907,6,6,0.8333333333333334,,,0.1158,0.7306083333333333,0.8842,0.9970087475149105
selegiline,-0.1332017183303833,-0.12426352075168065,-0.25858932733535767,0.11566263437271118,0.11088891238726338,7,7,0.8571428571428571,Monoamine oxidase inhibitor,MAOA,0.1098,0.7306083333333333,0.8905,0.9970087475149105
cimetidine,-0.13255280256271362,-0.05785630507902666,-0.2315596044063568,0.1316245198249817,0.14911433062592722,11,11,0.5454545454545454,Histamine receptor antagonist,HRH2,0.0637,0.6893679245283019,0.9364,0.9970087475149105
AZD-1480,-0.1325257420539856,-0.0870024020021612,-0.28853917121887207,0.18669331073760986,0.149237958988225,11,11,0.7272727272727273,JAK inhibitor,JAK1,0.0638,0.6893679245283019,0.9363,0.9970087475149105
betulinic-acid,-0.13231396675109863,-0.10204261541366577,-0.20311486721038818,0.0972222089767456,0.0971770415886182,6,6,0.8333333333333334,Caspase activator,GPBAR1,0.1189,0.7306083333333333,0.8811,0.9970087475149105
tretinoin,-0.13185882568359375,-0.12331518431504568,-0.27392926812171936,0.1484065055847168,0.10962880494971965,15,15,0.8666666666666667,Retinoid receptor ligand,RARA,0.0484,0.6893679245283019,0.952,0.9970087475149105
sunitinib,-0.13174164295196533,-0.10516528785228729,-0.22135698795318604,0.2807069420814514,0.1365807524345179,10,10,0.9,KIT inhibitor,FLT1,0.0692,0.6893679245283019,0.9309,0.9970087475149105
SB-239063,-0.13128648698329926,-0.06737898538510005,-0.2188694179058075,0.13828504085540771,0.12628843936889889,12,12,0.6666666666666666,P38 MAPK inhibitor,MAPK14,0.062,0.6893679245283019,0.938,0.9970087475149105
retinol,-0.13119184970855713,-0.1361475816139808,-0.26449277997016907,0.08481144905090332,0.08641745968689067,13,13,0.9230769230769231,Retinoid receptor ligand,RXRA,0.0636,0.6893679245283019,0.9368,0.9970087475149105
equol,-0.1311558187007904,-0.09468960762023926,-0.16974911093711853,0.09647414088249207,0.08875908817093874,6,6,0.8333333333333334,Estrogen receptor agonist,ESR1,0.1251,0.7433267441860464,0.8749,0.9970087475149105
medrysone,-0.13109272718429565,-0.06079369783401489,-0.2562459409236908,0.24245619773864746,0.16646732793058655,11,11,0.6363636363636364,Glucocorticoid receptor agonist,NR3C1,0.0715,0.6893679245283019,0.9288,0.9970087475149105
doxepin,-0.13101160526275635,-0.08973249506491882,-0.25621894001960754,0.16786539554595947,0.12699978851390276,13,13,0.7692307692307693,Histamine receptor antagonist,HRH1,0.064,0.6893679245283019,0.9363,0.9970087475149105
methysergide,-0.13052040338516235,-0.10164830336968105,-0.22387158870697021,0.1471266746520996,0.10591370187636197,12,12,0.8333333333333334,Serotonin receptor antagonist,HTR1B,0.065,0.6893679245283019,0.935,0.9970087475149105
quinidine,-0.1300472617149353,-0.1070941319832435,-0.22418701648712158,0.14070045948028564,0.10499092254810842,13,13,0.8461538461538461,Sodium channel blocker,SCN5A,0.0672,0.6893679245283019,0.9328,0.9970087475149105
asenapine,-0.1299435943365097,-0.1299435943365097,-0.13730263710021973,-0.12258455157279968,0.007359042763710022,2,2,1.0,Dopamine receptor antagonist,ADRB2,0.1919,0.8222454545454546,0.8081,0.9970087475149105
PD-123319,-0.1296100914478302,-0.05291776855786642,-0.1732460856437683,0.18362897634506226,0.13462231165295852,6,6,0.6666666666666666,Angiotensin antagonist,AGTR2,0.1323,0.7681136842105264,0.8677,0.9970087475149105
rimantadine,-0.12956053018569946,-0.12956053018569946,-0.14728891849517822,-0.1118321418762207,0.01772838830947876,2,2,1.0,,,0.194,0.8222454545454546,0.8061,0.9970087475149105
orantinib,-0.1292676031589508,-0.10686941258609295,-0.2306312620639801,0.15114641189575195,0.10669510064634201,8,8,0.875,FGFR inhibitor,FGFR1,0.1092,0.7306083333333333,0.8908,0.9970087475149105
tropisetron,-0.1292450726032257,-0.09441018104553223,-0.20704448223114014,0.06597447395324707,0.09742005209126232,9,9,0.7777777777777778,Serotonin receptor antagonist,HTR3A,0.1035,0.7306083333333333,0.8966,0.9970087475149105
norgestimate,-0.12851504981517792,-0.12851504981517792,-0.12851504981517792,-0.12851504981517792,0.0,1,1,1.0,Progesterone receptor agonist,PGR,0.3107,0.8740346153846155,0.6894,0.9970087475149105
orteronel,-0.1284429430961609,-0.07140476380785306,-0.212704598903656,0.12018711119890213,0.13013196325726203,6,6,0.6666666666666666,Cytochrome P450 inhibitor,CYP17A1,0.1393,0.7681136842105264,0.8608,0.9970087475149105
hesperidin,-0.12794721126556396,-0.08822282403707504,-0.30009371042251587,0.10767722129821777,0.14617946743565194,6,6,0.6666666666666666,,,0.1415,0.7681136842105264,0.8585,0.9970087475149105
QL-X-138,-0.1278255432844162,-0.09719968338807423,-0.19692301750183105,0.14513486623764038,0.11376627656306397,6,6,0.8333333333333334,,,0.1425,0.7681136842105264,0.8575,0.9970087475149105
oxantel,-0.12782105430960655,-0.12782105430960655,-0.18149292469024658,-0.07414918392896652,0.05367187038064003,2,2,1.0,,,0.2006,0.82782,0.7994,0.9970087475149105
naltrexone,-0.12778496742248535,-0.06573413643572065,-0.20755821466445923,0.16256576776504517,0.12866953858169888,9,9,0.6666666666666666,Opioid receptor antagonist,OPRD1,0.1104,0.7306083333333333,0.8899,0.9970087475149105
tranylcypromine,-0.1277129054069519,-0.046135778938020976,-0.26823312044143677,0.2033131718635559,0.17278740350331326,7,7,0.5714285714285714,Monoamine oxidase inhibitor,KDM1A,0.1428,0.7681136842105264,0.8575,0.9970087475149105
tubocurarine,-0.12697380781173706,-0.08331940390846947,-0.2991473972797394,0.13681596517562866,0.13359624102072537,11,11,0.7272727272727273,Acetylcholine receptor antagonist,CHRNA2,0.0909,0.7248338461538462,0.9093,0.9970087475149105
ceforanide,-0.12632490694522858,-0.12632490694522858,-0.14904645085334778,-0.10360336303710938,0.0227215439081192,2,2,1.0,,,0.2051,0.8302817518248174,0.795,0.9970087475149105
exemestane,-0.12630683183670044,-0.14100492000579834,-0.2911168932914734,0.08143162727355957,0.10259307819340473,9,9,0.8888888888888888,Aromatase inhibitor,CYP19A1,0.1187,0.7306083333333333,0.8816,0.9970087475149105
guggulsterone,-0.12571203708648682,-0.05422541002432505,-0.24446606636047363,0.2297029197216034,0.15948991091643488,12,12,0.5833333333333334,IKK inhibitor,NR3C1,0.0899,0.7248338461538462,0.9101,0.9970087475149105
enalapril,-0.1254596710205078,-0.03771772342068808,-0.19683286547660828,0.1904156655073166,0.15776815322961985,7,7,0.5714285714285714,Angiotensin converting enzyme inhibitor,ACE,0.1543,0.7857830188679246,0.8459,0.9970087475149105
guanaben-acetate,-0.12543261051177979,-0.10476216673851013,-0.20982947945594788,0.09916901588439941,0.09160633130132435,7,7,0.8571428571428571,Adrenergic receptor agonist,ADRA2A,0.1557,0.7857830188679246,0.845,0.9970087475149105
trifluridine,-0.1247701644897461,-0.1401687152683735,-0.19730150699615479,-0.11383302509784698,0.03368976480265324,4,4,1.0,Thymidylate synthase inhibitor,TYMS,0.1907,0.8222454545454546,0.8094,0.9970087475149105
gestrinone,-0.12468002736568451,-0.06651674459377925,-0.1964002549648285,0.1294613778591156,0.1290610931114409,6,6,0.6666666666666666,Progesterone receptor antagonist,ESR1,0.163,0.7857830188679246,0.837,0.9970087475149105
testosterone,-0.12354892492294312,-0.07338472523472526,-0.2726404070854187,0.24254631996154785,0.15208637040105355,11,11,0.8181818181818182,,,0.1097,0.7306083333333333,0.8907,0.9970087475149105
alclometasone,-0.12315237522125244,-0.12315237522125244,-0.12391847372055054,-0.12238627672195435,0.0007660984992980957,2,2,1.0,Glucocorticoid receptor agonist,NR3C1,0.2167,0.8302817518248174,0.7833,0.9970087475149105
SU-11274,-0.12275576591491699,-0.09648058244160243,-0.20448482036590576,0.1356622725725174,0.10035053642040777,7,7,0.8571428571428571,Tyrosine kinase inhibitor,MET,0.1715,0.7957,0.8287,0.9970087475149105
fluphenazine,-0.12267464399337769,-0.03291813532511393,-0.1612679362297058,0.2814369797706604,0.1499353426706006,9,9,0.6666666666666666,Dopamine receptor antagonist,DRD1,0.1377,0.7681136842105264,0.8629,0.9970087475149105
nifedipine,-0.12256652116775513,-0.09872995849166598,-0.21528229117393494,0.16006921231746674,0.1143015531432642,7,7,0.8571428571428571,Calcium channel blocker,CACNA1C,0.1733,0.7957,0.8271,0.9970087475149105
AZD-7762,-0.12195363640785217,-0.07684261861600374,-0.3187324106693268,0.19556203484535217,0.16795012429751555,19,19,0.6842105263157895,CHK inhibitor,CHEK1,0.0715,0.6893679245283019,0.9285,0.9970087475149105
linsitinib,-0.1218184381723404,-0.13443569771268152,-0.24373602867126465,0.09317541867494583,0.09499182446067635,11,11,0.9090909090909091,IGF-1 inhibitor,IGF1R,0.1165,0.7306083333333333,0.8838,0.9970087475149105
ibrutinib,-0.12175533175468445,-0.06611867408667292,-0.2042594999074936,0.1266132891178131,0.11168990764873905,14,14,0.7142857142857143,BTK inhibitor,BTK,0.0884,0.7248338461538462,0.9116,0.9970087475149105
varenicline,-0.12117403000593185,-0.05163343499104182,-0.22169944643974304,0.20547625422477722,0.1612357792192551,6,6,0.6666666666666666,Acetylcholine receptor agonist,CHRNA4,0.1845,0.8198217391304348,0.8155,0.9970087475149105
tetrabenazine,-0.12099376320838928,-0.12099376320838928,-0.1492987871170044,-0.09268873929977417,0.028305023908615112,2,2,1.0,Vesicular monoamine transporter inhibitor,SLC18A2,0.225,0.8331521739130435,0.775,0.9970087475149105
VX-222,-0.12058365345001221,-0.08384166657924652,-0.16096147894859314,0.10510849952697754,0.09763140389558904,5,5,0.8,,,0.2165,0.8302817518248174,0.7839,0.9970087475149105
P-1075,-0.12030880153179169,-0.08117811568081379,-0.19787836074829102,0.11545531451702118,0.10791818396866132,8,8,0.75,ATP channel activator,KCNJ11,0.1625,0.7857830188679246,0.8375,0.9970087475149105
ramipril,-0.11924076080322266,-0.038816019892692566,-0.15766280889511108,0.19965390861034393,0.14777348822889835,7,7,0.7142857142857143,Angiotensin converting enzyme inhibitor,ACE,0.1947,0.8222454545454546,0.8056,0.9970087475149105
mirtazapine,-0.11869096755981445,-0.06006329719509397,-0.1983470320701599,0.15041637420654297,0.12069694435822216,7,7,0.7142857142857143,Serotonin receptor antagonist,ADRA2A,0.1999,0.82782,0.8012,0.9970087475149105
vinorelbine,-0.1185692846775055,-0.08620522703443255,-0.25651633739471436,0.12628883123397827,0.11085568369529805,14,14,0.7857142857142857,Tubulin inhibitor,TUBB,0.1094,0.7306083333333333,0.8906,0.9970087475149105
nicardipine,-0.11837548017501831,-0.04131816824277242,-0.16973108053207397,0.16415205597877502,0.14679432142343052,3,3,0.6666666666666666,Calcium channel blocker,CACNA1C,0.2837,0.8740346153846155,0.7171,0.9970087475149105
huperzine-a,-0.11830341815948486,-0.04850546518961588,-0.18827956914901733,0.2628163695335388,0.14611390158612772,9,9,0.6666666666666666,Glutamate receptor antagonist,ACHE,0.1707,0.7957,0.8303,0.9970087475149105
azithromycin,-0.11815017461776733,-0.07474702596664429,-0.16465681791305542,0.1767250895500183,0.11557690634656491,6,6,0.8333333333333334,,,0.2023,0.82782,0.7977,0.9970087475149105
estradiol,-0.11808709800243378,-0.06669897414170779,-0.22790032625198364,0.15985289216041565,0.13358505805095738,13,13,0.6923076923076923,Estrogen receptor agonist,ESR1,0.1342,0.7681136842105264,0.8663,0.9970087475149105
QL-XII-47,-0.11765448749065399,-0.10917934775352478,-0.2246827781200409,0.10428833961486816,0.10969570855320085,6,6,0.8333333333333334,,,0.2069,0.8302817518248174,0.7931,0.9970087475149105
vinpocetine,-0.11673063784837723,-0.04155776649713516,-0.20146551728248596,0.15678852796554565,0.13976260150868783,12,12,0.5833333333333334,Sodium channel blocker,PDE1A,0.148,0.769080808080808,0.852,0.9970087475149105
pravastatin,-0.11662250757217407,-0.079918942724665,-0.17218255996704102,0.1511554718017578,0.10280892606348423,12,12,0.8333333333333334,HMGCR inhibitor,HMGCR,0.149,0.769080808080808,0.851,0.9970087475149105
ketoconazole,-0.11569869518280029,-0.08696424535342626,-0.19165945053100586,0.14161977171897888,0.1014424482239487,7,7,0.8571428571428571,Sterol demethylase inhibitor,CYP19A1,0.2181,0.8302817518248174,0.7821,0.9970087475149105
dorzolamide,-0.11565810441970825,-0.11565810441970825,-0.13848328590393066,-0.09283292293548584,0.022825181484222412,2,2,1.0,Carbonic anhydrase inhibitor,CA1,0.2419,0.8504499999999998,0.7581,0.9970087475149105
flunarizine,-0.11556350439786911,-0.06641911653180917,-0.235399067401886,0.13924038410186768,0.13165933348739614,12,12,0.6666666666666666,Calcium channel blocker,CACNA1H,0.1591,0.7857830188679246,0.8409,0.9970087475149105
YM-298198,-0.1149551272392273,-0.10154278390109539,-0.18190747499465942,0.07379764318466187,0.0780915825338274,8,8,0.875,Glutamate receptor antagonist,GRM1,0.2025,0.82782,0.7975,0.9970087475149105
GBR-12783,-0.11476583778858185,-0.031651824712753296,-0.1703619658946991,0.2914143204689026,0.1515246788487576,12,12,0.6666666666666666,,,0.1652,0.7889457943925234,0.8348,0.9970087475149105
griseofulvin,-0.11452704668045044,-0.059289478829928806,-0.17640960216522217,0.13224636018276215,0.11778476882186266,7,7,0.7142857142857143,,,0.2286,0.834995744680851,0.7718,0.9970087475149105
formoterol,-0.11447292566299438,-0.13989704634462083,-0.23989653587341309,-0.10335099697113037,0.045503382119186926,7,7,1.0,Adrenergic receptor agonist,ADRB2,0.2304,0.834995744680851,0.7701,0.9970087475149105
L-689560,-0.1144639179110527,-0.09868394854393872,-0.24648499488830566,0.15303915739059448,0.11422361935128031,11,11,0.8181818181818182,,,0.1776,0.8005666666666666,0.8228,0.9970087475149105
ZD-7114,-0.11440983787178993,-0.05977359786629677,-0.22781921923160553,0.14826229214668274,0.1425388888459005,6,6,0.6666666666666666,Adrenergic receptor agonist,ADRB3,0.2291,0.834995744680851,0.7709,0.9970087475149105
nimodipine,-0.11420705914497375,-0.08332770690321922,-0.18899166584014893,0.06817364692687988,0.09239207533641994,8,8,0.75,Calcium channel blocker,NR3C2,0.2088,0.8302817518248174,0.7912,0.9970087475149105
amsacrine,-0.11406735330820084,-0.08208440882819039,-0.29151344299316406,0.15798723697662354,0.1403826261370958,7,7,0.7142857142857143,Topoisomerase inhibitor,TOP2A,0.2369,0.8504499999999998,0.7636,0.9970087475149105
caffeic-acid,-0.11346347630023956,-0.06486847145216805,-0.17010058462619781,0.10679394006729126,0.10458661765095269,7,7,0.7142857142857143,Lipoxygenase inhibitor,ALOX5,0.2431,0.8504499999999998,0.7572,0.9970087475149105
biotin,-0.11344544589519501,-0.11344544589519501,-0.14355754852294922,-0.0833333432674408,0.03011210262775421,2,2,1.0,,,0.2482,0.8504499999999998,0.7518,0.9970087475149105
tanespimycin,-0.11341843008995056,-0.09053180092259457,-0.30384311079978943,0.17126324772834778,0.14431728287357196,19,19,0.7368421052631579,HSP inhibitor,HSP90AA1,0.14,0.7681136842105264,0.8604,0.9970087475149105
losartan,-0.1129406988620758,-0.018375515937805176,-0.20804491639137268,0.24178922176361084,0.16623236714575332,5,5,0.6,Angiotensin receptor antagonist,AGTR1,0.2754,0.8740346153846155,0.7252,0.9970087475149105
Y-27632,-0.11280554533004761,-0.07979726956950293,-0.2849430441856384,0.32179680466651917,0.17585590844417,9,9,0.7777777777777778,Rho associated kinase inhibitor,ROCK1,0.2203,0.8302817518248174,0.7804,0.9970087475149105
pemetrexed,-0.11233684420585632,-0.11233684420585632,-0.11968237161636353,-0.10499131679534912,0.007345527410507202,2,2,1.0,Thymidylate synthase inhibitor,DHFR,0.2515,0.8504499999999998,0.7485,0.9970087475149105
nateglinide,-0.11196732521057129,-0.054616913199424744,-0.21149682998657227,0.17750917375087738,0.13806287578394041,7,7,0.7142857142857143,Insulin secretagogue,KCNJ11,0.2559,0.8504499999999998,0.7448,0.9970087475149105
CHIR-99021,-0.1118321493268013,-0.1118321493268013,-0.1118321493268013,-0.1118321493268013,0.0,1,1,1.0,,,0.3843,0.9366,0.6161,0.9970087475149105
NCS-382,-0.1117645651102066,-0.047341045613090195,-0.24847683310508728,0.22452950477600098,0.1597138218673706,12,12,0.5833333333333334,GABA receptor antagonist,GABBR1,0.1919,0.8222454545454546,0.8082,0.9970087475149105
fenretinide,-0.11171046644449234,-0.05047603572408358,-0.22717930376529694,0.1834486722946167,0.14376135287081332,12,12,0.6666666666666666,Apoptosis stimulant,RARA,0.1926,0.8222454545454546,0.8074,0.9970087475149105
prednicarbate,-0.11105701327323914,-0.11105701327323914,-0.15315628051757812,-0.06895774602890015,0.04209926724433899,2,2,1.0,Phospholipase activator,NR3C1,0.2563,0.8504499999999998,0.7437,0.9970087475149105
JW-7-24-1,-0.11099392175674438,-0.046322739124298094,-0.19875264167785645,0.10472995042800903,0.12083438201950715,5,5,0.6,,,0.2936,0.8740346153846155,0.7071,0.9970087475149105
IB-MECA,-0.11082267761230469,-0.05514497392707401,-0.1924436092376709,0.13042578101158142,0.11316659062383562,9,9,0.6666666666666666,Adenosine receptor agonist,ADORA3,0.2405,0.8504499999999998,0.7598,0.9970087475149105
clobetasol,-0.1108136773109436,-0.05782681974497708,-0.25905799865722656,0.11398625373840332,0.13283981624625174,11,11,0.6363636363636364,Glucocorticoid receptor agonist,NR3C1,0.2194,0.8302817518248174,0.7813,0.9970087475149105
rilmenidine,-0.11063341796398163,-0.03899614065885544,-0.1973285973072052,0.15723015367984772,0.13240997460249151,10,10,0.6,Adrenergic receptor agonist,NISCH,0.2219,0.8302817518248174,0.7781,0.9970087475149105
GSK-690693,-0.11034952104091644,-0.05349611242612203,-0.1806817352771759,0.11322009563446045,0.12024195609688333,6,6,0.6666666666666666,Akt inhibitor,AKT3,0.2604,0.85848,0.7396,0.9970087475149105
methotrexate,-0.11002957820892334,-0.07642646630605061,-0.2261698842048645,0.10692006349563599,0.13804372534804152,3,3,0.6666666666666666,Dihydrofolate reductase inhibitor,DHFR,0.3426,0.9262888888888889,0.6576,0.9970087475149105
pinacidil,-0.10989437997341156,-0.07159401600559552,-0.17948301136493683,0.22705313563346863,0.11706999727971443,12,12,0.8333333333333334,ATP channel activator,ABCC9,0.2101,0.8302817518248174,0.7899,0.9970087475149105
estrone,-0.10956990718841553,-0.028555893235736422,-0.30332034826278687,0.22989222407341003,0.17670937329949465,9,9,0.5555555555555556,Estrogen receptor agonist,ESR1,0.2551,0.8504499999999998,0.7457,0.9970087475149105
naproxen,-0.10939866304397583,-0.042198438729558675,-0.22023938596248627,0.1833134889602661,0.1444475652607829,7,7,0.5714285714285714,Cyclooxygenase inhibitor,PTGS1,0.2825,0.8740346153846155,0.7185,0.9970087475149105
SN-38,-0.10898855328559875,-0.02670523275931676,-0.17845553159713745,0.2726404368877411,0.16713398482906383,6,6,0.6666666666666666,Topoisomerase inhibitor,TOP1,0.2707,0.8740346153846155,0.7293,0.9970087475149105
afatinib,-0.10895702242851257,-0.060885187652375966,-0.3004181981086731,0.24680939316749573,0.18074409628303126,9,9,0.6666666666666666,EGFR inhibitor,EGFR,0.2627,0.858935668789809,0.7378,0.9970087475149105
paclitaxel,-0.10873623564839363,-0.09144946622351806,-0.250639945268631,0.1721014678478241,0.13839379984216163,12,12,0.75,Tubulin inhibitor,TUBB,0.2226,0.8302817518248174,0.7774,0.9970087475149105
prothionamide,-0.1079205572605133,-0.1079205572605133,-0.1079205572605133,-0.1079205572605133,0.0,1,1,1.0,,,0.4041,0.937365625,0.5959,0.9970087475149105
naringenin,-0.10772225260734558,-0.02186144994837897,-0.1867924928665161,0.1603846549987793,0.12753517909836665,7,7,0.5714285714285714,TRPV antagonist,CYP19A1,0.2982,0.8740346153846155,0.7025,0.9970087475149105
danazol,-0.10768622159957886,-0.05996703585753074,-0.20908141136169434,0.1543099284172058,0.11599951354095497,13,13,0.6923076923076923,Estrogen receptor antagonist,ESR1,0.2458,0.8504499999999998,0.7549,0.9970087475149105
fluticasone,-0.10710936784744263,-0.058679443597793576,-0.22087931632995605,0.11480635404586792,0.1360788008913761,10,10,0.6,Glucocorticoid receptor agonist,NR3C1,0.253,0.8504499999999998,0.747,0.9970087475149105
atracurium,-0.10694718360900879,-0.06841878890991211,-0.19114571809768677,0.18252938985824585,0.1326941900073415,5,5,0.8,,,0.3277,0.8954796791443851,0.6727,0.9970087475149105
PD-0325901,-0.10679393261671066,-0.03417347314266058,-0.21859002113342285,0.2088019847869873,0.1382796895671141,13,13,0.6153846153846154,MEK inhibitor,MAP2K1,0.2532,0.8504499999999998,0.7472,0.9970087475149105
reboxetine,-0.10651454329490662,-0.055386896644319804,-0.16149327158927917,0.13994339108467102,0.1166291284240869,7,7,0.7142857142857143,Adrenergic receptor antagonist,SLC6A2,0.3079,0.8740346153846155,0.6928,0.9970087475149105
budesonide,-0.10649649798870087,-0.08532519141832988,-0.2520369291305542,0.13768114149570465,0.12193158132476599,9,9,0.7777777777777778,Glucocorticoid receptor agonist,NR3C1,0.2821,0.8740346153846155,0.7184,0.9970087475149105
penitrem-a,-0.10644245147705078,-0.10644245147705078,-0.10644245147705078,-0.10644245147705078,0.0,1,1,1.0,Potassium channel blocker,KCNMA1,0.4109,0.937365625,0.5897,0.9970087475149105
SB-590885,-0.1061810553073883,-0.0805999596010555,-0.22232133150100708,0.22902697324752808,0.1265178751048004,11,11,0.8181818181818182,RAF inhibitor,BRAF,0.2639,0.858935668789809,0.7371,0.9970087475149105
acadesine,-0.10617655515670776,-0.13454017788171768,-0.2581026256084442,-0.06770497560501099,0.07310291962907986,4,4,1.0,,,0.2989,0.8740346153846155,0.7011,0.9970087475149105
alimemazine,-0.10564029216766357,-0.10564029216766357,-0.10564029216766357,-0.10564029216766357,0.0,1,1,1.0,Histamine receptor ligand,HRH1,0.4144,0.9399234513274337,0.5859,0.9970087475149105
cyclopiazonic-acid,-0.10521667450666428,-0.034991959375994544,-0.1984371542930603,0.13124597072601318,0.12790285021257797,7,7,0.5714285714285714,ATPase inhibitor,ATP2A1,0.3179,0.8780913513513513,0.6826,0.9970087475149105
hyoscyamine,-0.10495530068874359,-0.03613049164414406,-0.15358895063400269,0.12875837087631226,0.11701054875362962,8,8,0.625,,,0.2902,0.8740346153846155,0.7098,0.9970087475149105
beclomethasone-dipropionate,-0.10424776375293732,-0.06672854721546173,-0.18969464302062988,0.10939866304397583,0.109941236506598,6,6,0.6666666666666666,Immunosuppressant,NR3C1,0.3059,0.8740346153846155,0.6941,0.9970087475149105
BH3I-1,-0.10376559942960739,-0.09303574077785015,-0.22369134426116943,0.17009153962135315,0.11112223567083492,8,8,0.875,BCL inhibitor,BCL2L1,0.3025,0.8740346153846155,0.6975,0.9970087475149105
ranitidine,-0.10368896275758743,-0.07578427034119765,-0.27045029401779175,0.1740572452545166,0.13694456949264153,12,12,0.75,Histamine receptor antagonist,HRH2,0.2765,0.8740346153846155,0.7235,0.9970087475149105
HG-6-64-01,-0.10338255763053894,-0.057525774091482164,-0.16826194524765015,0.12094420194625854,0.09760345488806407,10,10,0.7,,,0.2903,0.8740346153846155,0.7098,0.9970087475149105
WH-4023,-0.10292741656303406,-0.10292741656303406,-0.10292741656303406,-0.10292741656303406,0.0,1,1,1.0,,,0.4297,0.9488741379310345,0.5705,0.9970087475149105
TTNPB,-0.1024632379412651,-0.06338401883840561,-0.20869383215904236,0.19900497794151306,0.13097650287917476,12,12,0.75,Retinoid receptor agonist,RARB,0.2899,0.8740346153846155,0.7101,0.9970087475149105
warfarin,-0.10242718458175659,-0.06251239217817783,-0.21401143074035645,0.1472528725862503,0.11716683970594782,8,8,0.75,Vitamin K antagonist,VKORC1,0.3145,0.8780913513513513,0.6855,0.9970087475149105
etomoxir,-0.10204413533210754,-0.10740568116307259,-0.15296703577041626,-0.06866931915283203,0.027371699524440615,8,8,1.0,Carnitine palmitoyltransferase inhibitor,CPT1A,0.3177,0.8780913513513513,0.6823,0.9970087475149105
glimepiride,-0.10170614346861839,-0.02073149010539055,-0.17433667182922363,0.1897667646408081,0.14170218811670404,10,10,0.6,Insulin secretagogue,KCNJ11,0.3089,0.8740346153846155,0.6912,0.9970087475149105
GDC-0068,-0.10156195610761642,-0.0894422933459282,-0.2891520857810974,0.09389644861221313,0.10760745743495909,10,10,0.8,Akt inhibitor,AKT3,0.31,0.8740346153846155,0.69,0.9970087475149105
flumetasone,-0.10145828500390053,-0.10027129501104355,-0.20643162727355957,0.1726962924003601,0.09987490063791016,10,10,0.9,Glucocorticoid receptor agonist,NR3C1,0.3113,0.8740346153846155,0.6887,0.9970087475149105
betamethasone,-0.10136814415454865,-0.049672370155652366,-0.1925787329673767,0.14935290813446045,0.11719073397859694,12,12,0.6666666666666666,Glucocorticoid receptor agonist,NR3C1,0.3037,0.8740346153846155,0.6963,0.9970087475149105
estriol,-0.10080936551094055,-0.012465552068673648,-0.17514781653881073,0.19985216856002808,0.13819392672164296,13,13,0.5384615384615384,Estrogen receptor agonist,ESR1,0.3267,0.8954796791443851,0.6738,0.9970087475149105
SB-203580,-0.10062910616397858,-0.0657845666365964,-0.28008508682250977,0.2164449393749237,0.13548009338357603,14,14,0.7142857142857143,P38 MAPK inhibitor,MAPK14,0.2921,0.8740346153846155,0.7079,0.9970087475149105
estropipate,-0.10034069418907166,-0.05251707695424557,-0.2250252068042755,0.28772804141044617,0.15685016505842717,8,8,0.75,,,0.332,0.902404255319149,0.668,0.9970087475149105
fluocinolone-acetonide,-0.0997278094291687,-0.027154592531067983,-0.1811053305864334,0.13295841217041016,0.1317454884289583,7,7,0.5714285714285714,Corticosteroid agonist,NR3C1,0.3742,0.9366,0.6266,0.9970087475149105
ritodrine,-0.0996466875076294,-0.04442461686474936,-0.13885283470153809,0.17160570621490479,0.11355763886899431,7,7,0.7142857142857143,Adrenergic receptor agonist,ADRB2,0.375,0.9366,0.6253,0.9970087475149105
brucine,-0.09944838285446167,-0.02579879334994725,-0.15688766539096832,0.14040309190750122,0.1218824497430383,7,7,0.5714285714285714,,,0.3769,0.9366,0.6233,0.9970087475149105
salubrinal,-0.09938080608844757,-0.09938080608844757,-0.12910085916519165,-0.06966075301170349,0.02972005307674408,2,2,1.0,Eukaryotic translation initiation factor inhibitor,EIF2S1,0.2888,0.8740346153846155,0.7112,0.9970087475149105
benzamil,-0.0988805890083313,-0.0485592857003212,-0.2163097858428955,0.13687901198863983,0.1227992680064198,8,8,0.625,Sodium channel blocker,SCNN1A,0.3447,0.9270615789473685,0.6554,0.9970087475149105
triciribine,-0.09869134426116943,-0.04081044059533339,-0.2278733253479004,0.2037908285856247,0.1284251082707955,13,13,0.6923076923076923,Akt inhibitor,AKT3,0.349,0.9337120418848167,0.6518,0.9970087475149105
alprostadil,-0.09856510162353516,-0.09534031450748444,-0.12210685014724731,-0.06730838119983673,0.017786685662611282,5,5,1.0,Prostanoid receptor agonist,PTGER1,0.3955,0.9366,0.6052,0.9970087475149105
OMDM-2,-0.0981956273317337,-0.0981956273317337,-0.12738844752311707,-0.06900280714035034,0.029192820191383362,2,2,1.0,,,0.2918,0.8740346153846155,0.7082,0.9970087475149105
carbenoxolone,-0.09762781858444214,-0.045078471302986145,-0.18826162815093994,0.26302361488342285,0.14041147712930163,11,11,0.7272727272727273,11-beta-HSD1 inhibitor,HSD11B1,0.3631,0.9366,0.6376,0.9970087475149105
capsaicin,-0.09743854403495789,-0.038629304085459025,-0.1807718276977539,0.13082236051559448,0.1272741365436792,7,7,0.5714285714285714,TRPV agonist,TRPV1,0.3943,0.9366,0.6064,0.9970087475149105
erythromycin,-0.0970149040222168,-0.10316773255666097,-0.11953818798065186,-0.09295010566711426,0.011694001439728704,3,3,1.0,NFKB pathway inhibitor,MLNR,0.4284,0.9488741379310345,0.5723,0.9970087475149105
itraconazole,-0.09668147563934326,-0.03105849027633667,-0.22101449966430664,0.21009084582328796,0.1686492786080097,5,5,0.6,,,0.4076,0.937365625,0.5928,0.9970087475149105
vinblastine,-0.0965912938117981,-0.05766804401691143,-0.18057358264923096,0.23493042588233948,0.12479068689198997,13,13,0.7692307692307693,Tubulin inhibitor,TUBB,0.3679,0.9366,0.633,0.9970087475149105
tranilast,-0.09648317098617554,-0.009482869080134801,-0.1907130479812622,0.21226292848587036,0.17001839829886767,7,7,0.5714285714285714,,,0.4008,0.9366,0.5996,0.9970087475149105
azacitidine,-0.09629839658737183,-0.038364181915918984,-0.23777848482131958,0.19951871037483215,0.1453385213966197,12,12,0.6666666666666666,DNA methyltransferase inhibitor,DNMT1,0.3646,0.9366,0.6354,0.9970087475149105
indirubin,-0.09614968672394753,-0.07710090279579163,-0.2148316502571106,0.1271270513534546,0.12241626093814208,8,8,0.75,CDK inhibitor,CDK5,0.3701,0.9366,0.6299,0.9970087475149105
CD-1530,-0.09595143795013428,-0.1217974325021108,-0.17492249608039856,-0.09451836347579956,0.03756964830604695,3,3,1.0,Retinoid receptor agonist,RARG,0.4363,0.9568639484978542,0.5639,0.9970087475149105
veliparib,-0.09587478637695312,-0.052988377710183464,-0.24693560600280762,0.15398553013801575,0.146416993358329,12,12,0.6666666666666666,PARP inhibitor,PARP2,0.3704,0.9366,0.6297,0.9970087475149105
thioperamide,-0.09586125612258911,-0.06924861398610202,-0.2871331572532654,0.15215587615966797,0.13352024283477879,11,11,0.7272727272727273,Histamine receptor antagonist,HRH3,0.3813,0.9366,0.6202,0.9970087475149105
manumycin-a,-0.09544217586517334,-0.03145826714379447,-0.2123621106147766,0.17073148488998413,0.14046246747298813,14,14,0.5714285714285714,NFKB pathway inhibitor,FNTA,0.3524,0.9366,0.6478,0.9970087475149105
scopolamine,-0.0953340232372284,-0.04219918449719747,-0.24275365471839905,0.18507099151611328,0.13560371473175245,12,12,0.6666666666666666,Acetylcholine receptor antagonist,CHRM1,0.3754,0.9366,0.6246,0.9970087475149105
montelukast,-0.09488339722156525,-0.02460073431332906,-0.15258848667144775,0.22697198390960693,0.13744830478867667,6,6,0.6666666666666666,Leukotriene receptor antagonist,CYSLTR1,0.3748,0.9366,0.6252,0.9970087475149105
tofacitinib,-0.09464003145694733,-0.05616505444049835,-0.16805464029312134,0.17173191905021667,0.1236989576267592,8,8,0.75,JAK inhibitor,JAK1,0.3832,0.9366,0.6168,0.9970087475149105
pregnenolone,-0.09454087913036346,-0.0417986453643867,-0.19366031885147095,0.14095282554626465,0.11191004477706329,14,14,0.6428571428571429,,,0.3644,0.9366,0.6357,0.9970087475149105
tramadol,-0.09450030326843262,-0.0169552829530504,-0.2355162799358368,0.18635085225105286,0.147525634477651,9,9,0.5555555555555556,Opioid receptor agonist,OPRM1,0.4071,0.937365625,0.5949,0.9970087475149105
cilomilast,-0.09416685998439789,-0.06172790129979452,-0.25149616599082947,0.13937559723854065,0.1504248331048579,6,6,0.6666666666666666,Phosphodiesterase inhibitor,PDE4A,0.3795,0.9366,0.6205,0.9970087475149105
cinanserin,-0.09393703192472458,-0.04431646876037121,-0.25584036111831665,0.22174453735351562,0.15608102441556201,8,8,0.625,,,0.3891,0.9366,0.6109,0.9970087475149105
floxuridine,-0.0934908539056778,-0.020773597061634064,-0.15215587615966797,0.16431432962417603,0.12582958332743688,8,8,0.625,,,0.3923,0.9366,0.6077,0.9970087475149105
L-655708,-0.09346833825111389,-0.09346833825111389,-0.09989005327224731,-0.08704662322998047,0.006421715021133423,2,2,1.0,GABA receptor inverse agonist,GABRA5,0.3009,0.8740346153846155,0.6991,0.9970087475149105
alvespimycin,-0.09331062436103821,-0.07651955315044948,-0.2752360999584198,0.1599520742893219,0.14507778743928312,7,7,0.7142857142857143,HSP inhibitor,HSP90AA1,0.4274,0.9488741379310345,0.5735,0.9970087475149105
EX-527,-0.09326103329658508,-0.051146745681762695,-0.22087931632995605,0.17795079946517944,0.15734216648662105,12,12,0.5833333333333334,SIRT inhibitor,SIRT1,0.3984,0.9366,0.6016,0.9970087475149105
levonorgestrel,-0.09312134981155396,-0.04268255191189902,-0.2218797206878662,0.14792883396148682,0.14183553863716772,7,7,0.5714285714285714,Estrogen receptor agonist,PGR,0.429,0.9488741379310345,0.5714,0.9970087475149105
nadolol,-0.0930943489074707,-0.04199713634120093,-0.17629241943359375,0.14645075798034668,0.11002442649356027,9,9,0.6666666666666666,Adrenergic receptor antagonist,ADRB1,0.4157,0.9399234513274337,0.5849,0.9970087475149105
cycloheximide,-0.0916161835193634,-0.04716711491346359,-0.18931615352630615,0.15682455897331238,0.1196971986280443,14,14,0.7142857142857143,Protein synthesis inhibitor,RPL3,0.399,0.9366,0.601,0.9970087475149105
brivanib,-0.09139987826347351,-0.06414147466421127,-0.26612406969070435,0.15504902601242065,0.128475830644389,8,8,0.75,FGFR inhibitor,FGFR1,0.4108,0.937365625,0.5892,0.9970087475149105
perindopril,-0.09081405401229858,-0.09081405401229858,-0.09081405401229858,-0.09081405401229858,0.0,1,1,1.0,Angiotensin converting enzyme inhibitor,ACE,0.484,0.9836245059288538,0.5162,0.9970087475149105
AZD-7545,-0.09057068824768066,-0.032162549595038094,-0.19786033034324646,0.19437235593795776,0.14079829269142863,6,6,0.6666666666666666,,,0.4014,0.9366,0.5986,0.9970087475149105
oxandrolone,-0.09044903516769409,-0.09044903516769409,-0.10858750343322754,-0.07231056690216064,0.018138468265533447,2,2,1.0,Androgen receptor agonist,AR,0.3064,0.8740346153846155,0.6936,0.9970087475149105
rifapentine,-0.08969646692276001,-0.08906296747071403,-0.24557465314865112,0.1350674033164978,0.14416218199476014,7,7,0.7142857142857143,RNA polymerase inhibitor,CYP2C8,0.4648,0.9782299180327869,0.5362,0.9970087475149105
bromocriptine,-0.08892133831977844,-0.027808974568660442,-0.16926240921020508,0.19128093123435974,0.12150645916391149,13,13,0.6153846153846154,Dopamine receptor agonist,ADRA2A,0.4711,0.9815714859437752,0.5299,0.9970087475149105
apigenin,-0.08870500326156616,-0.09561099799779746,-0.33220672607421875,0.1399974524974823,0.1404126902085811,13,13,0.7692307692307693,,,0.4735,0.9815714859437752,0.5272,0.9970087475149105
physostigmine,-0.08854278922080994,-0.04232589687619891,-0.14191719889640808,0.16463875770568848,0.10836764214357017,7,7,0.7142857142857143,Cholinesterase inhibitor,ACHE,0.4761,0.9815714859437752,0.5248,0.9970087475149105
camptothecin,-0.08846169710159302,-0.014376720413565636,-0.16476494073867798,0.18384526669979095,0.1277275914395341,8,8,0.625,Topoisomerase inhibitor,TOP1,0.4305,0.9488741379310345,0.5695,0.9970087475149105
EPZ-5676,-0.08764153718948364,-0.08560460805892944,-0.10268408060073853,-0.06648820638656616,0.014846933190488019,3,3,1.0,DOT1L inhibitor,DOT1L,0.487,0.9836245059288538,0.5132,0.9970087475149105
GW-441756,-0.08756491541862488,-0.03214604283372561,-0.28548383712768555,0.2508021295070648,0.17030202245942036,12,12,0.5833333333333334,Growth factor receptor inhibitor,NTRK1,0.4607,0.9782299180327869,0.5393,0.9970087475149105
dichlorobenzamil,-0.08680325746536255,-0.08680325746536255,-0.08680325746536255,-0.08680325746536255,0.0,1,1,1.0,,,0.5025,0.9918546762589927,0.4979,0.9970087475149105
anisomycin,-0.08558657765388489,-0.08558657765388489,-0.08558657765388489,-0.08558657765388489,0.0,1,1,1.0,,,0.506,0.9918546762589927,0.4941,0.9940358267716535
niacin,-0.08465370535850525,-0.04191601897279421,-0.15076792240142822,0.10446864366531372,0.09967250030867794,6,6,0.6666666666666666,Vitamin B,HCAR2,0.4308,0.9488741379310345,0.5692,0.9970087475149105
wortmannin,-0.08454108238220215,-0.020283894470104806,-0.17220062017440796,0.1630164384841919,0.11985353594098232,13,13,0.6153846153846154,PI3K inhibitor,PIK3CA,0.5132,0.9918546762589927,0.4874,0.9883388888888889
cortisone-acetate,-0.08450501412153244,-0.04830403306654522,-0.20659387111663818,0.1973646581172943,0.14987240853680103,7,7,0.7142857142857143,Glucocorticoid receptor agonist,NR3C1,0.5084,0.9918546762589927,0.4923,0.9940358267716535
benazepril,-0.0835857093334198,-0.012451972280229841,-0.18644100427627563,0.2124882936477661,0.15942751470966912,7,7,0.5714285714285714,Angiotensin converting enzyme inhibitor,ACE,0.5159,0.9918546762589927,0.4844,0.9883388888888889
yohimbine,-0.08339637517929077,-0.0142744489841991,-0.2077295184135437,0.166116863489151,0.14093658135018824,9,9,0.5555555555555556,Adrenergic receptor antagonist,ADRA2A,0.5142,0.9918546762589927,0.4865,0.9883388888888889
iloprost,-0.08274749666452408,-0.14782669891913733,-0.2799859642982483,-0.08074663579463959,0.09345428269200176,3,3,1.0,Prostanoid receptor agonist,PTGER1,0.5136,0.9918546762589927,0.4867,0.9883388888888889
cilastatin,-0.08259427547454834,-0.024894935744149343,-0.22420507669448853,0.1689559519290924,0.1445838427990016,7,7,0.5714285714285714,Dehydropeptidase inhibitor,DPEP1,0.5255,0.9918546762589927,0.475,0.9865596774193548
noscapine,-0.08255823329091072,-0.024251476551095646,-0.14369279146194458,0.2132633924484253,0.11980007376621246,12,12,0.6666666666666666,Tubulin inhibitor,SIGMAR1,0.5005,0.9918546762589927,0.4996,0.9970087475149105
CNQX,-0.08232388645410538,-0.029213838279247284,-0.1141664981842041,0.10692006349563599,0.09427480836978491,6,6,0.6666666666666666,Glutamate receptor antagonist,GRIA1,0.4394,0.9590911764705883,0.5606,0.9970087475149105
bimatoprost,-0.08217966556549072,-0.0029652416706085205,-0.12867724895477295,0.1672164648771286,0.12847733859370522,5,5,0.6,Prostanoid receptor agonist,PTGFR,0.5216,0.9918546762589927,0.4788,0.9865596774193548
ritonavir,-0.08217066526412964,-0.020123245460646495,-0.1320931613445282,0.21329045295715332,0.12849854988073145,7,7,0.7142857142857143,HIV protease inhibitor,CYP1A2,0.5309,0.9918546762589927,0.4694,0.9865596774193548
tamoxifen,-0.08178311586380005,-0.01838008199746792,-0.2072247415781021,0.20049214363098145,0.14465984999601458,13,13,0.5384615384615384,Estrogen receptor antagonist,ESR1,0.5463,0.9969975000000001,0.4545,0.9865596774193548
safinamide,-0.08175607398152351,-0.036098205794890724,-0.14226877689361572,0.11788882315158844,0.09904256929552811,6,6,0.6666666666666666,Glutamate inhibitor,MAOB,0.4415,0.9590911764705883,0.5585,0.9970087475149105
XMD-16144,-0.08098998665809631,-0.032660973072052,-0.18534141778945923,0.14871294796466827,0.14836731204024545,5,5,0.6,,,0.5264,0.9918546762589927,0.4743,0.9865596774193548
timolol,-0.07992196083068848,-0.04391989950090647,-0.19632813334465027,0.15414772927761078,0.12962721968756002,8,8,0.625,Adrenergic receptor antagonist,ADRB1,0.4806,0.9823464000000001,0.5194,0.9970087475149105
WZ-4-145,-0.07982730865478516,-0.05951386283744465,-0.2367870807647705,0.16269198060035706,0.1471935863014155,11,11,0.6363636363636364,,,0.5532,0.998,0.4471,0.9865596774193548
progesterone,-0.07877281308174133,-0.011583583222495185,-0.29597482085227966,0.2907383441925049,0.18515468483281278,9,9,0.5555555555555556,Progesterone receptor agonist,CYP17A1,0.5578,0.998,0.4431,0.9844526086956522
mestranol,-0.07877278327941895,-0.0451123806146475,-0.2678365707397461,0.18270061910152435,0.13278074119798183,13,13,0.6153846153846154,Estrogen receptor agonist,ESR1,0.5756,0.998,0.4252,0.9656764444444446
cefixime,-0.07759207487106323,-0.044956384433640376,-0.1645846962928772,0.132642924785614,0.10799925946984386,9,9,0.6666666666666666,,,0.5621,0.998,0.4385,0.9784868995633188
bortezomib,-0.07729470729827881,-0.038066773985823,-0.23444372415542603,0.10842526704072952,0.12582708755825742,12,12,0.5833333333333334,Proteasome inhibitor,PSMB1,0.5345,0.9918546762589927,0.4655,0.9865596774193548
vincristine,-0.07715046405792236,-0.009325089779767122,-0.16952376067638397,0.25793135166168213,0.1278939884856416,11,11,0.6363636363636364,Tubulin inhibitor,TUBB,0.572,0.998,0.4289,0.9697694690265487
piceatannol,-0.07650154829025269,-0.05119885962743025,-0.19677883386611938,0.15041640400886536,0.12708587241288855,13,13,0.6923076923076923,,,0.5886,0.998,0.4121,0.961090625
ampicillin,-0.0754740834236145,0.0007600883642832438,-0.10896605253219604,0.18672040104866028,0.13220276451710078,3,3,0.6666666666666666,,,0.5463,0.9969975000000001,0.4542,0.9865596774193548
spironolactone,-0.07431142032146454,-0.05742251021521432,-0.2140294909477234,0.13777129352092743,0.13014678461587365,7,7,0.7142857142857143,Mineralocorticoid receptor antagonist,NR3C2,0.5818,0.998,0.4185,0.961090625
granisetron,-0.07129659131169319,-0.01720113307237625,-0.12153905630111694,0.17013664543628693,0.10278468985036629,6,6,0.6666666666666666,Serotonin receptor antagonist,HTR3A,0.4671,0.9782299180327869,0.5329,0.9970087475149105
cinnarizine,-0.07057106494903564,-0.0016974409421284993,-0.09155315160751343,0.15703189373016357,0.11256498346663983,3,3,0.6666666666666666,Calcium channel blocker,HRH1,0.5659,0.998,0.4349,0.9751583333333332
cefdinir,-0.06966976821422577,-0.03252036571502685,-0.2314784824848175,0.16780230402946472,0.16252411724398097,5,5,0.6,,,0.582,0.998,0.4191,0.961090625
puromycin,-0.06945347785949707,-0.019463789733973415,-0.22183465957641602,0.18572893738746643,0.14046104423994277,11,11,0.5454545454545454,,,0.6213,0.998,0.3793,0.9484357487922705
metergoline,-0.06891268491744995,-0.011871286800929479,-0.1594924032688141,0.18322336673736572,0.1159570652149696,7,7,0.5714285714285714,Dopamine receptor agonist,HTR1A,0.6096,0.998,0.391,0.9509877934272299
lasalocid,-0.06444229185581207,0.011037805014186435,-0.12801027297973633,0.20465606451034546,0.1303649345419077,9,9,0.5555555555555556,,,0.6399,0.998,0.3607,0.9452189743589744
nitrendipine,-0.06338781118392944,0.001192267451967512,-0.2738661766052246,0.2654570937156677,0.18370853483783522,7,7,0.5714285714285714,Calcium channel blocker,CACNA1C,0.629,0.998,0.3717,0.9484357487922705
medetomidine,-0.06283801794052124,-0.03636528551578522,-0.17458000779151917,0.10711836814880371,0.11881066823733476,5,5,0.6,Adrenergic receptor agonist,ADRA2A,0.6073,0.998,0.3937,0.9509877934272299
finasteride,-0.0627298355102539,-0.056995162909681145,-0.33492863178253174,0.2873404920101166,0.17944809491743885,11,11,0.6363636363636364,5 alpha reductase inhibitor,SRD5A1,0.6541,0.998,0.347,0.9388632124352332
rutin,-0.059737563133239746,-0.009562005217258748,-0.2015286087989807,0.23397503793239594,0.16516372023108233,13,13,0.6153846153846154,Antioxidant,AKR1C3,0.6788,0.998,0.3219,0.9138383333333334
YM-155,-0.05486154556274414,0.020362161927753024,-0.10432440042495728,0.17998772859573364,0.11882288699070982,9,9,0.5555555555555556,Survivin inhibitor,BIRC5,0.6554,0.998,0.3452,0.9388632124352332
nitrofural,-0.053509607911109924,-0.053509607911109924,-0.24259138107299805,0.1355721652507782,0.18908177316188812,2,2,0.5,,,0.3647,0.9366,0.6353,0.9970087475149105
docetaxel,-0.05002163350582123,-0.014469576733452933,-0.13615795969963074,0.12153904139995575,0.11062304728326873,7,7,0.5714285714285714,Tubulin inhibitor,TUBB,0.6417,0.998,0.3588,0.9450865979381443
thiostrepton,-0.04798471927642822,-0.04798471927642822,-0.18350279331207275,0.08753335475921631,0.13551807403564453,2,2,0.5,FOXM1 inhibitor,FOXM1,0.3784,0.9366,0.6216,0.9970087475149105
ethambutol,-0.041062816977500916,-0.041062816977500916,-0.20014962553977966,0.11802399158477783,0.15908680856227875,2,2,0.5,,,0.3976,0.9366,0.6024,0.9970087475149105
dantrolene,-0.040017299354076385,-0.040017299354076385,-0.1793297976255417,0.09929519891738892,0.1393124982714653,2,2,0.5,Calcium channel blocker,RYR1,0.4011,0.9366,0.5989,0.9970087475149105
beclometasone,-0.028079703450202942,-0.028079703450202942,-0.19323670864105225,0.13707730174064636,0.1651570051908493,2,2,0.5,Glucocorticoid receptor agonist,NR3C1,0.4444,0.9590911764705883,0.5556,0.9970087475149105
cortisone,-0.027989588677883148,-0.027989588677883148,-0.1419893354177475,0.0860101580619812,0.11399974673986435,2,2,0.5,,,0.4449,0.9590911764705883,0.5551,0.9970087475149105
calcifediol,-0.027583986520767212,-0.027583986520767212,-0.22471877932548523,0.1695508062839508,0.19713479280471802,2,2,0.5,Vitamin D receptor agonist,VDR,0.4467,0.9590911764705883,0.5533,0.9970087475149105
epitiostanol,-0.025227129459381104,-0.025227129459381104,-0.126487135887146,0.07603287696838379,0.10126000642776489,2,2,0.5,Androgen receptor agonist,AR,0.4566,0.9762451882845188,0.5434,0.9970087475149105
fluvoxamine,-0.024384424090385437,-0.005657851696014404,-0.15397650003433228,0.15917694568634033,0.1277381716038178,8,8,0.5,Selective serotonin reuptake inhibitor,SLC6A4,0.5384,0.9918546762589927,0.4616,0.9865596774193548
piperacillin,-0.023226279765367508,-0.023226279765367508,-0.13545501232147217,0.08900245279073715,0.11222873255610466,2,2,0.5,,,0.4635,0.9782299180327869,0.5365,0.9970087475149105
CGS-21680,-0.02276211977005005,-0.02276211977005005,-0.1528949737548828,0.10737073421478271,0.13013285398483276,2,2,0.5,Adenosine receptor agonist,ADORA1,0.4662,0.9782299180327869,0.5338,0.9970087475149105
WHI-P154,-0.02017536759376526,-0.02017536759376526,-0.10578447580337524,0.06543374061584473,0.08560910820960999,2,2,0.5,JAK inhibitor,EGFR,0.4778,0.9815714859437752,0.5222,0.9970087475149105
reserpine,-0.020008668303489685,-0.020008668303489685,-0.256200909614563,0.21618357300758362,0.2361922413110733,2,2,0.5,Vesicular monoamine transporter inhibitor,SLC18A1,0.4783,0.9815714859437752,0.5217,0.9970087475149105
AM-404,-0.019941046833992004,-0.027046228448549908,-0.2158951461315155,0.1268296241760254,0.13395839941629126,6,6,0.5,FAAH inhibitor,TRPV1,0.5224,0.9918546762589927,0.4776,0.9865596774193548
CGP-12177,-0.019558005034923553,-0.037794120609760284,-0.19830197095870972,0.11418449878692627,0.13286728866760283,6,6,0.5,Adrenergic receptor agonist,ADRB1,0.524,0.9918546762589927,0.476,0.9865596774193548
megestrol,-0.018517032265663147,-0.018517032265663147,-0.11343646049499512,0.07640239596366882,0.09491942822933197,2,2,0.5,,,0.4858,0.9836245059288538,0.5142,0.9970087475149105
ICI-162846,-0.016367435455322266,-0.0050922731558481855,-0.17825722694396973,0.18111437559127808,0.15407074693179723,6,6,0.5,Histamine receptor antagonist,HRH2,0.5361,0.9918546762589927,0.4639,0.9865596774193548
carbidopa,-0.016151100397109985,-0.016151100397109985,-0.10489219427108765,0.07258999347686768,0.08874109387397766,2,2,0.5,Aromatic L-amino acid decarboxylase inhibitor,DDC,0.4966,0.9918546762589927,0.5034,0.9970087475149105
hydralazine,-0.016065508127212524,-0.016065508127212524,-0.1319219172000885,0.09979090094566345,0.11585640907287598,2,2,0.5,,,0.4972,0.9918546762589927,0.5028,0.9970087475149105
oxiconazole,-0.014641478657722473,0.006232425570487976,-0.10910123586654663,0.16331389546394348,0.11188893277132292,4,4,0.5,,,0.5254,0.9918546762589927,0.4746,0.9865596774193548
GBR-13069,-0.014438658952713013,-0.019817117601633072,-0.17595897614955902,0.12556782364845276,0.12095356785466534,4,4,0.5,Dopamine uptake inhibitor,SLC6A3,0.5262,0.9918546762589927,0.4738,0.9865596774193548
BI-2536,-0.012672141194343567,-0.01625927786032359,-0.20763033628463745,0.165044367313385,0.13328698944849876,12,12,0.5,PLK inhibitor,PLK1,0.6158,0.998,0.3842,0.9484357487922705
sorafenib,-0.012622594833374023,0.005225483742025163,-0.23902231454849243,0.2884400486946106,0.16763703387154796,18,18,0.5,KIT inhibitor,FGFR1,0.6504,0.998,0.3496,0.9388632124352332
mevastatin,-0.012433290481567383,-0.006198622286319733,-0.21146082878112793,0.21153292059898376,0.16009782944884232,4,4,0.5,HMGCR inhibitor,HMGCR,0.5358,0.9918546762589927,0.4642,0.9865596774193548
cyanocobalamin,-0.011563576757907867,-0.011563576757907867,-0.14892025291919708,0.12579309940338135,0.13735667616128922,2,2,0.5,Vitamin B,MMUT,0.5218,0.9918546762589927,0.4782,0.9865596774193548
prednisone,-0.011536531150341034,-0.00847664475440979,-0.1358785778284073,0.1250450611114502,0.10619756235391697,4,4,0.5,Glucocorticoid receptor agonist,NR3C1,0.5396,0.9918546762589927,0.4604,0.9865596774193548
vecuronium,-0.011180516332387924,-0.010840268805623055,-0.2040521800518036,0.16880273818969727,0.1434965264118875,8,8,0.5,Acetylcholine receptor antagonist,CHRNA2,0.5852,0.998,0.4148,0.961090625
zonisamide,-0.010274700820446014,-0.010274700820446014,-0.12034033238887787,0.09979093074798584,0.11006563156843185,2,2,0.5,Sodium channel blocker,SCN11A,0.5289,0.9918546762589927,0.4711,0.9865596774193548
molsidomine,-0.008409030735492706,-0.02112025022506714,-0.20553934574127197,0.12212488055229187,0.1370338718715674,6,6,0.5,Guanylyl cyclase activator,GUCY1A1,0.5787,0.998,0.4213,0.961090625
cabergoline,-0.007534783333539963,-0.007264400273561478,-0.2623746991157532,0.1904517114162445,0.14389179850084835,10,10,0.5,Dopamine receptor agonist,ADRA1A,0.6167,0.998,0.3833,0.9484357487922705
THZ-2-98-01,-0.006426200270652771,-0.011791898558537165,-0.18911784887313843,0.14437773823738098,0.12637127096789208,6,6,0.5,,,0.5908,0.998,0.4092,0.961090625
lapatinib,-0.005493372678756714,0.008923521886269251,-0.19484102725982666,0.192569762468338,0.15622543524994847,12,12,0.5,EGFR inhibitor,EGFR,0.6494,0.998,0.3507,0.9388632124352332
sildenafil,-0.004948072135448456,-0.018992001563310622,-0.30149978399276733,0.1947057992219925,0.15471064508350915,10,10,0.5,Phosphodiesterase inhibitor,PDE5A,0.6335,0.998,0.3665,0.9458661616161615
dihydrexidine,-0.00491652637720108,-0.0009688921272754669,-0.16188982129096985,0.1766079068183899,0.13775059910329318,8,8,0.5,Dopamine receptor agonist,DRD1,0.6219,0.998,0.3781,0.9484357487922705
rivaroxaban,-0.004821866750717163,0.01069381833076477,-0.10900211334228516,0.1399073600769043,0.10936706271549182,6,6,0.5,Coagulation factor inhibitor,F10,0.6008,0.998,0.3992,0.9532299065420561
prednisolone,-0.004362255334854126,-0.004362255334854126,-0.13450860977172852,0.12578409910202026,0.1301463544368744,2,2,0.5,,,0.5649,0.998,0.4351,0.9751583333333332
digoxin,-0.0033257752656936646,0.012998114029566446,-0.11386904120445251,0.19902300834655762,0.11919768750645196,12,12,0.5,ATPase inhibitor,ATP1A1,0.662,0.998,0.338,0.9388632124352332
argatroban,-0.001991838216781616,-0.012247040867805481,-0.15088504552841187,0.1299661099910736,0.11625015671240917,6,6,0.5,Thrombin inhibitor,F2,0.6202,0.998,0.3798,0.9484357487922705
OBAA,-0.0019783228635787964,0.009438769891858101,-0.1858641505241394,0.21361489593982697,0.1415848917587267,12,12,0.5,Phospholipase inhibitor,PLA2G1B,0.6702,0.998,0.3298,0.925976923076923
clindamycin,-0.0016493499279022217,-0.0016493499279022217,-0.10958793759346008,0.10628923773765564,0.10793858766555786,2,2,0.5,,,0.5796,0.998,0.4204,0.961090625
digitoxigenin,-0.0009779036045074463,-0.0009779036045074463,-0.12047553062438965,0.11851972341537476,0.1194976270198822,2,2,0.5,,,0.5833,0.998,0.4168,0.961090625
lestaurtinib,-0.0005137324333190918,0.006618474920590718,-0.1574554741382599,0.1740121841430664,0.15220153076491938,6,6,0.5,JAK inhibitor,FLT3,0.6307,0.998,0.3693,0.9483030150753768
quinine,-6.310641765594482e-05,-0.00856227179368337,-0.2346239686012268,0.22449344396591187,0.18197106320439269,6,6,0.5,Hemozoin biocrystallization inhibitor,KCNN4,0.634,0.998,0.366,0.9458661616161615
tribenoside,0.0005633234977722168,0.0005633234977722168,-0.08408141136169434,0.08520805835723877,0.08464473485946655,2,2,0.5,,,0.5923,0.998,0.4077,0.961090625
demeclocycline,0.0005948394536972046,0.0005948394536972046,-0.09368017315864563,0.09486985206604004,0.09427501261234283,2,2,0.5,,,0.5923,0.998,0.4077,0.961090625
picrotoxin,0.0017079710960388184,0.014524315794308981,-0.1430528163909912,0.2154354751110077,0.15270208429494905,6,6,0.5,GABA receptor antagonist,GABRA1,0.6454,0.998,0.3546,0.9388632124352332
nicergoline,0.0038214921951293945,0.0038214921951293945,-0.08714574575424194,0.09478873014450073,0.09096723794937134,2,2,0.5,Adrenergic receptor antagonist,ADRA1A,0.6099,0.998,0.3901,0.9509877934272299
streptozotocin,0.003947630524635315,0.003947630524635315,-0.14408034086227417,0.1519756019115448,0.14802797138690948,2,2,0.5,,,0.6101,0.998,0.3899,0.9509877934272299
tetracycline,0.005624048411846161,0.005624048411846161,-0.09107542037963867,0.102323517203331,0.09669946879148483,2,2,0.5,,,0.6186,0.998,0.3814,0.9484357487922705
toremifene,0.006097227334976196,-0.007472822442650795,-0.195634126663208,0.19749081134796143,0.13693816746312532,8,8,0.5,Estrogen receptor antagonist,ESR1,0.6898,0.998,0.3102,0.8955491525423728
doxycycline,0.006588444113731384,0.00836999217669169,-0.10306257009506226,0.1182403564453125,0.09892959170913844,6,6,0.5,Metalloproteinase inhibitor,MMP8,0.6805,0.998,0.3195,0.9138383333333334
SB-205607,0.006732642650604248,-0.00203578919172287,-0.27358677983283997,0.18113237619400024,0.16167869553536535,8,8,0.5,Delta 1 opioid receptor agonist,OPRD1,0.6935,0.998,0.3065,0.8898948863636363
cyproterone,0.01035580039024353,0.01035580039024353,-0.12791121006011963,0.1486228108406067,0.13826701045036316,2,2,0.5,Androgen receptor antagonist,AR,0.6467,0.998,0.3533,0.9388632124352332
diflorasone,0.011212065815925598,0.011212065815925598,-0.08500972390174866,0.10743385553359985,0.09622178971767426,2,2,0.5,Glucocorticoid receptor agonist,NR3C1,0.6519,0.998,0.3481,0.9388632124352332
digoxigenin,0.011509478092193604,0.011509478092193604,-0.13545501232147217,0.15847396850585938,0.14696449041366577,2,2,0.5,,,0.6536,0.998,0.3464,0.9388632124352332
mibefradil,0.01186099648475647,0.006748415529727936,-0.1507408618927002,0.1388077735900879,0.11811619301044625,8,8,0.5,T-type calcium channel blocker,CACNA1C,0.7226,0.998,0.2774,0.8422482352941176
dienestrol,0.013023648411035538,0.013023648411035538,-0.0748792290687561,0.10092652589082718,0.08790287747979164,2,2,0.5,Estrogen receptor agonist,ESR1,0.6591,0.998,0.3409,0.9388632124352332
bucladesine,0.014001533389091492,-0.00906248539686203,-0.23625531792640686,0.1533365696668625,0.1411202219615891,10,10,0.5,CAMP stimulant,PRKACA,0.7443,0.998,0.2557,0.8217779874213836
isoxsuprine,0.016592755913734436,0.02980230003595352,-0.10947978496551514,0.21812134981155396,0.12558931099633114,8,8,0.5,Adrenergic receptor agonist,ADRB2,0.7413,0.998,0.2587,0.8223608695652175
austricine,0.016863152384757996,0.012967310845851898,-0.11185020208358765,0.12999314069747925,0.11397894120995546,4,4,0.5,,,0.7134,0.998,0.2866,0.8564479532163743
entacapone,0.01736786961555481,0.01736786961555481,-0.10477504134178162,0.13951078057289124,0.12214291095733643,2,2,0.5,Catechol O methyltransferase inhibitor,COMT,0.6781,0.998,0.3219,0.9138383333333334
cisapride,0.019138909876346588,0.010973205789923668,-0.2697923481464386,0.20975735783576965,0.1687186985278947,8,8,0.5,Serotonin receptor agonist,HTR4,0.7488,0.998,0.2512,0.8217779874213836
NNC-63-0532,0.022595345973968506,0.022595345973968506,-0.13755497336387634,0.18274566531181335,0.16015031933784485,2,2,0.5,Opioid receptor agonist,OPRL1,0.6994,0.998,0.3007,0.8830902298850575
serotonin,0.022973887622356415,0.022973887622356415,-0.0665513128042221,0.11249908804893494,0.08952520042657852,2,2,0.5,Growth factor receptor activator,HTR1A,0.7007,0.998,0.2993,0.8830902298850575
flucloxacillin,0.027930989861488342,0.027930989861488342,-0.08145865797996521,0.1373206377029419,0.10938964784145355,2,2,0.5,,,0.7198,0.998,0.2802,0.8422482352941176
pivmecillinam,0.030756548047065735,0.030756548047065735,-0.13067811727523804,0.1921912133693695,0.16143466532230377,2,2,0.5,,,0.7284,0.998,0.2716,0.8322874251497007
limonin,0.03131084144115448,0.03131084144115448,-0.049300581216812134,0.1119222640991211,0.08061142265796661,2,2,0.5,,,0.7309,0.998,0.2691,0.8322874251497007
roxithromycin,0.033149488270282745,0.033149488270282745,-0.08680330216884613,0.15310227870941162,0.11995279043912888,2,2,0.5,,,0.7363,0.998,0.2637,0.8266914110429447
taxifolin,0.03600205481052399,0.014022578795750936,-0.175409197807312,0.2093067467212677,0.1574774984530298,6,6,0.5,Opioid receptor antagonist,ADIPOR2,0.7708,0.998,0.2292,0.7654980392156862
naloxone,0.046317338943481445,-0.016578010537407616,-0.2202664613723755,0.1396549940109253,0.13693740196187876,11,11,0.45454545454545453,Opioid receptor antagonist,OPRD1,0.6732,0.998,0.3274,0.9243171270718232
sulpiride,0.04867872595787048,-0.0032103896141052247,-0.1672615110874176,0.13924038410186768,0.12997306921526333,5,5,0.4,Dopamine receptor antagonist,DRD2,0.6221,0.998,0.3784,0.9484357487922705
rifabutin,0.04997652769088745,0.0010957089918000357,-0.17275038361549377,0.15839284658432007,0.12345753269420232,7,7,0.42857142857142855,,,0.6459,0.998,0.3546,0.9388632124352332
SB-366791,0.052270352840423584,0.052270352840423584,-0.15485072135925293,0.2593914270401001,0.2071210741996765,2,2,0.5,TRPV antagonist,TRPV1,0.7787,0.998,0.2213,0.7506993421052632
calcipotriol,0.05749332904815674,0.02299193541208903,-0.11572569608688354,0.1272081732749939,0.1021338201997967,3,3,0.3333333333333333,Vitamin D receptor agonist,VDR,0.6038,0.998,0.3964,0.9509877934272299
metoprolol,0.06401416659355164,0.06401416659355164,-0.11480638384819031,0.24283471703529358,0.17882055044174194,2,2,0.5,Adrenergic receptor antagonist,ADRB1,0.7938,0.998,0.2062,0.7167904761904762
AG-490,0.06428906321525574,0.04022309246162573,-0.21303802728652954,0.2834649085998535,0.16165050950983076,12,12,0.4166666666666667,JAK inhibitor,JAK2,0.7786,0.998,0.2214,0.7506993421052632
rimcazole,0.0673174262046814,0.015548259847693972,-0.2150840163230896,0.191812664270401,0.13449137955869456,9,9,0.4444444444444444,Sigma receptor antagonist,SIGMAR1,0.696,0.998,0.3045,0.88914
U-0126,0.07073327898979187,-0.0125750876390017,-0.24388021230697632,0.1758418083190918,0.14892871878214514,13,13,0.46153846153846156,MEK inhibitor,MAP2K1,0.7397,0.998,0.261,0.8232777777777779
formestane,0.07387879490852356,-0.00240194300810496,-0.30116626620292664,0.2836451530456543,0.21244700043035633,6,6,0.3333333333333333,Aromatase inhibitor,CYP19A1,0.7872,0.998,0.2128,0.7347351351351351
thiothixene,0.07407709956169128,0.03181957370705075,-0.19502127170562744,0.24554762244224548,0.15647936064421683,9,9,0.4444444444444444,Dopamine receptor antagonist,HTR2A,0.7217,0.998,0.2789,0.8422482352941176
genistein,0.07478910684585571,0.00417215038429607,-0.22760295867919922,0.2434115707874298,0.1534321739656841,11,11,0.45454545454545453,Tyrosine kinase inhibitor,CFTR,0.7416,0.998,0.2591,0.8223608695652175
androstanol,0.07592472434043884,0.07592472434043884,0.07592472434043884,0.07592472434043884,0.0,1,1,0.0,,,0.604,0.998,0.3964,0.9509877934272299
tacrolimus,0.07690711319446564,0.015318725790296282,-0.1915873885154724,0.20686423778533936,0.1406123827144394,14,14,0.42857142857142855,Calcineurin inhibitor,FKBP1A,0.8145,0.998,0.1855,0.673722695035461
daunorubicin,0.07860153913497925,0.0317517679471236,-0.2315235733985901,0.19241654872894287,0.13429665917409703,13,13,0.3076923076923077,RNA synthesis inhibitor,TOP2A,0.7773,0.998,0.2233,0.7506993421052632
topotecan,0.07924148440361023,-0.0022181818882624307,-0.1887482851743698,0.18911784887313843,0.13985731377684,9,9,0.4444444444444444,Topoisomerase inhibitor,TOP1,0.7447,0.998,0.2557,0.8217779874213836
zidovudine,0.07943525910377502,0.03484088679154714,-0.16400790214538574,0.15505802631378174,0.11435912682853913,6,6,0.3333333333333333,,,0.7961,0.998,0.2039,0.71365
NSC-632839,0.08018779754638672,0.028388643430338964,-0.12167423963546753,0.1258472055196762,0.09365324263399825,9,9,0.3333333333333333,Ubiquitin specific protease inhibitor,SENP2,0.7478,0.998,0.2526,0.8217779874213836
chlortetracycline,0.08047173917293549,0.08047173917293549,0.0712290108203888,0.08971446752548218,0.009242728352546692,2,2,0.0,,,0.8075,0.998,0.1925,0.6911006993006993
cytarabine,0.08232387900352478,0.03823613375425339,-0.13907817006111145,0.22828790545463562,0.12567743996926442,8,8,0.375,Ribonucleotide reductase inhibitor,POLA1,0.8049,0.998,0.1951,0.6923340277777777
aloisine,0.08389213681221008,0.042404224164783955,-0.17861777544021606,0.29818302392959595,0.12800482069830416,12,12,0.3333333333333333,CDK inhibitor,CDK2,0.8293,0.998,0.1708,0.6684029197080292
cyclosporin-a,0.08417604491114616,0.02772652404382825,-0.2112715244293213,0.223024383187294,0.14251549403953617,16,16,0.4375,Calcineurin inhibitor,PPIA,0.8602,0.998,0.1398,0.6526863636363637
etomidate,0.08493763208389282,0.05584654637745449,-0.13814982771873474,0.24666520953178406,0.12799769932116076,7,7,0.2857142857142857,GABA receptor modulator,GABRA1,0.7494,0.998,0.252,0.8217779874213836
clomifene,0.08505478501319885,0.06332467954892379,-0.1060909628868103,0.20194315910339355,0.09908175711829688,13,13,0.23076923076923078,Estrogen receptor antagonist,ESR1,0.817,0.998,0.1838,0.673722695035461
calpeptin,0.0850728303194046,0.0025479614734649656,-0.2581927180290222,0.1464056670665741,0.13803827239306496,10,10,0.4,,,0.8265,0.998,0.1735,0.6684029197080292
maprotiline,0.08578935265541077,0.005617298185825348,-0.1877298355102539,0.1271630823612213,0.12567561011776168,8,8,0.375,Tricyclic antidepressant,SLC6A2,0.8141,0.998,0.1859,0.673722695035461
NVP-AEW541,0.08705568313598633,0.034909569791385105,-0.186756432056427,0.1354910433292389,0.11246497839296729,7,7,0.2857142857142857,IGF-1 inhibitor,IGF1R,0.7602,0.998,0.2407,0.7986863636363636
cyclopamine,0.08718183636665344,0.020063545216213573,-0.23010849952697754,0.21195650100708008,0.1552199056003548,11,11,0.36363636363636365,Smoothened receptor antagonist,SMO,0.8069,0.998,0.1934,0.6911006993006993
flunisolide,0.08744772523641586,0.027771764745314915,-0.28995418548583984,0.28047260642051697,0.17320574104311903,12,12,0.3333333333333333,Cytochrome P450 inhibitor,NR3C1,0.846,0.998,0.154,0.6684029197080292
benzatropine,0.08814626932144165,0.08814626932144165,0.08814626932144165,0.08814626932144165,0.0,1,1,0.0,Acetylcholine receptor antagonist,CHRM1,0.6376,0.998,0.3626,0.94535
ouabain,0.09097176790237427,0.05721908435225487,-0.12262958288192749,0.18075384199619293,0.10363987867000721,14,14,0.2857142857142857,ATPase inhibitor,ATP1A1,0.8808,0.998,0.1192,0.620354
saracatinib,0.09114300459623337,0.03466042344059263,-0.13790643215179443,0.18252035975456238,0.1289403202565583,14,14,0.42857142857142855,Src inhibitor,ABL1,0.8818,0.998,0.1182,0.620354
cefotetan,0.09144492447376251,0.09144492447376251,0.08428865671157837,0.09860119223594666,0.007156267762184143,2,2,0.0,,,0.8208,0.998,0.1792,0.6684029197080292
guanethidine,0.09144946932792664,0.09144946932792664,0.06678563356399536,0.11611330509185791,0.024663835763931274,2,2,0.0,,,0.8208,0.998,0.1792,0.6684029197080292
ethisterone,0.0914674885571003,0.0914674885571003,0.08838057518005371,0.09455440193414688,0.003086913377046585,2,2,0.0,,,0.8208,0.998,0.1792,0.6684029197080292
anandamide,0.09183245897293091,0.0010108305857731746,-0.19972601532936096,0.15611255168914795,0.13148177709026446,13,13,0.46153846153846156,Cannabinoid receptor agonist,CNR1,0.86,0.998,0.1405,0.6526863636363637
SU-4312,0.09213894605636597,0.035605081103064797,-0.18581007421016693,0.2254849076271057,0.16342002405577163,11,11,0.45454545454545453,PDGFR inhibitor,KDR,0.8384,0.998,0.1618,0.6684029197080292
josamycin,0.09219752624630928,0.09219752624630928,0.0812964215874672,0.10309863090515137,0.010901104658842087,2,2,0.0,,,0.8214,0.998,0.1786,0.6684029197080292
catechin,0.09348183870315552,0.11374286562204361,0.08501875400543213,0.18298903107643127,0.04035015088239264,4,4,0.0,,,0.8224,0.998,0.1776,0.6684029197080292
etodolac,0.0936531126499176,0.03565423732454127,-0.19028949737548828,0.25473177433013916,0.16036119475363142,11,11,0.36363636363636365,Cyclooxygenase inhibitor,PTGS2,0.8452,0.998,0.1553,0.6684029197080292
SANT-1,0.09413984417915344,0.11949313431978226,0.08754235506057739,0.20215049386024475,0.047938462842913136,4,4,0.0,Smoothened receptor antagonist,SHH,0.8236,0.998,0.1764,0.6684029197080292
artesunate,0.09422090649604797,0.05091005137988499,-0.13230043649673462,0.1747422218322754,0.10523182143665945,7,7,0.2857142857142857,,,0.7992,0.998,0.2012,0.7090565517241378
meropenem,0.0953340232372284,0.0953340232372284,0.0918235182762146,0.09884452819824219,0.003510504961013794,2,2,0.0,,,0.8251,0.998,0.1749,0.6684029197080292
auranofin,0.09644711762666702,0.09644711762666702,0.06581224501132965,0.1270819902420044,0.030634872615337372,2,2,0.0,,,0.8274,0.998,0.1726,0.6684029197080292
galantamine,0.09660935401916504,0.008555829524993896,-0.2181033194065094,0.14043009281158447,0.134986769192626,7,7,0.42857142857142855,Acetylcholinesterase inhibitor,ACHE,0.8182,0.998,0.1824,0.673722695035461
QL-XI-92,0.09666341543197632,0.007393590278095669,-0.16774821281433105,0.20829728245735168,0.1420195931067843,9,9,0.4444444444444444,,,0.8461,0.998,0.1547,0.6684029197080292
CO-102862,0.09689325094223022,0.04975275198618571,-0.11935794353485107,0.1616194248199463,0.10604684825955292,6,6,0.3333333333333333,,,0.8503,0.998,0.1497,0.6684029197080292
pitavastatin,0.09698336571455002,0.047223115960756935,-0.16503530740737915,0.18402549624443054,0.13229227882358657,6,6,0.3333333333333333,HMGCR inhibitor,HMGCR,0.8507,0.998,0.1493,0.6684029197080292
tazobactam,0.0975196361541748,0.0975196361541748,0.09295910596847534,0.10208016633987427,0.004560530185699463,2,2,0.0,,,0.8296,0.998,0.1704,0.6684029197080292
fluocinonide,0.09771791100502014,0.09771791100502014,0.08355861902236938,0.1118772029876709,0.014159291982650757,2,2,0.0,,,0.8299,0.998,0.1701,0.6684029197080292
BW-B70C,0.09782606363296509,0.0842931978404522,-0.1268206238746643,0.20597195625305176,0.08934030851665051,8,8,0.125,Lipoxygenase inhibitor,ALOX5,0.8688,0.998,0.1312,0.6526863636363637
calcitriol,0.09788016229867935,0.027278601550138913,-0.19199296832084656,0.1425480842590332,0.1118474573408297,13,13,0.38461538461538464,Vitamin D receptor agonist,VDR,0.8936,0.998,0.1065,0.5947170212765958
idarubicin,0.09833082556724548,0.03598080788339887,-0.17032590508460999,0.18929806351661682,0.1352145232393973,7,7,0.42857142857142855,Topoisomerase inhibitor,TOP2A,0.8322,0.998,0.1687,0.6684029197080292
tobramycin,0.0983443409204483,0.0983443409204483,0.09825870394706726,0.09842997789382935,8.563697338104248e-05,2,2,0.0,,,0.8304,0.998,0.1696,0.6684029197080292
everolimus,0.09848403930664062,0.01564882000287374,-0.1937234103679657,0.15972673892974854,0.12788627404044287,15,15,0.4,MTOR inhibitor,MTOR,0.9178,0.998,0.0824,0.5938648648648648
nelfinavir,0.09938531368970871,0.09848917169230324,-0.15723919868469238,0.2619421184062958,0.12297467656944848,7,7,0.14285714285714285,HIV protease inhibitor,CYP1A2,0.8385,0.998,0.1621,0.6684029197080292
oligomycin-a,0.0996016263961792,0.059264860219425626,-0.1567705273628235,0.23668792843818665,0.12697709861348108,9,9,0.3333333333333333,ATPase inhibitor,ATP5F1A,0.8675,0.998,0.1329,0.6526863636363637
valsartan,0.09987201541662216,0.06524669378995895,-0.11808709800243378,0.20006853342056274,0.11107008238327144,8,8,0.25,Angiotensin receptor antagonist,AGTR1,0.8786,0.998,0.1214,0.620354
H-9,0.10035872086882591,0.05742873686055342,-0.1729126274585724,0.21070370078086853,0.11364215211033447,12,12,0.25,PKA inhibitor,PRKACA,0.915,0.998,0.085,0.5938648648648648
SDZ-NKT-343,0.10047587752342224,0.07023156682650249,-0.21179428696632385,0.19957277178764343,0.13344438012689094,6,6,0.16666666666666666,Tachykinin antagonist,TACR1,0.866,0.998,0.1341,0.6526863636363637
alfacalcidol,0.10080032050609589,0.10080032050609589,0.05716884136199951,0.14443179965019226,0.043631479144096375,2,2,0.0,Vitamin D receptor agonist,VDR,0.8352,0.998,0.1648,0.6684029197080292
rifampicin,0.10205763578414917,0.046671079471707344,-0.10674886405467987,0.14757728576660156,0.10783983039963016,8,8,0.375,RNA polymerase inhibitor,NR1I2,0.8893,0.998,0.1107,0.5954494736842105
mometasone,0.10219284892082214,0.10219284892082214,0.07456380128860474,0.12982189655303955,0.027629047632217407,2,2,0.0,Glucocorticoid receptor agonist,NR3C1,0.8376,0.998,0.1624,0.6684029197080292
calmidazolium,0.10228747129440308,0.05716986788643731,-0.21776986122131348,0.23876988887786865,0.14673531700983072,9,9,0.3333333333333333,Calmodulin antagonist,ATP2B1,0.88,0.998,0.1204,0.620354
GW-5074,0.10234606266021729,0.06594405695796013,-0.213939368724823,0.21319127082824707,0.13008833349938206,8,8,0.25,RAF inhibitor,RAF1,0.8907,0.998,0.1093,0.5947170212765958
PAC-1,0.10313468798995018,0.019333808682858944,-0.22624197602272034,0.1570318639278412,0.14371081528382593,8,8,0.375,Caspase activator,CASP3,0.894,0.998,0.106,0.5947170212765958
siguazodan,0.10315270721912384,0.08116009552031755,-0.07561828941106796,0.19645431637763977,0.09853952053288134,8,8,0.25,Phosphodiesterase inhibitor,PDE3A,0.8943,0.998,0.1058,0.5947170212765958
pterostilbene,0.10445958375930786,0.04063769429922104,-0.12009698152542114,0.15772587060928345,0.11419090141786602,6,6,0.3333333333333333,PPAR receptor agonist,PTGS2,0.8821,0.998,0.1179,0.620354
lovastatin,0.10460376739501953,0.08564162751038869,-0.13207513093948364,0.2606261968612671,0.12115140761895041,9,9,0.2222222222222222,HMGCR inhibitor,HMGCR,0.8917,0.998,0.1087,0.5947170212765958
targinine,0.10472095012664795,0.06411421298980713,-0.13181376457214355,0.1507769227027893,0.10038818410036188,5,5,0.2,,,0.831,0.998,0.1692,0.6684029197080292
salsolinol,0.10482009500265121,0.10482009500265121,0.10482009500265121,0.10482009500265121,0.0,1,1,0.0,,,0.702,0.998,0.2983,0.8830902298850575
ipratropium,0.10489219427108765,0.07614303628603618,-0.10875874757766724,0.22830593585968018,0.13573341791449847,9,9,0.3333333333333333,Acetylcholine receptor antagonist,CHRM1,0.895,0.998,0.1059,0.5947170212765958
antimycin-a,0.10540592670440674,0.04302460824449857,-0.16756796836853027,0.30544739961624146,0.16526008448165316,12,12,0.4166666666666667,ATP synthase inhibitor,CYCS,0.9374,0.998,0.0626,0.5436704918032786
simvastatin,0.10570338368415833,0.0754670649766922,-0.14775758981704712,0.23688621819019318,0.12418837444410778,9,9,0.2222222222222222,HMGCR inhibitor,HMGCR,0.8983,0.998,0.1017,0.5947170212765958
atorvastatin,0.10719501972198486,0.04356951266527176,-0.16179972887039185,0.204647034406662,0.1384339518263321,8,8,0.375,HMGCR inhibitor,DPP4,0.914,0.998,0.086,0.5938648648648648
A-443654,0.1072896420955658,0.07937830009243706,-0.19256079196929932,0.2514060437679291,0.11904867788400103,11,11,0.18181818181818182,,,0.9275,0.998,0.0726,0.5606188405797102
naltrindole,0.10737974941730499,0.0555630624294281,-0.15602242946624756,0.2261698842048645,0.14668707621850496,6,6,0.3333333333333333,Opioid receptor antagonist,OPRD1,0.8937,0.998,0.1063,0.5947170212765958
garcinol,0.10744735598564148,0.10744735598564148,0.07927751541137695,0.135617196559906,0.028169840574264526,2,2,0.0,,,0.8474,0.998,0.1526,0.6684029197080292
nizatidine,0.10746991634368896,0.0316560372710228,-0.19038861989974976,0.1456756591796875,0.12026806679334441,10,10,0.4,Histamine receptor antagonist,HRH2,0.9304,0.998,0.0696,0.5471630769230769
deforolimus,0.10781239345669746,0.06480129187305768,-0.11422055959701538,0.18829762935638428,0.11909539765347656,6,6,0.3333333333333333,MTOR inhibitor,MTOR,0.8954,0.998,0.1046,0.5947170212765958
mifepristone,0.10829006880521774,0.07488887544189181,-0.17658990621566772,0.22401580214500427,0.12248640658368123,14,14,0.21428571428571427,Progesterone receptor antagonist,NR3C1,0.9608,0.998,0.0392,0.5136205128205128
nemonapride,0.10975918173789978,0.041735388338565826,-0.20957714319229126,0.20184406638145447,0.1478936508099068,8,8,0.375,Dopamine receptor antagonist,DRD2,0.9243,0.998,0.0757,0.5606188405797102
labetalol,0.11055231094360352,0.03361170632498605,-0.23302870988845825,0.3223646581172943,0.21334177660689765,7,7,0.42857142857142855,Adrenergic receptor antagonist,ADRA1D,0.9013,0.998,0.099,0.5947170212765958
sulmazole,0.1106874942779541,0.06883158385753632,-0.11357158422470093,0.14698249101638794,0.09348616114956022,5,5,0.2,,,0.8603,0.998,0.1402,0.6526863636363637
olopatadine,0.11112916469573975,0.11112916469573975,0.09553682804107666,0.12672150135040283,0.015592336654663086,2,2,0.0,Histamine receptor antagonist,HRH1,0.8556,0.998,0.1444,0.6647603603603603
eplerenone,0.11141753196716309,0.009519433975219727,-0.19805863499641418,0.164034903049469,0.15036746804817033,5,5,0.4,Cytochrome P450 inhibitor,NR3C2,0.8639,0.998,0.1363,0.6526863636363637
pancuronium,0.11152571439743042,0.11152571439743042,0.11152571439743042,0.11152571439743042,0.0,1,1,0.0,,,0.728,0.998,0.272,0.8322874251497007
alfaxalone,0.11193129420280457,0.11193129420280457,0.11193129420280457,0.11193129420280457,0.0,1,1,0.0,GABA receptor agonist,GABBR1,0.7302,0.998,0.2699,0.8322874251497007
noretynodrel,0.11221067607402802,0.02916411649097096,-0.15166020393371582,0.23031581938266754,0.1440630081172557,11,11,0.45454545454545453,Progestogen hormone,PGR,0.9473,0.998,0.0533,0.5138924528301887
naltriben,0.11343643069267273,0.11343643069267273,0.10770422220230103,0.11916863918304443,0.005732208490371704,2,2,0.0,Opioid receptor antagonist,OPRD1,0.8621,0.998,0.1379,0.6526863636363637
ceramide,0.1134905219078064,0.012184161160673414,-0.16919028759002686,0.1287764012813568,0.12581556197022037,7,7,0.42857142857142855,,,0.9149,0.998,0.0855,0.5938648648648648
amlodipine,0.1136978268623352,0.070258195911135,-0.19989722967147827,0.15986192226409912,0.11490761131342293,7,7,0.14285714285714285,Calcium channel blocker,CACNA1C,0.9162,0.998,0.0842,0.5938648648648648
biperiden,0.11390513181686401,0.04397466205633604,-0.16644138097763062,0.18608948588371277,0.12645180832518424,13,13,0.3076923076923077,Acetylcholine receptor antagonist,CHRM1,0.9668,0.998,0.0333,0.4881394736842105
PIK-75,0.11484244465827942,0.11032599376307593,-0.14469319581985474,0.20838740468025208,0.10242922351511259,9,9,0.1111111111111111,PI3K inhibitor,PIK3CA,0.94,0.998,0.0605,0.5436704918032786
withaferin-a,0.11517593264579773,0.014695030947526297,-0.17220062017440796,0.1476854681968689,0.1277049309018644,9,9,0.4444444444444444,IKK inhibitor,NAMPT,0.9408,0.998,0.0596,0.5436704918032786
benzydamine,0.11580687761306763,0.04882291385105678,-0.16147521138191223,0.1694786548614502,0.1336044630142473,7,7,0.2857142857142857,,,0.9257,0.998,0.0747,0.5606188405797102
nalbuphine,0.11586087942123413,0.06392209018979754,-0.13908720016479492,0.17416536808013916,0.11117193887869921,7,7,0.2857142857142857,Opioid receptor agonist,OPRD1,0.9261,0.998,0.074,0.5606188405797102
sirolimus,0.11622142046689987,0.058784224770285866,-0.17017269134521484,0.21361488103866577,0.13108394440213217,22,22,0.36363636363636365,MTOR inhibitor,FKBP1A,0.9942,0.998,0.0058,0.39602499999999996
celastrol,0.11657294631004333,0.04336560765902201,-0.2562549412250519,0.21162304282188416,0.16919452868726545,6,6,0.3333333333333333,,,0.9305,0.998,0.0695,0.5471630769230769
potassium-canrenoate,0.11697400361299515,0.05574557433525721,-0.17047914862632751,0.20150157809257507,0.12293557753010267,12,12,0.3333333333333333,Mineralocorticoid receptor antagonist,NR3C2,0.9724,0.998,0.0276,0.4881394736842105
lacidipine,0.11748774349689484,0.08243053654829662,-0.1491185426712036,0.16881173849105835,0.10833800829934996,6,6,0.16666666666666666,Calcium channel blocker,CACNA1C,0.9337,0.998,0.0663,0.5464403225806451
rottlerin,0.11758237332105637,0.030927779419081553,-0.3278535008430481,0.2231144905090332,0.1567675465263738,14,14,0.42857142857142855,,,0.9809,0.998,0.0191,0.4376826086956521
fulvestrant,0.11766347289085388,0.10317173600196838,-0.16202503442764282,0.31267574429512024,0.13607001190719603,9,9,0.2222222222222222,Estrogen receptor antagonist,ESR1,0.9488,0.998,0.0515,0.5138924528301887
curcumin,0.11856479942798615,0.09451440442353487,-0.12697380781173706,0.19021737575531006,0.09538738410215121,16,16,0.1875,Lipoxygenase inhibitor,PTGS1,0.9894,0.998,0.0106,0.4161
AT-CSC-18,0.11953817307949066,0.03925458341836929,-0.237165629863739,0.25559699535369873,0.177786891818976,8,8,0.375,,,0.9557,0.998,0.0443,0.5138924528301887
triptolide,0.11976350843906403,0.1323764260326113,0.060368478298187256,0.24223089218139648,0.06049249931422243,7,7,0.0,,,0.9358,0.998,0.0644,0.5436704918032786
homatropine,0.11981755495071411,0.06444613635540009,-0.13907814025878906,0.19074012339115143,0.11899236352663999,7,7,0.2857142857142857,Acetylcholine receptor antagonist,CHRM1,0.9362,0.998,0.0642,0.5436704918032786
GSK-1059615,0.11991672217845917,0.051660263999587015,-0.18325942754745483,0.19416502118110657,0.13227746349189823,21,21,0.2857142857142857,,,0.9948,0.998,0.0053,0.39602499999999996
milnacipran,0.12052509188652039,0.03963575760523478,-0.1861705780029297,0.17746412754058838,0.1561929220407629,6,6,0.3333333333333333,Serotonin reuptake inhibitor,SLC6A2,0.9425,0.998,0.0575,0.5436704918032786
thapsigargin,0.12070983648300171,0.09709604415628645,-0.1542288064956665,0.17781564593315125,0.09163152590927133,9,9,0.1111111111111111,ATPase inhibitor,ATP2A1,0.9551,0.998,0.0451,0.5138924528301887
acarbose,0.12297210097312927,0.023558101870796898,-0.30438390374183655,0.18088901042938232,0.15894400743992726,11,11,0.36363636363636365,Glucosidase inhibitor,GAA,0.9737,0.998,0.0266,0.4881394736842105
rifaximin,0.12318390607833862,0.07996250440677007,-0.1706143021583557,0.17655378580093384,0.117074441833826,6,6,0.16666666666666666,RNA synthesis inhibitor,NR1I2,0.9513,0.998,0.0487,0.5138924528301887
AT-CSC-07,0.12401308119297028,0.10955975763499737,-0.12487383186817169,0.24058151245117188,0.10350447222502475,8,8,0.125,,,0.9672,0.998,0.0328,0.4881394736842105
sertraline,0.12412575632333755,0.0475626215338707,-0.14516186714172363,0.15476065874099731,0.12723471563852495,6,6,0.3333333333333333,Serotonin receptor antagonist,SLC6A4,0.9535,0.998,0.0465,0.5138924528301887
nutlin-3,0.12504957616329193,0.05085420422255993,-0.24726007878780365,0.203069806098938,0.15505024962376032,8,8,0.25,MDM inhibitor,MDM2,0.9704,0.998,0.0296,0.4881394736842105
cymarin,0.12539654970169067,0.12539654970169067,0.12539654970169067,0.12539654970169067,0.0,1,1,0.0,ATPase inhibitor,ATP1A1,0.778,0.998,0.2221,0.7506993421052632
equilin,0.12564441561698914,0.06214489638805389,-0.17334520816802979,0.23549824953079224,0.15059061436047239,10,10,0.4,Estrogen receptor agonist,HSD17B1,0.9803,0.998,0.0197,0.4376826086956521
OSI-027,0.12600944936275482,0.11481015260020892,-0.11526608467102051,0.22342093288898468,0.08395953260240843,12,12,0.08333333333333333,MTOR inhibitor,MTOR,0.9869,0.998,0.0131,0.4161
niguldipine,0.1260184347629547,0.13189788245492512,-0.08036807179450989,0.32894402742385864,0.09973701639839012,9,9,0.1111111111111111,Calcium channel blocker,ADRA1A,0.9681,0.998,0.032,0.4881394736842105
ezetimibe,0.12619870901107788,0.06728391562189374,-0.16703620553016663,0.1935521364212036,0.1311334272780415,7,7,0.2857142857142857,Cholesterol inhibitor,NPC1L1,0.9551,0.998,0.045,0.5138924528301887
temsirolimus,0.12641501426696777,0.13083006122282573,0.08399127423763275,0.1853504180908203,0.02834178986737179,7,7,0.0,MTOR inhibitor,MTOR,0.9558,0.998,0.0446,0.5138924528301887
saxagliptin,0.12673497200012207,0.12673497200012207,0.061188578605651855,0.19228136539459229,0.06554639339447021,2,2,0.0,Dipeptidyl peptidase inhibitor,DPP4,0.8926,0.998,0.1074,0.5947170212765958
mephentermine,0.12715410441160202,0.12715410441160202,0.08465826511383057,0.16964994370937347,0.042495839297771454,2,2,0.0,,,0.894,0.998,0.106,0.5947170212765958
terbutaline,0.12773992866277695,0.12773992866277695,0.10132309794425964,0.15415675938129425,0.026416830718517303,2,2,0.0,Adrenergic receptor agonist,ADRB2,0.8955,0.998,0.1045,0.5947170212765958
AMG-9810,0.1290963739156723,0.1290963739156723,0.09847500920295715,0.15971773862838745,0.03062136471271515,2,2,0.0,TRPV antagonist,TRPV1,0.8983,0.998,0.1017,0.5947170212765958
isradipine,0.12915495038032532,0.06842212272541863,-0.12041246891021729,0.17007353901863098,0.11471139984982384,7,7,0.2857142857142857,Calcium channel blocker,CACNA1C,0.9653,0.998,0.0347,0.4881394736842105
batimastat,0.12920451164245605,0.07251033683617909,-0.1322554051876068,0.22989219427108765,0.1392453902108084,6,6,0.3333333333333333,,,0.9637,0.998,0.0363,0.4881394736842105
amiodarone,0.1306510865688324,0.06801911337035042,-0.14599105715751648,0.20491743087768555,0.123683399206525,7,7,0.2857142857142857,Potassium channel blocker,KCNH2,0.9683,0.998,0.032,0.4881394736842105
levobunolol,0.1308673620223999,0.06470664342244466,-0.15526533126831055,0.21851789951324463,0.15960661309946023,3,3,0.3333333333333333,Adrenergic receptor antagonist,ADRB1,0.8992,0.998,0.1009,0.5947170212765958
orciprenaline,0.13111525774002075,0.13111525774002075,0.12619870901107788,0.13603180646896362,0.004916548728942871,2,2,0.0,Adrenergic receptor agonist,ADRB2,0.9026,0.998,0.0974,0.5947170212765958
levcromakalim,0.13334596157073975,0.10708955600857735,-0.056763287633657455,0.1753280758857727,0.08377680842954285,5,5,0.2,Potassium channel activator,KCNJ8,0.9476,0.998,0.0524,0.5138924528301887
fludarabine,0.13374702632427216,0.09674528365333875,-0.21795013546943665,0.21261441707611084,0.12028878069619517,12,12,0.16666666666666666,DNA synthesis inhibitor,RRM1,0.9938,0.998,0.0062,0.39602499999999996
dactinomycin,0.14043009281158447,0.15403256979253557,0.08711874485015869,0.26341119408607483,0.05340121001339832,9,9,0.0,RNA polymerase inhibitor,POLR2A,0.9895,0.998,0.0107,0.4161
vicriviroc,0.14135393500328064,0.06113003691037496,-0.17568862438201904,0.200600266456604,0.15240567896231969,6,6,0.3333333333333333,CCK receptor antagonist,CCR5,0.9835,0.998,0.0165,0.4161
desoxycortone,0.14154767990112305,0.14154767990112305,0.14154767990112305,0.14154767990112305,0.0,1,1,0.0,Mineralocorticoid receptor agonist,NR3C2,0.8408,0.998,0.1598,0.6684029197080292
GDC-0980,0.1421515941619873,0.14161799848079681,0.07783544063568115,0.18453925848007202,0.0399651278350652,5,5,0.0,MTOR inhibitor,MTOR,0.9664,0.998,0.0338,0.4881394736842105
cefuroxime,0.14216956496238708,0.08862091104189555,-0.0864337682723999,0.21012693643569946,0.12685334484294206,3,3,0.3333333333333333,,,0.9321,0.998,0.0681,0.5471630769230769
esculin,0.1425391137599945,0.0596077561378479,-0.14919066429138184,0.19337189197540283,0.14232373423140748,5,5,0.4,,,0.967,0.998,0.0333,0.4881394736842105
epirubicin,0.1439586505293846,0.1046398455897967,-0.07368052005767822,0.1677301824092865,0.08255765354328409,6,6,0.16666666666666666,Topoisomerase inhibitor,TOP2A,0.9872,0.998,0.0128,0.4161
cefazolin,0.14520244300365448,0.14520244300365448,0.1414395272731781,0.14896535873413086,0.0037629157304763794,2,2,0.0,,,0.9351,0.998,0.0649,0.5436704918032786
doxorubicin,0.14750522375106812,0.12146775424480438,-0.1213858425617218,0.2345879077911377,0.08927211880350779,11,11,0.09090909090909091,Topoisomerase inhibitor,TOP2A,0.998,0.998,0.002,0.39602499999999996
securinine,0.14918163418769836,0.14918163418769836,0.14918163418769836,0.14918163418769836,0.0,1,1,0.0,TP53 activator,GABRA1,0.8656,0.998,0.1347,0.6526863636363637
altrenogest,0.15013699233531952,0.058378090461095176,-0.2372106909751892,0.2161024510860443,0.16895075817650065,6,6,0.3333333333333333,Progestogen hormone,PGR,0.9915,0.998,0.0085,0.4161
sulindac,0.15052452683448792,0.0488048791885376,-0.16659456491470337,0.16248467564582825,0.1523886515457243,3,3,0.3333333333333333,Cyclooxygenase inhibitor,AKR1B1,0.9521,0.998,0.048,0.5138924528301887
dopamine,0.1523767188191414,0.1523767188191414,0.12310731410980225,0.18164612352848053,0.029269404709339142,2,2,0.0,Dopamine receptor agonist,DRD1,0.9481,0.998,0.0519,0.5138924528301887
cefotiam,0.15251189470291138,0.15251189470291138,0.11261627078056335,0.1924075186252594,0.03989562392234802,2,2,0.0,,,0.9482,0.998,0.0518,0.5138924528301887
CPCCOEt,0.15478765964508057,0.15478765964508057,0.15478765964508057,0.15478765964508057,0.0,1,1,0.0,Glutamate receptor antagonist,GRM1,0.8776,0.998,0.1227,0.6207891089108911
HA-14-1,0.1552247703075409,0.1552247703075409,0.0831260085105896,0.2273235321044922,0.0720987617969513,2,2,0.0,BCL inhibitor,BCL2,0.9527,0.998,0.0473,0.5138924528301887
ursolic-acid,0.1555086374282837,0.08613118316446032,-0.1330214887857437,0.22160032391548157,0.12891841617768374,7,7,0.2857142857142857,STAT inhibitor,HSD11B1,0.9956,0.998,0.0044,0.39602499999999996
PD-166793,0.1567705124616623,0.1567705124616623,0.10678493976593018,0.2067560851573944,0.04998557269573212,2,2,0.0,Collagenase inhibitor,MMP2,0.9552,0.998,0.0448,0.5138924528301887
staurosporine,0.15788811445236206,0.1683103982359171,0.11571669578552246,0.22156427800655365,0.04213628055648762,8,8,0.0,PKC inhibitor,CDK2,0.9977,0.998,0.0023,0.39602499999999996
amiprilose,0.16006922721862793,0.16006922721862793,0.16006922721862793,0.16006922721862793,0.0,1,1,0.0,,,0.8909,0.998,0.1094,0.5947170212765958
fluvastatin,0.16428275406360626,0.16428275406360626,0.1280103176832199,0.20055519044399261,0.03627243638038635,2,2,0.0,HMGCR inhibitor,HMGCR,0.9639,0.998,0.0361,0.4881394736842105
amikacin,0.1649046242237091,0.1649046242237091,0.11354458332061768,0.21626466512680054,0.05136004090309143,2,2,0.0,,,0.9645,0.998,0.0355,0.4881394736842105
silibinin,0.16719844937324524,0.16719844937324524,0.16719844937324524,0.16719844937324524,0.0,1,1,0.0,,,0.9027,0.998,0.0974,0.5947170212765958
digitoxin,0.16750487685203552,0.16750487685203552,0.16750487685203552,0.16750487685203552,0.0,1,1,0.0,ATPase inhibitor,ATP1A1,0.9039,0.998,0.0966,0.5947170212765958
aprepitant,0.16808170080184937,0.11754992604255676,-0.08187323808670044,0.17978043854236603,0.10020479675669684,5,5,0.2,Tachykinin antagonist,TACR1,0.9926,0.998,0.0074,0.4161
naftifine,0.17165079712867737,0.17165079712867737,0.17165079712867737,0.17165079712867737,0.0,1,1,0.0,,,0.9128,0.998,0.0875,0.5947170212765958
tubaic-acid,0.17171838879585266,0.08446445316076279,-0.1926238238811493,0.18704485893249512,0.1601360855521013,4,4,0.25,,,0.994,0.998,0.006,0.39602499999999996
amantadine,0.17901434004306793,0.17901434004306793,0.14341336488723755,0.21461531519889832,0.03560097515583038,2,2,0.0,,,0.9773,0.998,0.0227,0.48332083333333337
nisoldipine,0.18050146102905273,0.17254608869552612,0.09743854403495789,0.23969826102256775,0.058349080147405315,3,3,0.0,Calcium channel blocker,CACNA1C,0.9858,0.998,0.0144,0.4161
colchicine,0.18321433663368225,0.18321433663368225,0.18321433663368225,0.18321433663368225,0.0,1,1,0.0,Microtubule inhibitor,TUBB,0.9356,0.998,0.0646,0.5436704918032786
ivermectin,0.18548110872507095,0.18548110872507095,0.17632851004600525,0.19463370740413666,0.009152598679065704,2,2,0.0,,,0.9829,0.998,0.0171,0.4161
ZG-10,0.18644998967647552,0.18644998967647552,0.12931716442108154,0.2435828149318695,0.05713282525539398,2,2,0.0,,,0.9836,0.998,0.0164,0.4161
sparfloxacin,0.18885644525289536,0.18885644525289536,0.12865924835205078,0.24905364215373993,0.060197196900844574,2,2,0.0,,,0.9848,0.998,0.0152,0.4161
verteporfin,0.1891898810863495,0.1891898810863495,0.14058327674865723,0.23779648542404175,0.04860660433769226,2,2,0.0,,,0.9852,0.998,0.0148,0.4161
cefepime,0.19782428443431854,0.19782428443431854,0.1944895088672638,0.2011590600013733,0.0033347755670547485,2,2,0.0,,,0.9904,0.998,0.0096,0.4161
cytisine,0.20562946796417236,0.20562946796417236,0.20562946796417236,0.20562946796417236,0.0,1,1,0.0,Acetylcholine receptor agonist,CHRNA2,0.9643,0.998,0.036,0.4881394736842105
dinoprost,0.22277654707431793,0.22277654707431793,0.20606210827827454,0.23949098587036133,0.016714438796043396,2,2,0.0,Prostacyclin analog,PTGDR,0.997,0.998,0.003,0.39602499999999996
